nombre,codigo_chilemat,codigo_interno,codigo_barra,precio_compra,precio_venta,precio_mayoreo,unidad_compra,unidad_venta,factor_conversion,stock,categoria,subcategoria,ubicacion_pasillo,ubicacion_estante,ubicacion_nivel
"PERNO HEXAGONAL G2 UNC NG 1/4 X 1"" (100)",0010012C_016064,CHM-0010012C_016064,PEND-0010012C_016064,63.754,,,unidad,unidad,1.0,0,Ferreteria,Fijaciones,,,
"PERNO HEXAGONAL G2 UNC NG 1/4 X 5""",0010012C_016319,CHM-0010012C_016319,PEND-0010012C_016319,285.136,,,unidad,unidad,1.0,0,Ferreteria,Fijaciones,,,
"PERNO HEXAGONAL G2 UNC NG 5/16 X 1"" (100)",0010012C_020064,CHM-0010012C_020064,PEND-0010012C_020064,93.2716,,,unidad,unidad,1.0,0,Ferreteria,Fijaciones,,,
"PERNO HEXAGONAL G2 UNC NG 5/16 X 1.1/2""",0010012C_020096,CHM-0010012C_020096,PEND-0010012C_020096,153.51160000000002,,,unidad,unidad,1.0,0,Ferreteria,Fijaciones,,,
"PERNO HEXAGONAL G2 UNC NG 5/16 X 6""",0010012C_020383,CHM-0010012C_020383,PEND-0010012C_020383,485.3336,,,unidad,unidad,1.0,0,Ferreteria,Fijaciones,,,
"PERNO HEXAGONAL G2 UNC NG 3/8 X 1""",0010012C_024064,CHM-0010012C_024064,PEND-0010012C_024064,159.636,,,unidad,unidad,1.0,0,Ferreteria,Fijaciones,,,
"PERNO HEXAGONAL G2 UNC NG 3/8 X 1.1/2"" (100)",0010012C_024096,CHM-0010012C_024096,PEND-0010012C_024096,171.182,,,unidad,unidad,1.0,0,Ferreteria,Fijaciones,,,
"PERNO HEXAGONAL G2 UNC NG 3/8 X 2.1/2""",0010012C_024160,CHM-0010012C_024160,PEND-0010012C_024160,264.4536,,,unidad,unidad,1.0,0,Ferreteria,Fijaciones,,,
"PERNO HEXAGONAL G2 UNC NG 3/8 X 3"" (100)",0010012C_024192,CHM-0010012C_024192,PEND-0010012C_024192,388.3472,,,unidad,unidad,1.0,0,Ferreteria,Fijaciones,,,
"PERNO HEXAGONAL G2 UNC NG 1/2 X 1""",0010012C_032063,CHM-0010012C_032063,PEND-0010012C_032063,242.3656,,,unidad,unidad,1.0,0,Ferreteria,Fijaciones,,,
"PERNO HEXAGONAL G2 UNC NG 1/2 X 1.1/2""",0010012C_032096,CHM-0010012C_032096,PEND-0010012C_032096,334.5328,,,unidad,unidad,1.0,0,Ferreteria,Fijaciones,,,
"PERNO HEXAGONAL G2 UNC NG 1/2 X 5"" (25)",0010012C_032320,CHM-0010012C_032320,PEND-0010012C_032320,906.3108,,,unidad,unidad,1.0,0,Ferreteria,Fijaciones,,,
"PERNO COCHE UNC NG PAVONADO 1/4 X 1.1/2""",001003_C_016096,CHM-001003_C_016096,PEND-001003_C_016096,78.7136,,,unidad,unidad,1.0,0,Ferreteria,Fijaciones,,,
"PERNO COCHE UNC NG PAVONADO 5/16 X 3""",001003_C_020192,CHM-001003_C_020192,PEND-001003_C_020192,154.7164,,,unidad,unidad,1.0,0,Ferreteria,Fijaciones,,,
"PERNO COCINA CAB REDONDA ZN 1/4 X 1""",001004_CZ016064,CHM-001004_CZ016064,PEND-001004_CZ016064,93.6732,,,unidad,unidad,1.0,0,Ferreteria,Fijaciones,,,
"PERNO COCINA CAB REDONDA ZN 1/4 X 1.1/2""",001004_CZ016096,CHM-001004_CZ016096,PEND-001004_CZ016096,100.5004,,,unidad,unidad,1.0,0,Ferreteria,Fijaciones,,,
"PERNO COCINA CAB REDONDA ZN 1/4 X 2""",001004_CZ016128,CHM-001004_CZ016128,PEND-001004_CZ016128,100.6008,,,unidad,unidad,1.0,0,Ferreteria,Fijaciones,,,
"PERNO ANCLAJE 3/8 X 5"" (CAJAS DE 50)",001010__024319,CHM-001010__024319,PEND-001010__024319,566.256,,,unidad,unidad,1.0,0,Ferreteria,Fijaciones,,,
"PERNO ANCLAJE ZN 3/8 X 6.1/2"" (50)",001010__024416,CHM-001010__024416,PEND-001010__024416,695.5712,,,unidad,unidad,1.0,0,Ferreteria,Fijaciones,,,
"PERNO ANCLAJE ZN 1/2 X 4.1/4"" (40)",001010__032272,CHM-001010__032272,PEND-001010__032272,855.408,,,unidad,unidad,1.0,0,Ferreteria,Fijaciones,,,
CLAVO P/TECHO 1.3/4 (100 PZ.),001CLATEC112,CHM-001CLATEC112,PEND-001CLATEC112,4116.4,,,bolsa,bolsa,1.0,0,General,Otros,,,
CLAVO TECHO HELICOIDAL ZINC 2.1/2 C/GOLILLA (100 PZ),001CLATEC159,CHM-001CLATEC159,PEND-001CLATEC159,4317.2,,,bolsa,bolsa,1.0,0,Aceros y Techumbre,Planchas,,,
"GOLILLA PLANA CTE NG 1/4"" (100)",003003_C_015999,CHM-003003_C_015999,PEND-003003_C_015999,46.184,,,unidad,unidad,1.0,0,General,Otros,,,
"GOLILLA PLANA CTE NG 5/16"" (100)",003003_C_019999,CHM-003003_C_019999,PEND-003003_C_019999,48.192,,,unidad,unidad,1.0,0,General,Otros,,,
"MOTOR GASOLINA MOD TF55FX 5,5 HP, 163CC PART. MANUAL",004-003,CHM-004-003,PEND-004-003,189756.0,,,unidad,unidad,1.0,0,General,Otros,,,
"MOTOR GASOLINA MOD TF150FX 15,0 HP, 420CC PART. MANUAL",004-012,CHM-004-012,PEND-004-012,451800.0,,,unidad,unidad,1.0,0,General,Otros,,,
"TORNILLO AUTOP #3 C/GOL ZN 12-14 X 1"" (100)",004010__012-064,CHM-004010__012-064,PEND-004010__012-064,51.0032,,,unidad,unidad,1.0,0,Ferreteria,Fijaciones,,,
"TORNILLO AUTOP #3 C/GOL ZN 12-14 X 2"" (100)",004010__012-128,CHM-004010__012-128,PEND-004010__012-128,73.6936,,,unidad,unidad,1.0,0,Ferreteria,Fijaciones,,,
"TORNILLO AUTOP #3 C/GOL ZN 12-14 X 2.1/2"" (100)",004010__012-160,CHM-004010__012-160,PEND-004010__012-160,86.9464,,,unidad,unidad,1.0,0,Ferreteria,Fijaciones,,,
"TORNILLO AUTOP TAP FAST GALV 9-15 X 1.1/2"" C 5/16",004010_0915096,CHM-004010_0915096,PEND-004010_0915096,62.75,,,unidad,unidad,1.0,0,Ferreteria,Fijaciones,,,
"TORNILLO AUTOP TAP FAST GALV 9-15 X 2"" C 5/16",004010_0915127,CHM-004010_0915127,PEND-004010_0915127,68.8744,,,unidad,unidad,1.0,0,Ferreteria,Fijaciones,,,
"TORNILLO AUTOP TAP FAST GALV 9-15 X 2.1/2"" C 5/16",004010_0915160,CHM-004010_0915160,PEND-004010_0915160,77.10719999999999,,,unidad,unidad,1.0,0,Ferreteria,Fijaciones,,,
"T.AUT.TAP-FAST C/GOL. 9-15X3"" HEX 5/16 CAJA 100 PC",004010_0915193,CHM-004010_0915193,PEND-004010_0915193,89.356,,,unidad,unidad,1.0,0,General,Otros,,,
"TORNILLO SOBERBIO ZN 3/16 X 2""",4010012127,CHM-4010012127,PEND-4010012127,37.148,,,unidad,unidad,1.0,0,Ferreteria,Fijaciones,,,
"TORNILLO AUTOP TAP FAST C/GOL PTA ESP 10-12 X 2""",004012_1012128,CHM-004012_1012128,PEND-004012_1012128,29.2164,,,unidad,unidad,1.0,0,Ferreteria,Fijaciones,,,
"TORNILLO AUTOP TAP FAST GALV 10-12 X 2.1/2"" C 5/16 (100)",004012_1012160,CHM-004012_1012160,PEND-004012_1012160,34.136,,,unidad,unidad,1.0,0,Ferreteria,Fijaciones,,,
"TORNILLO VOLCANITA CRS ZN 6 X 3/4"" (100-7.500)",004016VNZ006048,CHM-004016VNZ006048,PEND-004016VNZ006048,9.538,,,unidad,unidad,1.0,0,Ferreteria,Fijaciones,,,
"TORNILLO VOLCANITA CRS H.ESP.ZN 6 X 1.5/8""",004016VNZ006104,CHM-004016VNZ006104,PEND-004016VNZ006104,17.770799999999998,,,unidad,unidad,1.0,0,Ferreteria,Fijaciones,,,
"TORNILLO VOLCANITA CRS ZN 6 X 2"" (100-2.400)",004016VNZ006128,CHM-004016VNZ006128,PEND-004016VNZ006128,20.9836,,,unidad,unidad,1.0,0,Ferreteria,Fijaciones,,,
"TORNILLO VOLCANITA CRS ZN 8 X 2.1/2"" (100-2.400)",004016VNZ008129,CHM-004016VNZ008129,PEND-004016VNZ008129,29.8188,,,unidad,unidad,1.0,0,Ferreteria,Fijaciones,,,
"TORNILLO VOLCANITA CRS ZN 8 X 3"" (100-2.400)",004016VNZ008192,CHM-004016VNZ008192,PEND-004016VNZ008192,36.5456,,,unidad,unidad,1.0,0,Ferreteria,Fijaciones,,,
"TORNILLO VOLCANITA CRS ZN 8 X 3.1/2"" (100-2.400)",004016VNZ008222,CHM-004016VNZ008222,PEND-004016VNZ008222,38.152,,,unidad,unidad,1.0,0,Ferreteria,Fijaciones,,,
"TORNILLO VOLCANITA CRS ZN 8 X 4"" (100-1.600)",004016VNZ008256,CHM-004016VNZ008256,PEND-004016VNZ008256,46.184,,,unidad,unidad,1.0,0,Ferreteria,Fijaciones,,,
"TORNILLO VOLCANITA ZN P/B 6 X 1.1/4"" (100-4.000)",004017_PB006080,CHM-004017_PB006080,PEND-004017_PB006080,17.57,,,unidad,unidad,1.0,0,Ferreteria,Fijaciones,,,
"TORNILLO VOLCANITA PH.ZN.P/BR 6 X 1.5/8""",004017_PB006104,CHM-004017_PB006104,PEND-004017_PB006104,21.9876,,,unidad,unidad,1.0,0,Ferreteria,Fijaciones,,,
"TORNILLO TRUSS ZN P/F 8-18 X 1/2"" (100)",004018PF_008032,CHM-004018PF_008032,PEND-004018PF_008032,12.55,,,unidad,unidad,1.0,0,Ferreteria,Fijaciones,,,
TORNILLO TECHO POLICARBONATO 1.1/2 (BOLSA 100 PZ),004019_P0000961,CHM-004019_P0000961,PEND-004019_P0000961,19232.624,,,bolsa,bolsa,1.0,0,Ferreteria,Fijaciones,,,
"TORN.TECHO POLICARBONATO 2"" (BOLSA 100 PZ)",004019_P0001281,CHM-004019_P0001281,PEND-004019_P0001281,20029.8,,,bolsa,bolsa,1.0,0,General,Otros,,,
"HILO ZN 3/8"" X 1 METRO",005005_CZ024000,CHM-005005_CZ024000,PEND-005005_CZ024000,2012.016,,,unidad,unidad,1.0,0,General,Otros,,,
TARUGO CLAVO PH 8 X 120MM (100),006004___008120,CHM-006004___008120,PEND-006004___008120,190.8604,,,unidad,unidad,1.0,0,General,Otros,,,
REMACHE POP ALUMINIO 4.0 X 12MM (1.000),007019_RK_4012,CHM-007019_RK_4012,PEND-007019_RK_4012,28.112,,,unidad,unidad,1.0,0,Ferreteria,Fijaciones,,,
REMACHE POP ALUMINIO 4.8 X 8MM (1.000),007019_RK_4808,CHM-007019_RK_4808,PEND-007019_RK_4808,30.12,,,unidad,unidad,1.0,0,Ferreteria,Fijaciones,,,
REMACHE POP ALUMINIO 4.8 X 10MM (1.000),007019_RK_4810,CHM-007019_RK_4810,PEND-007019_RK_4810,32.128,,,unidad,unidad,1.0,0,Ferreteria,Fijaciones,,,
REMACHE POP ALUMINIO 4.8 X 12MM (1.000),007019_RK_4812,CHM-007019_RK_4812,PEND-007019_RK_4812,35.14,,,unidad,unidad,1.0,0,Ferreteria,Fijaciones,,,
REMACHE POP ALUMINIO 4.8 X 14MM (1.000),007019_RK_4814,CHM-007019_RK_4814,PEND-007019_RK_4814,39.156,,,unidad,unidad,1.0,0,Ferreteria,Fijaciones,,,
REMACHE POP ALUMINIO 4.8 X 16MM (1.000),007019_RK_4816,CHM-007019_RK_4816,PEND-007019_RK_4816,50.2,,,unidad,unidad,1.0,0,Ferreteria,Fijaciones,,,
REMACHE POP ALUMINIO 4.8 X 20MM,007019_RK_4820,CHM-007019_RK_4820,PEND-007019_RK_4820,50.2,,,unidad,unidad,1.0,0,Ferreteria,Fijaciones,,,
REMACHE POP ALUMINIO 4.8 X 25MM (500),007019_RK_4825,CHM-007019_RK_4825,PEND-007019_RK_4825,50.2,,,unidad,unidad,1.0,0,Ferreteria,Fijaciones,,,
REMACHE POP ALUMINIO 4.8 X 30MM,007019_RK_4830,CHM-007019_RK_4830,PEND-007019_RK_4830,50.2,,,unidad,unidad,1.0,0,Ferreteria,Fijaciones,,,
"TIRAFONDO NG PAVONADO 1/4 X 2.1/2""",007022__016159,CHM-007022__016159,PEND-007022__016159,100.4,,,unidad,unidad,1.0,0,General,Otros,,,
"TIRAFONDO NG PAVONADO 5/16 X 1""",007022__020064,CHM-007022__020064,PEND-007022__020064,85.34,,,unidad,unidad,1.0,0,General,Otros,,,
"TIRAFONDO NG PAVONADO 5/16 X 1.1/2""",007022__020095,CHM-007022__020095,PEND-007022__020095,99.396,,,unidad,unidad,1.0,0,General,Otros,,,
"TIRAFONDO NG PAVONADO 5/16 X 2""",007022__020127,CHM-007022__020127,PEND-007022__020127,123.8936,,,unidad,unidad,1.0,0,General,Otros,,,
"TIRAFONDO NG PAVONADO 5/16 X 2.1/2""",007022__020159,CHM-007022__020159,PEND-007022__020159,159.636,,,unidad,unidad,1.0,0,General,Otros,,,
"TIRAFONDO NG PAVONADO 5/16 X 3""",007022__020191,CHM-007022__020191,PEND-007022__020191,187.748,,,unidad,unidad,1.0,0,General,Otros,,,
"TIRAFONDO NG PAVONADO 5/16 X 3.1/2""",007022__020223,CHM-007022__020223,PEND-007022__020223,245.98,,,unidad,unidad,1.0,0,General,Otros,,,
"TIRAFONDO NG PAVONADO 5/16 X 4""",007022__020255,CHM-007022__020255,PEND-007022__020255,337.6452,,,unidad,unidad,1.0,0,General,Otros,,,
"TIRAFONDO NG PAVONADO 5/16 X 4.1/2""",007022__020287,CHM-007022__020287,PEND-007022__020287,363.0464,,,unidad,unidad,1.0,0,General,Otros,,,
ELECT 6011 3/32-2.5MM TB11 (25/5K) TB,007025_TB11-24,CHM-007025_TB11-24,PEND-007025_TB11-24,4216.8,,,kg,kg,1.0,0,General,Otros,,,
CALEFACTOR LEÑA SCANTEK 360,45323,CHM-45323,PEND-45323,329961.588,,,unidad,unidad,1.0,0,Construccion,Materiales,,,
CALEFACTOR LEÑA CLASSIC 400 ROJA,45505,CHM-45505,PEND-45505,424246.224,,,unidad,unidad,1.0,0,Construccion,Materiales,,,
CALEFACTOR LEÑA CLASSIC 500 ROJA,45597,CHM-45597,PEND-45597,508615.356,,,unidad,unidad,1.0,0,Construccion,Materiales,,,
COCINA LEÑA TRADICIONAL ANGELINA BLANCA,01-118,CHM-01-118,PEND-01-118,491741.128,,,unidad,unidad,1.0,0,General,Otros,,,
COCINA LEÑA TRADICIONAL ANGELINA NEGRA,01-170,CHM-01-170,PEND-01-170,491741.128,,,unidad,unidad,1.0,0,General,Otros,,,
CALEFACTOR LEÑA NORDIC 380,43831,CHM-43831,PEND-43831,407371.996,,,unidad,unidad,1.0,0,Construccion,Materiales,,,
CALEFACTOR A PELLET ITALY 7100 ROJA,01-219,CHM-01-219,PEND-01-219,719540.696,,,unidad,unidad,1.0,0,Construccion,Materiales,,,
CALEFACTOR LEÑA SCANTEK 350,12055,CHM-12055,PEND-12055,297692.024,,,unidad,unidad,1.0,0,Construccion,Materiales,,,
CALEFACTOR LEÑA NORDIC 450,13150,CHM-13150,PEND-13150,424246.224,,,unidad,unidad,1.0,0,Construccion,Materiales,,,
TB. HIDRÁULICO. 110MMC-4,01.01.100,CHM-0101100,PEND-0101100,17323.08628,,,unidad,unidad,1.0,0,General,Otros,,,
TB. SANITARIO GRIS 40MM,01.02.005,CHM-0102005,PEND-0102005,3866.655,,,unidad,unidad,1.0,0,General,Otros,,,
TB. SANITARIO GRIS 50MM,01.02.015,CHM-0102015,PEND-0102015,4891.31732,,,unidad,unidad,1.0,0,General,Otros,,,
TB. SANITARIO GRIS 75MM,01.02.025,CHM-0102025,PEND-0102025,7443.31464,,,unidad,unidad,1.0,0,General,Otros,,,
"CLAVO C/GOL PLASTICA 2""",0100191_SDM0128,CHM-0100191_SDM0128,PEND-0100191_SDM0128,52.208,,,unidad,unidad,1.0,0,General,Otros,,,
"CLAVO C/GOL PLASTICA 2.1/2"" (100)",0100191_SDM0160,CHM-0100191_SDM0160,PEND-0100191_SDM0160,80.32,,,unidad,unidad,1.0,0,General,Otros,,,
"CLAVO C/GOL PLASTICA 3"" (100)",0100191_SDM0192,CHM-0100191_SDM0192,PEND-0100191_SDM0192,86.344,,,unidad,unidad,1.0,0,General,Otros,,,
PARRILLA DISCO ARADO 55CM.,01003-0015,CHM-01003-0015,PEND-01003-0015,22709.476,,,unidad,unidad,1.0,0,Herramientas,Discos y Corte,,,
PARRILLA DISCO 45CM,01003-0020,CHM-01003-0020,PEND-01003-0020,17454.54,,,unidad,unidad,1.0,0,Herramientas,Discos y Corte,,,
MONOMANDO LAVATORIO COLOMBA,010100102-T,CHM-010100102-T,PEND-010100102-T,6227.812,,,unid.,unid.,1.0,0,General,Otros,,,
MONOMANDO LAVATORIO DOMENICA,010100302-T,CHM-010100302-T,PEND-010100302-T,7308.116,,,unid.,unid.,1.0,0,General,Otros,,,
MONOMANDO LAVATORIO MODERN TAUMM,010100601-T,CHM-010100601-T,PEND-010100601-T,11058.056,,,unid.,unid.,1.0,0,General,Otros,,,
MONOMANDO LAVATORIO MODERN INOX,010100607-T,CHM-010100607-T,PEND-010100607-T,10492.804,,,unid.,unid.,1.0,0,General,Otros,,,
MONOMANDO LAVATORIO ALTO MODERN INOX,010100608-T,CHM-010100608-T,PEND-010100608-T,13359.224,,,unid.,unid.,1.0,0,General,Otros,,,
MONOMANDO LAVATORIO AL MURO HESSEN,010100702-T,CHM-010100702-T,PEND-010100702-T,32314.744,,,unid.,unid.,1.0,0,General,Otros,,,
MONOMANDO LAVATORIO NOTTE,010101002-T,CHM-010101002-T,PEND-010101002-T,11238.776,,,unid.,unid.,1.0,0,General,Otros,,,
BISAGRA L55 1 '' C/TORN. BRONCEADO DP 2 U.,10111150,CHM-10111150,PEND-10111150,471.88,,,display,display,1.0,0,Hogar,Banio y Decoracion,,,
MONOMANDO TINA-DUCHA COLOMBA,010300102-T,CHM-010300102-T,PEND-010300102-T,9810.084,,,unid.,unid.,1.0,0,General,Otros,,,
BISAGRA L38 1 1/2'' A. ZINCADO C/ TORNILLOS DP 2,10311168,CHM-10311168,PEND-10311168,788.14,,,display,display,1.0,0,Ferreteria,Fijaciones,,,
BISAGRA L38 2'' A. ZINCADO C/TORNILLOS DP 2 U,10311228,CHM-10311228,PEND-10311228,1012.032,,,display,display,1.0,0,Ferreteria,Fijaciones,,,
BISAGRA L38 2 1/2'' A. ZINCADO C/TORNILLOS DP 2 U,10311231,CHM-10311231,PEND-10311231,1249.98,,,display,display,1.0,0,Ferreteria,Fijaciones,,,
BISAGRA L38 3'' A. ZINCADO C/TORNILLOS DP 2 U,10311260,CHM-10311260,PEND-10311260,1596.36,,,display,display,1.0,0,Ferreteria,Fijaciones,,,
BISAGRA L38 3 1/2'' A. ZINCADO C/TORNILLOS DP 2 U,10311262,CHM-10311262,PEND-10311262,2018.04,,,display,display,1.0,0,Ferreteria,Fijaciones,,,
BISAGRA L38 4'' A. ZINCADO C/TORNILLOS DP 2 U,10311280,CHM-10311280,PEND-10311280,3106.376,,,display,display,1.0,0,Ferreteria,Fijaciones,,,
MONOMANDO DUCHA FUSCHER TAUMM,010400101-T,CHM-010400101-T,PEND-010400101-T,13996.764,,,unid.,unid.,1.0,0,General,Otros,,,
MONOMANDO DUCHA COLOMBA,010400102-T,CHM-010400102-T,PEND-010400102-T,7784.012,,,unid.,unid.,1.0,0,General,Otros,,,
MONOMANDO DUCHA DOMENICA,010400302-T,CHM-010400302-T,PEND-010400302-T,11081.148,,,unid.,unid.,1.0,0,General,Otros,,,
BISAGRA L84 4 X 4'' A. ZINCADO C/TORNILLOS DP 2 U,10411288,CHM-10411288,PEND-10411288,3112.4,,,display,display,1.0,0,Ferreteria,Fijaciones,,,
PACK BISAGRA L86 3 1/2 X 3 1/2'' A. LATONADO C/T BL 3 U,10450250,CHM-10450250,PEND-10450250,3102.36,,,bolsa,bolsa,1.0,0,Hogar,Banio y Decoracion,,,
PACK BISAGRA L86 3 X 3 '' A. LATONADO C/T BL 3,10450260,CHM-10450260,PEND-10450260,2289.12,,,unidad,unidad,1.0,0,Hogar,Banio y Decoracion,,,
BISAGRA PIANO 32MM X 1.00 MT A. BRONCEADO C/T BL 1 U,10555111,CHM-10555111,PEND-10555111,3413.6,,,bolsa,bolsa,1.0,0,Hogar,Banio y Decoracion,,,
BISAGRA PIANO 32MM X 0.85 MT A. BRONCEADO C/T BL 1 U,10555888,CHM-10555888,PEND-10555888,3112.4,,,unidad,unidad,1.0,0,Hogar,Banio y Decoracion,,,
MONOMANDO LAVAPLATO VERTICAL FUSCHER TAUMM,010600101-T,CHM-010600101-T,PEND-010600101-T,13226.696,,,unid.,unid.,1.0,0,Construccion,Materiales,,,
MONOMANDO LAVAPLATO VERTICAL COLOMBA,010600102-T,CHM-010600102-T,PEND-010600102-T,5923.6,,,unid.,unid.,1.0,0,Construccion,Materiales,,,
MONOMANDO LAVAPLATO VERTICAL INOX,010600607-T,CHM-010600607-T,PEND-010600607-T,10985.768,,,unid.,unid.,1.0,0,Construccion,Materiales,,,
MLV INOX EXTRAÍBLE,010600608-T,CHM-010600608-T,PEND-010600608-T,21677.364,,,unid.,unid.,1.0,0,General,Otros,,,
MONOMANDO LAVAPLATO CUELLO FLEXIBLE NEGRO,010600902-T,CHM-010600902-T,PEND-010600902-T,12366.268,,,unid.,unid.,1.0,0,General,Otros,,,
MONOMANDO LAVAPLATO CUELLO FLEXIBLE ROJO,010600903-T,CHM-010600903-T,PEND-010600903-T,12881.32,,,unid.,unid.,1.0,0,General,Otros,,,
MONOMANDO LAVAPLATO CUELLO FLEXIBLE VERDE,010600904-T,CHM-010600904-T,PEND-010600904-T,12881.32,,,unid.,unid.,1.0,0,General,Otros,,,
MONOMANDO LAVAPLATO VERTICAL NOTTE,010601002-T,CHM-010601002-T,PEND-010601002-T,10779.948,,,unid.,unid.,1.0,0,Construccion,Materiales,,,
"MODULO 600X0,30 (FACTOR DE CARGA 148,8)",107040058,CHM-107040058,PEND-107040058,8373.36,,,unidad,unidad,1.0,0,General,Otros,,,
BISAGRA L88 3 X3 NEGRO MICROTEXTURADO C/TORN BOLSA 3 UN,10808290,CHM-10808290,PEND-10808290,3739.9,,,bolsa,bolsa,1.0,0,Hogar,Banio y Decoracion,,,
BISAGRA L88 3 1/2 X3 1/2 NEGRO MICROTEXTURADO C/TORN BOLSA 3 UN,10808292,CHM-10808292,PEND-10808292,5020.0,,,bolsa,bolsa,1.0,0,Hogar,Banio y Decoracion,,,
PACK BISAGRA L-88 3X3'' A. NIQUEL SATIN 3 UN C/TORN.,10852110,CHM-10852110,PEND-10852110,3202.76,,,bolsa,bolsa,1.0,0,Hogar,Banio y Decoracion,,,
PACK BISAGRA L-88 3 1/2X3 1/2'' A. NIQUEL SATIN 3 UN C/TORN.,10852120,CHM-10852120,PEND-10852120,4166.6,,,bolsa,bolsa,1.0,0,Hogar,Banio y Decoracion,,,
AGUARRAS BOTELLA 20X1 LT,109009,CHM-109009,PEND-109009,1239.17696,,,litro,litro,1.0,0,General,Otros,,,
POMEL ACERO 1/2X77MM F.PULIDO C/GOLILLA (GR),11012051,CHM-11012051,PEND-11012051,597.38,,,unidad,unidad,1.0,0,Aceros y Techumbre,Planchas,,,
POMEL ACERO 5/8X86MM F.PULIDO C/GOLILLA (GR),11012066,CHM-11012066,PEND-11012066,918.66,,,unidad,unidad,1.0,0,Aceros y Techumbre,Planchas,,,
POMEL ACERO 3/4X95MM F.PULIDO C/GOLILLA (GR),11012136,CHM-11012136,PEND-11012136,1345.36,,,unidad,unidad,1.0,0,Aceros y Techumbre,Planchas,,,
POMEL ACERO 7/8X100MM F.PULIDO C/GOLILLA (GR),11012146,CHM-11012146,PEND-11012146,1847.36,,,unidad,unidad,1.0,0,Aceros y Techumbre,Planchas,,,
POMEL ACERO 1X104 MM FIERRO PULIDO C/GOLILLA (GR),11012227,CHM-11012227,PEND-11012227,2379.48,,,unidad,unidad,1.0,0,Aceros y Techumbre,Planchas,,,
BISAGRA L65 D/ACC 4'' A.INOXIDABLE SATINADO C/T DP 1 U,11394130,CHM-11394130,PEND-11394130,11411.464,,,display,display,1.0,0,Hogar,Banio y Decoracion,,,
BISAGRA T 3'' A. ZINCADO DP 2 U,11511260,CHM-11511260,PEND-11511260,1455.8,,,display,display,1.0,0,Aceros y Techumbre,Planchas,,,
BISAGRA T 5'' A. ZINCADO DP 2 U,11511300,CHM-11511300,PEND-11511300,1982.9,,,display,display,1.0,0,Aceros y Techumbre,Planchas,,,
BISAGRA ALA 3'' A. ZINCADO C/T DP 2 U,11711260,CHM-11711260,PEND-11711260,1696.76,,,display,display,1.0,0,Aceros y Techumbre,Planchas,,,
BISAGRA ALA 5'' A. ZINCADO C/T DP 2 U,11711300,CHM-11711300,PEND-11711300,2419.64,,,display,display,1.0,0,Aceros y Techumbre,Planchas,,,
BISAGRA RETEN RECTA 35 MM SLIDE-ON METALICA,12702010,CHM-12702010,PEND-12702010,532.12,,,unidad,unidad,1.0,0,Hogar,Banio y Decoracion,,,
"CORREDERA TELESCOPICA H35 STD 300MM 0,8MM C/TORN. LIOI",12800005,CHM-12800005,PEND-12800005,2660.6,,,par,par,1.0,0,General,Otros,,,
"CORREDERA TELESCOPICA H35 STD 350MM 0,8MM C/TORN. LIOI",12800006,CHM-12800006,PEND-12800006,3062.2,,,par,par,1.0,0,General,Otros,,,
"CORREDERA TELESCOPICA H35 STD 450MM 0,8MM C/TORN. LIOI",12800008,CHM-12800008,PEND-12800008,4005.96,,,par,par,1.0,0,General,Otros,,,
RUEDA PARA PORTON 64MM C/PASADOR A SOLDAR,12900003,CHM-12900003,PEND-12900003,4314.188,,,unidad,unidad,1.0,0,General,Otros,,,
RUEDA PARA PORTON 75MM C/PASADOR A SOLDAR,12900005,CHM-12900005,PEND-12900005,6357.328,,,unidad,unidad,1.0,0,General,Otros,,,
RUEDA PARA PORTON 85MM C/PASADOR A SOLDAR,12900007,CHM-12900007,PEND-12900007,8288.02,,,unidad,unidad,1.0,0,General,Otros,,,
RUEDA PARA PORTON 100MM C/PASADOR A SOLDAR,12900009,CHM-12900009,PEND-12900009,11553.028,,,unidad,unidad,1.0,0,General,Otros,,,
RUEDA PARA PORTON 64MM C/PERNO,12900013,CHM-12900013,PEND-12900013,5020.0,,,unidad,unidad,1.0,0,Ferreteria,Fijaciones,,,
RUEDA PARA PORTON 75MM C/PERNO,12900015,CHM-12900015,PEND-12900015,7213.74,,,unidad,unidad,1.0,0,Ferreteria,Fijaciones,,,
RUEDA PARA PORTON 85MM C/PERNO,12900017,CHM-12900017,PEND-12900017,8428.58,,,unidad,unidad,1.0,0,Ferreteria,Fijaciones,,,
RUEDA PARA PORTON 100MM C/PERNO,12900019,CHM-12900019,PEND-12900019,11947.6,,,unidad,unidad,1.0,0,Ferreteria,Fijaciones,,,
GUIA PARA PORTON SIMPLE 126MM,12900100,CHM-12900100,PEND-12900100,1992.94,,,unidad,unidad,1.0,0,General,Otros,,,
BROCA CONCRETO CORTA (ART.300) 4.0 MM.,0165400000100G,CHM-0165400000100G,PEND-0165400000100G,330.316,,,unid,unid,1.0,0,General,Otros,,,
BROCA CONCRETO CORTA (ART.300) 6.0 MM.,0165600000100G,CHM-0165600000100G,PEND-0165600000100G,525.092,,,unid,unid,1.0,0,General,Otros,,,
BROCA CONCRETO CORTA (ART.300) 10.0 MM.,0166000000100G,CHM-0166000000100G,PEND-0166000000100G,1109.42,,,unid,unid,1.0,0,General,Otros,,,
BROCA CONCRETO LARGA (ART.304) 13.0 MM.,0167130000100G,CHM-0167130000100G,PEND-0167130000100G,4996.908,,,unid,unid,1.0,0,General,Otros,,,
BROCA CONCRETO LARGA (ART.304) 14.0 MM.,0167140000100G,CHM-0167140000100G,PEND-0167140000100G,4996.908,,,unid,unid,1.0,0,General,Otros,,,
BROCA CONC.SDS PLUS L160 ART.400 12.0MM.,0168220000100G,CHM-0168220000100G,PEND-0168220000100G,2040.128,,,unid,unid,1.0,0,General,Otros,,,
MOTOR DIESEL MOS TDE130EXP 13 HP 498CC PARTIDA ELECTRICA,019-062,CHM-019-062,PEND-019-062,702800.0,,,unidad,unidad,1.0,0,General,Otros,,,
KIT INSTALACION CALEFACTORES A LEÑA PLUS 6'',42036,CHM-42036,PEND-42036,120515.14,,,pack 4,pack 4,1.0,0,Construccion,Materiales,,,
KIT INSTALACION CALEFACTORES Y COCINAS A LEÑA PLUS 5'',43862,CHM-43862,PEND-43862,114818.444,,,pack 4,pack 4,1.0,0,Construccion,Materiales,,,
SACO DE LANA MINERAL 5 KG.,21217,CHM-21217,PEND-21217,22088.0,,,Unidad,Unidad,1.0,0,General,Otros,,,
KIT INSTALACION CALEFACTORES A PELLET TECHO,24504,CHM-24504,PEND-24504,154262.592,,,unidad,unidad,1.0,0,Construccion,Materiales,,,
JUEGO DUCHA BLANCO ECO,020100102-T,CHM-020100102-T,PEND-020100102-T,1985.912,,,unid.,unid.,1.0,0,General,Otros,,,
JUEGO DUCHA SWERTT TAUMM,020100202-T,CHM-020100202-T,PEND-020100202-T,2562.208,,,unid.,unid.,1.0,0,General,Otros,,,
JUEGO DUCHA CONSTER TAUMM,020100402-T,CHM-020100402-T,PEND-020100402-T,3579.26,,,unid.,unid.,1.0,0,General,Otros,,,
JUEGO DUCHA NEUE-FREIBURG,020100702-T,CHM-020100702-T,PEND-020100702-T,3805.16,,,unid.,unid.,1.0,0,General,Otros,,,
JUEGO DUCHA NEUE-SPIEGEL,020100802-T,CHM-020100802-T,PEND-020100802-T,5953.72,,,unid.,unid.,1.0,0,General,Otros,,,
MANGO DUCHA SWERTT TAUMM,020200201-T,CHM-020200201-T,PEND-020200201-T,1231.908,,,unid.,unid.,1.0,0,General,Otros,,,
MANGO DUCHA FREIBURG,020200301-T,CHM-020200301-T,PEND-020200301-T,1522.064,,,unid.,unid.,1.0,0,General,Otros,,,
ESTUFA GAS 15 KG KENDAL ROJA,0202030004001I,CHM-0202030004001I,PEND-0202030004001I,91113.6526,,,unidad,unidad,1.0,0,General,Otros,,,
COLGADOR SWERTT TAUMM,020300201-T,CHM-020300201-T,PEND-020300201-T,686.736,,,unid.,unid.,1.0,0,General,Otros,,,
FLEXIBLE DUCHA 1.85 MTS. REFORZADO SPIEGEL TAUMM,020400501-T,CHM-020400501-T,PEND-020400501-T,1418.652,,,unid.,unid.,1.0,0,General,Otros,,,
BRAZO DUCHA METÁLICO AL MURO JAHR,020500601-T,CHM-020500601-T,PEND-020500601-T,8056.096,,,unid.,unid.,1.0,0,General,Otros,,,
BRAZO DUCHA PLÁSTICO AL MURO,020500701-T,CHM-020500701-T,PEND-020500701-T,1033.116,,,unid.,unid.,1.0,0,General,Otros,,,
"PLATO DUCHA REDONDO ABS 8""",020601003-T,CHM-020601003-T,PEND-020601003-T,2713.812,,,unid.,unid.,1.0,0,General,Otros,,,
BRAZO METÁLICO P/FLEX PARA PLATO DUCHA,020702002-T,CHM-020702002-T,PEND-020702002-T,3911.584,,,unid.,unid.,1.0,0,General,Otros,,,
GAMELA OVALADA (L2),2085,CHM-2085,PEND-2085,3336.292,,,unidad,unidad,1.0,0,General,Otros,,,
MACHO ADAPTADOR SCHUKO 16A C/TIERRA LAT. Y FRONTAL. COLOR BLANCO,0300MA0276,CHM-0300MA0276,PEND-0300MA0276,1716.84,,,UNIDAD,UNIDAD,1.0,0,General,Otros,,,
PERCHERO FREIBURG,030100301-T,CHM-030100301-T,PEND-030100301-T,2636.504,,,unid.,unid.,1.0,0,General,Otros,,,
BARNIZ MARINO INCOLORO GL CAJA 4 UNS,304003,CHM-304003,PEND-304003,15214.616,,,galon,galon,1.0,0,General,Otros,,,
TOALLERO ARO LÍNEA COLOMBA,030401602-T,CHM-030401602-T,PEND-030401602-T,1476.884,,,unid.,unid.,1.0,0,General,Otros,,,
BASURERO 55 LTS. T/LISA (1039)(80UN),3046,CHM-3046,PEND-3046,7033.02,,,unidad,unidad,1.0,0,General,Otros,,,
PORTA ROLLO LINEA ECO,030501602-N,CHM-030501602-N,PEND-030501602-N,2031.092,,,unid.,unid.,1.0,0,General,Otros,,,
PORTA ROLLO LÍNEA COLOMBA,030501602-T,CHM-030501602-T,PEND-030501602-T,1555.196,,,unid.,unid.,1.0,0,General,Otros,,,
BASURERO 75 LTS. C/RUEDAS NEGRO (1328)(20UN),3054,CHM-3054,PEND-3054,16135.284,,,unidad,unidad,1.0,0,General,Otros,,,
PORTA PAPEL WC METALICO REDONDO - TAUMM,030600200-T,CHM-030600200-T,PEND-030600200-T,4409.568,,,unid.,unid.,1.0,0,General,Otros,,,
TOALLERO BARRA 61 CMS LINEA ECO,030601602-N,CHM-030601602-N,PEND-030601602-N,1941.736,,,unid.,unid.,1.0,0,General,Otros,,,
KIT ACCESORIOS DE PARED ECONOMICO C/CUBRE ROLLO SI,030701602-N,CHM-030701602-N,PEND-030701602-N,7008.924,,,unid.,unid.,1.0,0,General,Otros,,,
DLP/BLANCA S/TABIQUE 20X10MM,30802,CHM-30802,PEND-30802,1220.2214399999998,,,metro,metro,1.0,0,General,Otros,,,
3/4 ABATIBLE 60X40 177 3/4 SNP (325)(0040101V0000),3109,CHM-3109,PEND-3109,4633.46,,,unidad,unidad,1.0,0,General,Otros,,,
BARRA SEGURIDAD CORTA ACERO INOXIDABLE,031200102-T,CHM-031200102-T,PEND-031200102-T,3917.608,,,unid.,unid.,1.0,0,Aceros y Techumbre,Planchas,,,
AGARRADERA RECTA D32 L24 TAUMM,031200201-T,CHM-031200201-T,PEND-031200201-T,5550.112,,,unid.,unid.,1.0,0,General,Otros,,,
BARRA SEGURIDAD ACERO INOXIDABLE,031200202-T,CHM-031200202-T,PEND-031200202-T,5256.944,,,unid.,unid.,1.0,0,Aceros y Techumbre,Planchas,,,
AGARRADERA RECTA D25 L16 TAUMM,031200301-T,CHM-031200301-T,PEND-031200301-T,4526.032,,,unid.,unid.,1.0,0,General,Otros,,,
BARRA 90° ESQUINERA 3 APOYOS,031200532-T,CHM-031200532-T,PEND-031200532-T,13502.796,,,unid.,unid.,1.0,0,General,Otros,,,
BASURERO AC.INOX. 3 LTS TAUMM,031400100-T,CHM-031400100-T,PEND-031400100-T,2518.032,,,unid.,unid.,1.0,0,General,Otros,,,
BASURERO AC.INOX. 5 LTS TAUMM,031400200-T,CHM-031400200-T,PEND-031400200-T,3970.82,,,unid.,unid.,1.0,0,General,Otros,,,
BASURERO AC.INOX. 12 LTS,031400400-T,CHM-031400400-T,PEND-031400400-T,7004.908,,,unid.,unid.,1.0,0,General,Otros,,,
"BASURERO AC.INOX 20 LTS, CON PEDAL Y BALDE INTERIOR",031400500-T,CHM-031400500-T,PEND-031400500-T,17735.66,,,unid.,unid.,1.0,0,General,Otros,,,
DISPENSA JABÓN AL MURO 500 - TAUMM,031500100-T,CHM-031500100-T,PEND-031500100-T,6755.916,,,unid.,unid.,1.0,0,General,Otros,,,
DISPENSA JABÓN PLÁSTICO BLANCO-CELESTE,031500601-T,CHM-031500601-T,PEND-031500601-T,2162.616,,,unid.,unid.,1.0,0,General,Otros,,,
DISPENSADOR DE PAPEL CON PALANCA,031600500-T,CHM-031600500-T,PEND-031600500-T,16418.412,,,unid.,unid.,1.0,0,General,Otros,,,
BIDON MAUSER 10 LTS. BLANCO (4046)(144UN),3360,CHM-3360,PEND-3360,5514.972,,,unidad,unidad,1.0,0,General,Otros,,,
BIDON MAUSER 22 LTS. BLANCO (4052)(64UN),3374,CHM-3374,PEND-3374,8193.644,,,unidad,unidad,1.0,0,General,Otros,,,
LLAVE LAVATORIO TIPO INOX,040000100-T,CHM-040000100-T,PEND-040000100-T,3327.256,,,unid.,unid.,1.0,0,Gasfiteria,Tuberias y Conexiones,,,
BIDON 20 LTS. BLANCO C/TAPA,4001,CHM-4001,PEND-4001,4933.656,,,unidad,unidad,1.0,0,General,Otros,,,
BIDON 10 LTS. BLANCO SIMPLE C/TAPA,4002,CHM-4002,PEND-4002,1983.904,,,unidad,unidad,1.0,0,General,Otros,,,
BIDON 5 LTS. WW NATURAL SIMPLE C/TAPA,4003,CHM-4003,PEND-4003,1328.292,,,un,un,1.0,0,General,Otros,,,
BIDON 5 LTS. WW NATURAL SIMPLE C/TAPA,4003,CHM-4003,PEND-4003,1328.292,,,unidad,unidad,1.0,0,General,Otros,,,
MONOBLOCK LAVATORIO BONN TAUMM,040102001-T,CHM-040102001-T,PEND-040102001-T,16679.452,,,unid.,unid.,1.0,0,General,Otros,,,
ANTICORROSIVO ALQUID ROJO OXIDO 1/4 GALON,401069,CHM-401069,PEND-401069,2844.9344,,,1/4 galon,1/4 galon,1.0,0,General,Otros,,,
ANTICORROSIVO ALQUID NEGRO 1/4 GALON,401070,CHM-401070,PEND-401070,3137.5,,,1/4 galon,1/4 galon,1.0,0,General,Otros,,,
ESMALTE AL AGUA PREMIUM TINETA 4 GLNS,402144,CHM-402144,PEND-402144,59925.748,,,tineta,tineta,1.0,0,Pinturas,Aplicacion,,,
ESMALTE AL AGUA PREMIUM GALON,402168,CHM-402168,PEND-402168,16481.664,,,galon,galon,1.0,0,Pinturas,Aplicacion,,,
ESMALTE AL AGUA TINETA,402169,CHM-402169,PEND-402169,41568.612,,,tineta,tineta,1.0,0,Pinturas,Aplicacion,,,
ESMALTE AL AGUA DECO TINETA 4 GL,402170,CHM-402170,PEND-402170,42651.928,,,tineta,tineta,1.0,0,Pinturas,Aplicacion,,,
LATEX PREMIUM BLANCO TINETA 4 GLN,403065,CHM-403065,PEND-403065,33854.88,,,tineta,tineta,1.0,0,General,Otros,,,
COMBINACION DUCHA VANDER,040401001-T,CHM-040401001-T,PEND-040401001-T,12743.772,,,unid.,unid.,1.0,0,General,Otros,,,
COMBINACIÓN DUCHA ECO SIN,040401002-N,CHM-040401002-N,PEND-040401002-N,8905.48,,,unid.,unid.,1.0,0,General,Otros,,,
LLAVE LAVATORIO VANDER MUY MEJORADO,040601001-T,CHM-040601001-T,PEND-040601001-T,5620.392,,,unid.,unid.,1.0,0,Gasfiteria,Tuberias y Conexiones,,,
LLAVE LAVATORIO BONN TAUMM,040602001-T,CHM-040602001-T,PEND-040602001-T,8127.38,,,unid.,unid.,1.0,0,Gasfiteria,Tuberias y Conexiones,,,
LLAVE LAVATORIO VANDER ECONOMICA SIMPLE - TAUMM,040604002-T,CHM-040604002-T,PEND-040604002-T,4296.116,,,unid.,unid.,1.0,0,Gasfiteria,Tuberias y Conexiones,,,
LLAVE LAVATORIO ECO CHICA MEJORADA SIN MARCA,040605002-N,CHM-040605002-N,PEND-040605002-N,2683.692,,,unid.,unid.,1.0,0,Gasfiteria,Tuberias y Conexiones,,,
LLAVE LAVATORIO PLÁSTICA MIRAGE S/GTÍA,040605006-M,CHM-040605006-M,PEND-040605006-M,1430.7,,,unid.,unid.,1.0,0,Gasfiteria,Tuberias y Conexiones,,,
LLAVE LAVATORIO ECO MEDIANA MEJORADA SIN GARANTIA,040606002-N,CHM-040606002-N,PEND-040606002-N,2816.22,,,unid.,unid.,1.0,0,Gasfiteria,Tuberias y Conexiones,,,
LAVACOPA,040701001-T,CHM-040701001-T,PEND-040701001-T,3769.016,,,unid.,unid.,1.0,0,General,Otros,,,
LAVACOPA PLUS,040701002-T,CHM-040701002-T,PEND-040701002-T,3589.3,,,unid.,unid.,1.0,0,General,Otros,,,
LAVACOPA INOX,040701007-T,CHM-040701007-T,PEND-040701007-T,4428.644,,,unid.,unid.,1.0,0,General,Otros,,,
BIDET ÁRABE MANGO CROMADO TAUMM,040704001-T,CHM-040704001-T,PEND-040704001-T,8011.92,,,unid.,unid.,1.0,0,General,Otros,,,
PUERTA SOLIDA PINO RADIATA CLEAR - MODELO COLICO 1/2,040801457502-PLA,CHM-040801457502-PLA,PEND-040801457502-PLA,65561.2,,,UNIDAD,UNIDAD,1.0,0,General,Otros,,,
"SIFÓN 1.1/4"" PLÁSTICO CON CODO SALIDA",040806105-T,CHM-040806105-T,PEND-040806105-T,1084.32,,,unid.,unid.,1.0,0,Gasfiteria,Tuberias y Conexiones,,,
"SIFÓN 1.1/4"" -1.1/2"" PLÁSTICO CON CODO SALIDA",040906205-T,CHM-040906205-T,PEND-040906205-T,1483.912,,,unid.,unid.,1.0,0,Gasfiteria,Tuberias y Conexiones,,,
ESTUFA MINI OLEOELECTRICO DF1000H1-9,0409100204N35I,CHM-0409100204N35I,PEND-0409100204N35I,24292.3322,,,unidad,unidad,1.0,0,General,Otros,,,
DESAGÜE LAVATORIO 1.1/4 TAUMM,041006001-T,CHM-041006001-T,PEND-041006001-T,3056.176,,,unid.,unid.,1.0,0,General,Otros,,,
"DESAGÜE LAVATORIO 1.1/4"" SIN COLA",041006005-T,CHM-041006005-T,PEND-041006005-T,2628.472,,,unid.,unid.,1.0,0,General,Otros,,,
"DESAGUE 1.1/4"" LAVATORIO PLÁSTICO",041006007-T,CHM-041006007-T,PEND-041006007-T,576.296,,,unid.,unid.,1.0,0,General,Otros,,,
DESAGÜE TINA 1.1/2 TAUMM,041107001-T,CHM-041107001-T,PEND-041107001-T,3416.612,,,unid.,unid.,1.0,0,General,Otros,,,
COMB.LAVAPLATO CUERPO FUNDIDO ALTO VANDER,041201001-T,CHM-041201001-T,PEND-041201001-T,14522.86,,,unid.,unid.,1.0,0,General,Otros,,,
COMBINACION LAVAPLATO V VANDER MUY MEJORADO TAUMM,041301001-T,CHM-041301001-T,PEND-041301001-T,8448.66,,,unid.,unid.,1.0,0,General,Otros,,,
COMBINACIÓN LAVAPLATO ANTONELLA,041402001-T,CHM-041402001-T,PEND-041402001-T,5930.628,,,unid.,unid.,1.0,0,General,Otros,,,
COMBINACIÓN LAVAPLATO ANTONELLA ALTA,041402002-T,CHM-041402002-T,PEND-041402002-T,5612.36,,,unid.,unid.,1.0,0,General,Otros,,,
TEFLON DOMESTICO 1/2 TAUMM,041703001-T,CHM-041703001-T,PEND-041703001-T,77.308,,,rollo,rollo,1.0,0,General,Otros,,,
"TEFLÓN 1/2"" (CINTA AMARILLA)",041703002-N,CHM-041703002-N,PEND-041703002-N,149.596,,,rollo,rollo,1.0,0,General,Otros,,,
"TEFLÓN JUMBO 1/2""",041703004-T,CHM-041703004-T,PEND-041703004-T,290.156,,,rollo,rollo,1.0,0,General,Otros,,,
TEFLON DOMESTICO 3/4 TAUMM,041704001-T,CHM-041704001-T,PEND-041704001-T,96.384,,,rollo,rollo,1.0,0,General,Otros,,,
"TEFLÓN 3/4"" (CINTA AMARILLA)",041704002-N,CHM-041704002-N,PEND-041704002-N,253.008,,,rollo,rollo,1.0,0,General,Otros,,,
"TEFLÓN JUMBO 3/4""",041704004-T,CHM-041704004-T,PEND-041704004-T,414.652,,,rollo,rollo,1.0,0,General,Otros,,,
"TEFLON DOMESTICO 1""",041705001-T,CHM-041705001-T,PEND-041705001-T,124.496,,,rollo,rollo,1.0,0,General,Otros,,,
"TEFLÓN 1"" (CINTA AMARILLA)",041705002-N,CHM-041705002-N,PEND-041705002-N,219.876,,,rollo,rollo,1.0,0,General,Otros,,,
"TEFLÓN JUMBO 1""",041705004-T,CHM-041705004-T,PEND-041705004-T,494.972,,,rollo,rollo,1.0,0,General,Otros,,,
SPRAY ESMALTE ACRILICO BLANCO S/R 400 ML CAJA 12 U,430001,CHM-430001,PEND-430001,2102.376,,,unidad,unidad,1.0,0,Pinturas,Aplicacion,,,
SPRAY ESMALTE ACRILICO NEGRO S/R 400 ML CAJA 12 UN,430002,CHM-430002,PEND-430002,2102.376,,,unidad,unidad,1.0,0,Pinturas,Aplicacion,,,
SPRAY ESMALTE S/R ALUMINIO-400 ML,430003,CHM-430003,PEND-430003,2102.376,,,unidad,unidad,1.0,0,Pinturas,Aplicacion,,,
SPRAY ESMALTE ACRILICO ROJO VIVO S/R 400 ML CAJA 12,430004,CHM-430004,PEND-430004,1422.668,,,UNIDAD,UNIDAD,1.0,0,Pinturas,Aplicacion,,,
SPRAY ESMALTE ACRILICO AZUL S/R 400 ML CAJA 12 UNS,430005,CHM-430005,PEND-430005,2102.376,,,unidad,unidad,1.0,0,Pinturas,Aplicacion,,,
SPRAY ESMALTE ACRILICO VERDE S/R 400 ML CAJA 12 UN,430006,CHM-430006,PEND-430006,2102.376,,,unidad,unidad,1.0,0,Pinturas,Aplicacion,,,
SPRAY ESMALTE ACRILICO S/R AMARILLO 400 ML,430007,CHM-430007,PEND-430007,2102.376,,,unidad,unidad,1.0,0,Pinturas,Aplicacion,,,
SPRAY NEGRO ALTA T? CAJA 12 UNS,430010,CHM-430010,PEND-430010,3970.82,,,unidad,unidad,1.0,0,General,Otros,,,
SPRAY METALICO CROMO DORADO 400 ML CAJA 12 UNS,430011,CHM-430011,PEND-430011,2820.236,,,unidad,unidad,1.0,0,General,Otros,,,
SPRAY NEGRO OPACO 400 ML CAJA 12 UNS,430013,CHM-430013,PEND-430013,2102.376,,,unidad,unidad,1.0,0,General,Otros,,,
SPRAY BLANCO OPACO 400 ML CAJA 12 UNS,430014,CHM-430014,PEND-430014,2102.376,,,unidad,unidad,1.0,0,General,Otros,,,
SPRAY GRIS BRILLANTE 400 ML CAJA 12 UNS,430015,CHM-430015,PEND-430015,2102.376,,,unidad,unidad,1.0,0,General,Otros,,,
STAIN IMPREGNANTE INCOLORO GL CAJA 4 UNS,440022,CHM-440022,PEND-440022,18084.048,,,galon,galon,1.0,0,General,Otros,,,
STAIN MIEL PROTECTOR IMPREGNANTE GLN (4 UN),440025,CHM-440025,PEND-440025,15956.572,,,galon,galon,1.0,0,General,Otros,,,
STAIN IMPREGNANTE ALERCE GL CAJA 4 UNS,440031,CHM-440031,PEND-440031,18084.048,,,galon,galon,1.0,0,General,Otros,,,
STAIN IMPREGNANTE NOGAL GL CAJA 4 UNS,440034,CHM-440034,PEND-440034,18084.048,,,galon,galon,1.0,0,General,Otros,,,
STAIN IMPREGNANTE ROBLE GL CAJA 4 UNS,440037,CHM-440037,PEND-440037,18084.048,,,galon,galon,1.0,0,General,Otros,,,
STAIN IMPREGNANTE CAOBA GL CAJA 4 UNS,440082,CHM-440082,PEND-440082,18084.048,,,galon,galon,1.0,0,General,Otros,,,
ESTUFA PARAFINA KPM-3300,0501010104124I,CHM-0501010104124I,PEND-0501010104124I,78964.1482,,,unidad,unidad,1.0,0,General,Otros,,,
MATA RAIZ SOLIDO 500 GRS CAJA 40 UNS,502167,CHM-502167,PEND-502167,3185.692,,,unidad,unidad,1.0,0,General,Otros,,,
DESTAPADOR BIOLOGICO FOSAS 946 ML,502180,CHM-502180,PEND-502180,8208.704,,,unidad,unidad,1.0,0,General,Otros,,,
"FLEXIBLE HI-HI 1/2"" 100 CM",050433011-T,CHM-050433011-T,PEND-050433011-T,1895.552,,,unid.,unid.,1.0,0,General,Otros,,,
FLEXIBLE HI-HI 1/2 25 CM - TAUMM,050433211-T,CHM-050433211-T,PEND-050433211-T,985.928,,,unid.,unid.,1.0,0,General,Otros,,,
FLEXIBLE HI-HI 1/2 25 CM TAUMM,050433212-T,CHM-050433212-T,PEND-050433212-T,719.868,,,unid.,unid.,1.0,0,General,Otros,,,
FLEXIBLE HI-HI 1/2 25 CM SIN,050433213-N,CHM-050433213-N,PEND-050433213-N,468.868,,,unid.,unid.,1.0,0,General,Otros,,,
FLEXIBLE HI-HE 1/2 25 CM - TAUMM,050433221-T,CHM-050433221-T,PEND-050433221-T,931.712,,,unid.,unid.,1.0,0,General,Otros,,,
FLEXIBLE HE-HI 1/2 25 CM TAUMM,050433222-T,CHM-050433222-T,PEND-050433222-T,678.704,,,unid.,unid.,1.0,0,General,Otros,,,
FLEXIBLE HI-HI 1/2 30 CM - TAUMM,050433311-T,CHM-050433311-T,PEND-050433311-T,1018.056,,,unid.,unid.,1.0,0,General,Otros,,,
FLEXIBLE HI-HI 1/2 30 CM TAUMM,050433312-T,CHM-050433312-T,PEND-050433312-T,816.252,,,unid.,unid.,1.0,0,General,Otros,,,
FLEXIBLE HI-HE 1/2 30 CM - TAUMM,050433321-T,CHM-050433321-T,PEND-050433321-T,963.84,,,unid.,unid.,1.0,0,General,Otros,,,
FLEXIBLE HE-HI 1/2 30 CM TAUMM,050433322-T,CHM-050433322-T,PEND-050433322-T,716.856,,,unid.,unid.,1.0,0,General,Otros,,,
FLEXIBLE HI-HI 1/2 35 CM TAUMM,050433412-T,CHM-050433412-T,PEND-050433412-T,795.168,,,unid.,unid.,1.0,0,General,Otros,,,
FLEXIBLE HI-HE 1/2 35 CM - TAUMM,050433421-T,CHM-050433421-T,PEND-050433421-T,1036.128,,,unid.,unid.,1.0,0,General,Otros,,,
FLEXIBLE HE-HI 1/2 35 CM TAUMM,050433422-T,CHM-050433422-T,PEND-050433422-T,770.068,,,unid.,unid.,1.0,0,General,Otros,,,
FLEXIBLE HI-HI 1/2 40 CM - TAUMM,050433511-T,CHM-050433511-T,PEND-050433511-T,1105.404,,,unid.,unid.,1.0,0,General,Otros,,,
FLEXIBLE HI-HI 1/2 40 CM TAUMM,050433512-T,CHM-050433512-T,PEND-050433512-T,865.448,,,unid.,unid.,1.0,0,General,Otros,,,
FLEXIBLE HI-HE 1/2 40 CM - TAUMM,050433521-T,CHM-050433521-T,PEND-050433521-T,1086.328,,,unid.,unid.,1.0,0,General,Otros,,,
FLEXIBLE HE-HI 1/2 40 CM TAUMM,050433522-T,CHM-050433522-T,PEND-050433522-T,832.316,,,unid.,unid.,1.0,0,General,Otros,,,
FLEXIBLE HI-HI 1/2 50 CM - TAUMM,050433612-T,CHM-050433612-T,PEND-050433612-T,910.628,,,unid.,unid.,1.0,0,General,Otros,,,
FLEXIBLE HI-HE 1/2 50 CM - TAUMM,050433622-T,CHM-050433622-T,PEND-050433622-T,899.584,,,unid.,unid.,1.0,0,General,Otros,,,
"FLEXIBLE HI-HI 1/2"" 60 CM",050433712-T,CHM-050433712-T,PEND-050433712-T,1034.12,,,unid.,unid.,1.0,0,General,Otros,,,
"FLEXIBLE HE-HI 1/2"" 60 CM",050433722-T,CHM-050433722-T,PEND-050433722-T,998.98,,,unid.,unid.,1.0,0,General,Otros,,,
FLEXIBLE HI-HI 1/2 X 15/16 35 CM TAUMM,050473422-T,CHM-050473422-T,PEND-050473422-T,828.3,,,unid.,unid.,1.0,0,General,Otros,,,
FLEXIBLE NYLON ACERO LAVADORA-HI 3/4 150 CM - TAUMM,050705811-T,CHM-050705811-T,PEND-050705811-T,1157.612,,,unid.,unid.,1.0,0,Aceros y Techumbre,Planchas,,,
CADENA ESLABON CORTO 4MMX61,50923010,CHM-50923010,PEND-50923010,1557.204,,,mts,mts,1.0,0,General,Otros,,,
CADENA ESLABON CORTO 5MMX61,50923015,CHM-50923015,PEND-50923015,2473.856,,,mts,mts,1.0,0,General,Otros,,,
CADENA ESLABON CORTO 6MMX61,50923020,CHM-50923020,PEND-50923020,4117.404,,,mts,mts,1.0,0,General,Otros,,,
CADENA ESLABON CORTO 8MMX30,50923025,CHM-50923025,PEND-50923025,4372.42,,,mts,mts,1.0,0,General,Otros,,,
FLEXIBLE HE-HI 1/2 X M10 35 CM AZUL - TAUMM,050939321-T,CHM-050939321-T,PEND-050939321-T,896.572,,,unid.,unid.,1.0,0,General,Otros,,,
"FLEXIBLE HE-HI M10X1 X 1/2"" 50 CM AZUL",050939621-T,CHM-050939621-T,PEND-050939621-T,1026.088,,,unid.,unid.,1.0,0,General,Otros,,,
PICAPORTE BASE RECTA 1078 2'' C/TORNILLOS ZINCADO DP 1 U,50962228,CHM-50962228,PEND-50962228,1131.508,,,display,display,1.0,0,Ferreteria,Fijaciones,,,
PICAPORTE BASE RECTA 1078 2 1/2'' C/TORNILLOS ZINCADO DP 1 U,50962231,CHM-50962231,PEND-50962231,1311.224,,,display,display,1.0,0,Ferreteria,Fijaciones,,,
PICAPORTE BASE RECTA 1078 3'' ZINCADO DP 1U,50962260,CHM-50962260,PEND-50962260,1705.796,,,display,display,1.0,0,Aceros y Techumbre,Planchas,,,
PICAPORTE C/PERFORACION P/CANDADO 70 MM C/TORNILLOS ZINCADO BOLSA,50988670,CHM-50988670,PEND-50988670,3609.38,,,bolsa,bolsa,1.0,0,Ferreteria,Fijaciones,,,
PICAPORTE C/PERFORACION P/CANDADO 70 MM C/TORNILLOS ZINCADO,50989570,CHM-50989570,PEND-50989570,4204.92268,,,display,display,1.0,0,Ferreteria,Fijaciones,,,
PICAPORTE C/PERFORACION P/CANDADO 100 MM C/TORNILLOS ZINCADO,50989600,CHM-50989600,PEND-50989600,5445.696,,,display,display,1.0,0,Ferreteria,Fijaciones,,,
PICAPORTE AL PISO Nº 320 300 X 15 MM ZINCADO,50998170,CHM-50998170,PEND-50998170,6827.2,,,unidad,unidad,1.0,0,Aceros y Techumbre,Planchas,,,
FLEXIBLE AGUA CALEFONT HI-HI 1/2 25 CM - TAUMM,051033211-T,CHM-051033211-T,PEND-051033211-T,1372.468,,,unid.,unid.,1.0,0,Construccion,Materiales,,,
"FLEXIBLE AGUA CALEFONT HI-HE 1/2"" 25 CM",051033221-t,CHM-051033221-T,PEND-051033221-T,1404.596,,,unid.,unid.,1.0,0,Construccion,Materiales,,,
"FLEXIBLE AGUA CALEFONT HI-HI  1/2"" 35 CM",051033411-T,CHM-051033411-T,PEND-051033411-T,1671.66,,,unid.,unid.,1.0,0,Construccion,Materiales,,,
"FLEXIBLE AGUA CALEFONT HI-HE  1/2"" 35 CM",051033421-T,CHM-051033421-T,PEND-051033421-T,1721.86,,,unid.,unid.,1.0,0,Construccion,Materiales,,,
ESCUADRA SILLA 1'' ZINCADO,51051150,CHM-51051150,PEND-51051150,216.864,,,unidad,unidad,1.0,0,Aceros y Techumbre,Planchas,,,
ESCUADRA SILLA 1 1/2'' ZINCADO,51051168,CHM-51051168,PEND-51051168,229.916,,,unidad,unidad,1.0,0,Aceros y Techumbre,Planchas,,,
ESCUADRA SILLA 2'' ZINCADO,51051228,CHM-51051228,PEND-51051228,260.036,,,unidad,unidad,1.0,0,Aceros y Techumbre,Planchas,,,
ESCUADRA SILLA 2 1/2'' ZINCADO,51051231,CHM-51051231,PEND-51051231,341.36,,,unidad,unidad,1.0,0,Aceros y Techumbre,Planchas,,,
ESCUADRA SILLA 3'' ZINCADO,51051260,CHM-51051260,PEND-51051260,376.5,,,unidad,unidad,1.0,0,Aceros y Techumbre,Planchas,,,
ESCUADRA SILLA 3 1/2'' ZINCADO,51051262,CHM-51051262,PEND-51051262,587.34,,,unidad,unidad,1.0,0,Aceros y Techumbre,Planchas,,,
ESCUADRA SILLA 4'' ZINCADO,51051280,CHM-51051280,PEND-51051280,607.42,,,un,un,1.0,0,Aceros y Techumbre,Planchas,,,
ESCUADRA ESTANTE 3 X 4'' ESMALTADO BLANCO,51057270,CHM-51057270,PEND-51057270,346.38,,,unidad,unidad,1.0,0,General,Otros,,,
ESCUADRA ESTANTE 4 X 5'' ESMALTADO BLANCO,51057290,CHM-51057290,PEND-51057290,451.8,,,unidad,unidad,1.0,0,General,Otros,,,
ESCUADRA ESTANTE 5 X 6'' ESMALTADO BLANCO,51057302,CHM-51057302,PEND-51057302,519.068,,,unidad,unidad,1.0,0,General,Otros,,,
ESCUADRA ESTANTE 6 X 8'' ESMALTADO BLANCO,51057311,CHM-51057311,PEND-51057311,732.92,,,unidad,unidad,1.0,0,General,Otros,,,
ESCUADRA ESTANTE 8 X 10'' ESMALTADO BLANCO,51057331,CHM-51057331,PEND-51057331,1207.812,,,unidad,unidad,1.0,0,General,Otros,,,
ESCUADRA ESTANTE 10 X 12'' ESMALTADO BLANCO,51057352,CHM-51057352,PEND-51057352,1624.472,,,unidad,unidad,1.0,0,General,Otros,,,
ESCUADRA ESTANTE 12 X 14'' ESMALTADO BLANCO,51057360,CHM-51057360,PEND-51057360,2131.492,,,unidad,unidad,1.0,0,General,Otros,,,
PORTACANDADO N° 915 ZINC 11/2 1UN (DP),51111168,CHM-51111168,PEND-51111168,928.7,,,display,display,1.0,0,Aceros y Techumbre,Planchas,,,
PORTACANDADO N° 915 ZINC 21/2 1UN (DP),51111231,CHM-51111231,PEND-51111231,1272.068,,,display,display,1.0,0,Aceros y Techumbre,Planchas,,,
PORTACANDADO N° 915 ZINC 31/2 1UN (DP),51111262,CHM-51111262,PEND-51111262,2239.924,,,display,display,1.0,0,Aceros y Techumbre,Planchas,,,
PORTACANDADO N° 915 ZINC 41/2 1UN (DP),51111281,CHM-51111281,PEND-51111281,2560.2,,,display,display,1.0,0,Aceros y Techumbre,Planchas,,,
"FLEXIBLE GAS HI-HI 1/2"" 60 CM",051133711-T,CHM-051133711-T,PEND-051133711-T,3078.264,,,unid.,unid.,1.0,0,General,Otros,,,
FLEXIBLE GAS HI-HI 1/2 100 CM,051133811-T,CHM-051133811-T,PEND-051133811-T,3799.136,,,unid.,unid.,1.0,0,General,Otros,,,
CERROJO PORTACANDADO N°920 4'' ZINCADO DP 1 U C/TORNILLOS,51168280,CHM-51168280,PEND-51168280,2616.424,,,display,display,1.0,0,Ferreteria,Fijaciones,,,
CERROJO PORTACANDADO N°920 5'' ZINCADO DP 1 U C/TORNILLOS,51168281,CHM-51168281,PEND-51168281,3596.328,,,display,display,1.0,0,Ferreteria,Fijaciones,,,
CERROJO CARCELERO C/TORN. 8'' ZINCADO,51180008,CHM-51180008,PEND-51180008,7886.42,,,unidad,unidad,1.0,0,Aceros y Techumbre,Planchas,,,
CERROJO CARCELERO C/TORN. 10'' ZINCADO,51180010,CHM-51180010,PEND-51180010,8738.816,,,unidad,unidad,1.0,0,Aceros y Techumbre,Planchas,,,
GANCHO PERCHA DOBLE 100MM ZA.BRONCEADO DPL 1U,51301110,CHM-51301110,PEND-51301110,2078.28,,,display,display,1.0,0,General,Otros,,,
GANCHO PERCHA DOBLE 48MM ZA.BRONCEADO DPL 1U,51301120,CHM-51301120,PEND-51301120,1932.7,,,display,display,1.0,0,General,Otros,,,
BURLETE ADHESIVO 1.00 MTS ALUMINIO PLATA,51315130,CHM-51315130,PEND-51315130,16616.2,,,unidad,unidad,1.0,0,General,Otros,,,
MANILLA ESTANDAR ZINCADO,51334780,CHM-51334780,PEND-51334780,991.952,,,unidad,unidad,1.0,0,Aceros y Techumbre,Planchas,,,
FLEX. C/ LLAVE ANGULAR HE-HI 1/2 X 7/8 25 CM,051336222-T,CHM-051336222-T,PEND-051336222-T,2441.728,,,unid.,unid.,1.0,0,Gasfiteria,Tuberias y Conexiones,,,
FLEX. C/ LLAVE ANGULAR HE-HI 1/2 X 7/8 30 CM,051336322-T,CHM-051336322-T,PEND-051336322-T,2778.068,,,unid.,unid.,1.0,0,Gasfiteria,Tuberias y Conexiones,,,
FLEX. C/ LLAVE ANGULAR HE-HI 1/2 X 7/8 35 CM,051336422-T,CHM-051336422-T,PEND-051336422-T,2646.544,,,unid.,unid.,1.0,0,Gasfiteria,Tuberias y Conexiones,,,
RETEN MAGNETICO BLANCO 45X15,51339790,CHM-51339790,PEND-51339790,396.58,,,unidad,unidad,1.0,0,General,Otros,,,
TOPE PUERTA PLASTICO NEGRO GOMA,51345700,CHM-51345700,PEND-51345700,586.336,,,unidad,unidad,1.0,0,General,Otros,,,
TOPE PUERTA PLASTICO CAFE GOMA,51345701,CHM-51345701,PEND-51345701,586.336,,,unidad,unidad,1.0,0,General,Otros,,,
TRAMPAS RATON ZINCADO BL 1 U,51360200,CHM-51360200,PEND-51360200,3430.668,,,bolsa,bolsa,1.0,0,Aceros y Techumbre,Planchas,,,
FLEXIBLE GAS HI-HI 3/8 (IZQ) X 1/2 60 CM - TAUMM,0515A3711-T,CHM-0515A3711-T,PEND-0515A3711-T,3344.324,,,unid.,unid.,1.0,0,General,Otros,,,
FLEXIBLE GAS HI-HI 3/8 (IZQ) X 1/2 100 CM - TAUMM,0515A3811-T,CHM-0515A3811-T,PEND-0515A3811-T,3629.46,,,unid.,unid.,1.0,0,General,Otros,,,
RUEDA PLASTICA C/PLACA TIPO YO-YO 40 MM NYLON,51710140,CHM-51710140,PEND-51710140,527.1,,,unidad,unidad,1.0,0,General,Otros,,,
RUEDA PLASTICA C/PLACA TIPO YO-YO 50 MM NYLON,51710150,CHM-51710150,PEND-51710150,662.64,,,unidad,unidad,1.0,0,General,Otros,,,
RUEDA PARA CAMA CAFÉ C/PLACA Y FRENO NYLON,51740030,CHM-51740030,PEND-51740030,2085.308,,,unidad,unidad,1.0,0,General,Otros,,,
CUBREJUNTA N° 1300 BRONCEADO 0.80 MTS,52402137,CHM-52402137,PEND-52402137,4973.816,,,unidad,unidad,1.0,0,General,Otros,,,
CUBREJUNTA N° 1300 BRONCEADO 1 MT,52402150,CHM-52402150,PEND-52402150,5906.532,,,unidad,unidad,1.0,0,General,Otros,,,
DEFENSA MURO ESCORPION 90º  ( 15 U ),52494000,CHM-52494000,PEND-52494000,3298.14,,,unidad,unidad,1.0,0,General,Otros,,,
DEFENSA MURO ESCORPION 90° 125°DOBLE  ( 6 U ),52494650,CHM-52494650,PEND-52494650,6875.392,,,unidad,unidad,1.0,0,General,Otros,,,
CANDADO SERIE P-2000 30 MM BRONCE PULIDO,52602130,CHM-52602130,PEND-52602130,3503.96,,,unidad,unidad,1.0,0,Hogar,Banio y Decoracion,,,
CANDADO SERIE P-2000 40 MM BRONCE PULIDO,52602140,CHM-52602140,PEND-52602140,4493.904,,,unidad,unidad,1.0,0,Hogar,Banio y Decoracion,,,
CANDADO SERIE P-2000 50 MM BRONCE PULIDO,52602150,CHM-52602150,PEND-52602150,7239.844,,,unidad,unidad,1.0,0,Hogar,Banio y Decoracion,,,
CANDADO SERIE P-2000 60 MM BRONCE PULIDO,52602160,CHM-52602160,PEND-52602160,11088.176,,,unidad,unidad,1.0,0,Hogar,Banio y Decoracion,,,
MASCARA DE SOLDAR ECONOMICA,52700125,CHM-52700125,PEND-52700125,3915.6,,,unidad,unidad,1.0,0,General,Otros,,,
GUANTE ALBAÑIL NEGRO T/9,52700437,CHM-52700437,PEND-52700437,1034.12,,,unidad,unidad,1.0,0,General,Otros,,,
PANTALON CARGO AZUL T/M,52701110,CHM-52701110,PEND-52701110,7366.348,,,unidad,unidad,1.0,0,General,Otros,,,
PANTALON CARGO AZUL T/L,52701115,CHM-52701115,PEND-52701115,7366.348,,,unidad,unidad,1.0,0,General,Otros,,,
PANTALON CARGO AZUL T/XL,52701120,CHM-52701120,PEND-52701120,7366.348,,,unidad,unidad,1.0,0,General,Otros,,,
PANTALON CARGO AZUL T/XXL,52701125,CHM-52701125,PEND-52701125,7366.348,,,unidad,unidad,1.0,0,General,Otros,,,
LENTE DAUMER L 200 GRIS,53201212,CHM-53201212,PEND-53201212,607.42,,,unidad,unidad,1.0,0,General,Otros,,,
LENTE DAUMER L 300 GRIS C/CORDON,53201214,CHM-53201214,PEND-53201214,785.128,,,unidad,unidad,1.0,0,General,Otros,,,
LENTE DAUMER L 600 PRO GRIS,53201241,CHM-53201241,PEND-53201241,2233.9,,,unidad,unidad,1.0,0,General,Otros,,,
LENTE DAUMER L 600 PRO CLARO,53201242,CHM-53201242,PEND-53201242,2359.4,,,unidad,unidad,1.0,0,General,Otros,,,
LENTE DAUMER L 700 GRIS,53201250,CHM-53201250,PEND-53201250,1581.3,,,unidad,unidad,1.0,0,General,Otros,,,
CAPA DE AGUA IMPERMEABLE AZUL,53201480,CHM-53201480,PEND-53201480,5276.02,,,unidad,unidad,1.0,0,General,Otros,,,
DISCO FLAP ACO W-MAX 115MM G120 ( CAJA 10 UNIDADES),57831212060110,CHM-57831212060110,PEND-57831212060110,592.36,,,caja,caja,1.0,0,Herramientas,Discos y Corte,,,
LIJA P/MURO ANTIEMBOTAMIENTO G220 ( CAJA 25 UNIDADES),58319822060125,CHM-58319822060125,PEND-58319822060125,130.52,,,caja,caja,1.0,0,General,Otros,,,
CAJA DE DISTRIBUCIÓN P/ TABIQUE SOPORE METALICO METÁLICA COLOR NARANJA,0600CE0516,CHM-0600CE0516,PEND-0600CE0516,477.904,,,unidad,unidad,1.0,0,General,Otros,,,
VÁLVULA COMPUERTA 3/4 TAUMM,060244000-T,CHM-060244000-T,PEND-060244000-T,3590.304,,,unid.,unid.,1.0,0,General,Otros,,,
VÁLVULA FONDO (PIE) C/FILTRO AC.INOX. 1 TAUMM,060455000-T,CHM-060455000-T,PEND-060455000-T,1955.792,,,unid.,unid.,1.0,0,General,Otros,,,
VÁLVULA RETENCIÓN VERTICAL (SPRING) 1/2 TAUMM,060533000-T,CHM-060533000-T,PEND-060533000-T,1405.6,,,unid.,unid.,1.0,0,Construccion,Materiales,,,
"VÁLVULA RETENCIÓN VERTICAL ÉMBOLO METAL (SPRING) 1/2""",060533001-T,CHM-060533001-T,PEND-060533001-T,1689.732,,,unid.,unid.,1.0,0,Construccion,Materiales,,,
"VÁLVULA RETENCIÓN VERTICAL ÉMBOLO METAL (SPRING) 3/4""",060544001-T,CHM-060544001-T,PEND-060544001-T,2289.12,,,unid.,unid.,1.0,0,Construccion,Materiales,,,
VÁLVULA RETENCIÓN VERTICAL (SPRING) 1 TAUMM,060555000-T,CHM-060555000-T,PEND-060555000-T,3164.608,,,unid.,unid.,1.0,0,Construccion,Materiales,,,
"VÁLVULA RETENCIÓN VERTICAL ÉMBOLO METAL (SPRING) 1""",060555001-T,CHM-060555001-T,PEND-060555001-T,3317.216,,,unid.,unid.,1.0,0,Construccion,Materiales,,,
VÁLVULA RETENCIÓN VERTICAL (SPRING) 1 1/4 TAUMM,060566000-T,CHM-060566000-T,PEND-060566000-T,4257.964,,,unid.,unid.,1.0,0,Construccion,Materiales,,,
"VÁLVULA RETENCIÓN VERTICAL ÉMBOLO METAL (SPRING) 2""",060588001-T,CHM-060588001-T,PEND-060588001-T,11126.328,,,unid.,unid.,1.0,0,Construccion,Materiales,,,
VÁLVULA RETENCIÓN CHAPALETA (VAIVÉN) 3/4 TAUMM,060644000-T,CHM-060644000-T,PEND-060644000-T,2173.66,,,unid.,unid.,1.0,0,General,Otros,,,
VÁLVULA RETENCIÓN CHAPALETA (VAIVÉN) 1 TAUMM,060655000-T,CHM-060655000-T,PEND-060655000-T,3358.38,,,unid.,unid.,1.0,0,General,Otros,,,
VÁLVULA RETENCIÓN CHAPALETA (VAIVÉN) 1 1/4 TAUMM,060666000-T,CHM-060666000-T,PEND-060666000-T,5326.22,,,unid.,unid.,1.0,0,General,Otros,,,
VÁLVULA RETENCIÓN CHAPALETA (VAIVÉN) 2 TAUMM,060688000-T,CHM-060688000-T,PEND-060688000-T,11359.256,,,unid.,unid.,1.0,0,General,Otros,,,
SIERRA CIRCULAR 180MM ( CAJA 10 UNIDADES),6100241806011,CHM-6100241806011,PEND-6100241806011,2901.56,,,caja,caja,1.0,0,Herramientas,Discos y Corte,,,
"APOYO 10X20X30 (FACTOR DE CARGA 25,68)",613090012,CHM-613090012,PEND-613090012,1606.4,,,Unidad,Unidad,1.0,0,General,Otros,,,
"CUBIERTA 0,60 REDONDA AR (FACTOR DE CARGA 49,44)",614010057,CHM-614010057,PEND-614010057,7731.804,,,unidad,unidad,1.0,0,General,Otros,,,
DIAMANTADO 115MM CONTINUO W-MAX ( CAJA 10 UNIDADES),0668115111CL01,CHM-0668115111CL01,PEND-0668115111CL01,1594.352,,,caja,caja,1.0,0,General,Otros,,,
DIAMANTADO 115MM SEGMENTADO W-MAX ( CAJA 10 UNIDADES),0668115112CL01,CHM-0668115112CL01,PEND-0668115112CL01,1712.824,,,caja,caja,1.0,0,General,Otros,,,
ALARGADOR MULTIPLE 10 MTS 2P + T 250V / 10A / 2000 WATTS - NEGRO,0700EE0010,CHM-0700EE0010,PEND-0700EE0010,16076.048,,,unidad,unidad,1.0,0,General,Otros,,,
LLAVE ANGULAR HE-HE 1/2 TAUMM,070100320-T,CHM-070100320-T,PEND-070100320-T,1430.7,,,unid.,unid.,1.0,0,Gasfiteria,Tuberias y Conexiones,,,
LLAVE DE BOLA PARA JARDÍN/LAVADERO 1/2- ZAMAK,070200322-T,CHM-070200322-T,PEND-070200322-T,1269.056,,,unid.,unid.,1.0,0,Gasfiteria,Tuberias y Conexiones,,,
"LLAVE DE BOLA PARA JARDÍN/LAVADERO 1/2"" OTRA",070200325-T,CHM-070200325-T,PEND-070200325-T,2187.716,,,unid.,unid.,1.0,0,Gasfiteria,Tuberias y Conexiones,,,
"LLAVE DE BOLA PARA JARDÍN/LAVADERO 3/4"" OTRA",070200425-T,CHM-070200425-T,PEND-070200425-T,2411.608,,,unid.,unid.,1.0,0,Gasfiteria,Tuberias y Conexiones,,,
LLAVE DE BOLA PARA JARDÍN/LAVADERO 1 TAUMM,070200521-T,CHM-070200521-T,PEND-070200521-T,5553.124,,,unid.,unid.,1.0,0,Gasfiteria,Tuberias y Conexiones,,,
"LLAVE DE PASO PARA GAS HI-HE 1/2""",070300331-T,CHM-070300331-T,PEND-070300331-T,1957.8,,,unid.,unid.,1.0,0,Gasfiteria,Tuberias y Conexiones,,,
LLAVE DE PASO SO-SO CAMPANA CROMADA 1/2 TAUMM,070400321-T,CHM-070400321-T,PEND-070400321-T,5226.824,,,unid.,unid.,1.0,0,Gasfiteria,Tuberias y Conexiones,,,
LL.PASO SO-SO SUPERIOR CROMADA 1/2 MAN.CRUZ CPO,070500322-T,CHM-070500322-T,PEND-070500322-T,3853.352,,,unid.,unid.,1.0,0,General,Otros,,,
LL.PASO SO-SO SUPERIOR CROMADA 3/4 MAN.CRUZ CP,070500422-T,CHM-070500422-T,PEND-070500422-T,4632.456,,,unid.,unid.,1.0,0,General,Otros,,,
LLAVE DE PASO SO 1/2 CUELLO ALTO BRONCE TAUMM,070600323-T,CHM-070600323-T,PEND-070600323-T,2162.616,,,unid.,unid.,1.0,0,Gasfiteria,Tuberias y Conexiones,,,
"LLAVE DE PASO SO 1/2"" OTRA",070600325-T,CHM-070600325-T,PEND-070600325-T,1298.172,,,unid.,unid.,1.0,0,Gasfiteria,Tuberias y Conexiones,,,
"LLAVE JARDÍN HE-HE 1/2"" OTRA",070700325-T,CHM-070700325-T,PEND-070700325-T,1841.336,,,unid.,unid.,1.0,0,Gasfiteria,Tuberias y Conexiones,,,
"LLAVE JARDÍN HE-HE 3/4"" OTRA",070700425-T,CHM-070700425-T,PEND-070700425-T,2924.652,,,unid.,unid.,1.0,0,Gasfiteria,Tuberias y Conexiones,,,
LLAVE LAVADORA CON FLANGE 1/2 X 3/4 TAUMM,070803421-T,CHM-070803421-T,PEND-070803421-T,4803.136,,,unid.,unid.,1.0,0,Gasfiteria,Tuberias y Conexiones,,,
DESTORNILLADOR PLANO 3X150MM,7153800030601,CHM-7153800030601,PEND-7153800030601,667.66,,,unidad,unidad,1.0,0,General,Otros,,,
"DESTORNILLADORPLANO 6,5X150MM",7153800090601,CHM-7153800090601,PEND-7153800090601,994.32144,,,unidad,unidad,1.0,0,General,Otros,,,
DESTORNILLADOR VASO HEX.6X125MM,7153800420601,CHM-7153800420601,PEND-7153800420601,1957.8,,,unidad,unidad,1.0,0,General,Otros,,,
DESTORNILLADOR VASO HEX.8X125MM,7153800440601,CHM-7153800440601,PEND-7153800440601,1997.96,,,unidad,unidad,1.0,0,General,Otros,,,
PITILLA ALGODON OVILLO 50 GRS.,079-1124,CHM-079-1124,PEND-079-1124,11493.792,,,kg,kg,1.0,0,General,Otros,,,
"BUSHING HE-HI 3/4"" X 1/2""",080143000-T,CHM-080143000-T,PEND-080143000-T,790.148,,,unid.,unid.,1.0,0,General,Otros,,,
"CODO SO-HE 1/2""",080433000-T,CHM-080433000-T,PEND-080433000-T,745.972,,,unid.,unid.,1.0,0,Gasfiteria,Tuberias y Conexiones,,,
"CODO SO-HE 1""",080455000-T,CHM-080455000-T,PEND-080455000-T,2250.968,,,unid.,unid.,1.0,0,Gasfiteria,Tuberias y Conexiones,,,
"CODO SO-HI 1/2""",080533000-T,CHM-080533000-T,PEND-080533000-T,746.976,,,unid.,unid.,1.0,0,Gasfiteria,Tuberias y Conexiones,,,
"CODO SO-HI 3/4""",080544000-T,CHM-080544000-T,PEND-080544000-T,1275.08,,,unid.,unid.,1.0,0,Gasfiteria,Tuberias y Conexiones,,,
"CODO SO-SO 1/2""",080633000-T,CHM-080633000-T,PEND-080633000-T,354.412,,,unid.,unid.,1.0,0,Gasfiteria,Tuberias y Conexiones,,,
"CODO SO-SO 3/4""",080644000-T,CHM-080644000-T,PEND-080644000-T,881.512,,,unid.,unid.,1.0,0,Gasfiteria,Tuberias y Conexiones,,,
"CODO SO-SO 1""",080655000-T,CHM-080655000-T,PEND-080655000-T,1823.264,,,unid.,unid.,1.0,0,Gasfiteria,Tuberias y Conexiones,,,
"COPLA SO-SO 1/2"" X 3/8""",080732000-T,CHM-080732000-T,PEND-080732000-T,344.372,,,unid.,unid.,1.0,0,General,Otros,,,
"COPLA SO-SO 1/2""",080733000-T,CHM-080733000-T,PEND-080733000-T,288.148,,,unid.,unid.,1.0,0,General,Otros,,,
"COPLA SO-SO 1/2"" PASADA",080733100-T,CHM-080733100-T,PEND-080733100-T,285.136,,,unid.,unid.,1.0,0,General,Otros,,,
"COPLA SO-SO 3/4"" X 1/2""",080743000-T,CHM-080743000-T,PEND-080743000-T,600.392,,,unid.,unid.,1.0,0,General,Otros,,,
"COPLA SO-SO 3/4""",080744000-T,CHM-080744000-T,PEND-080744000-T,636.536,,,unid.,unid.,1.0,0,General,Otros,,,
"TAPAGORRO HI 1/2""",080830000-T,CHM-080830000-T,PEND-080830000-T,541.156,,,unid.,unid.,1.0,0,General,Otros,,,
"TAPA GORRO SO 1/2""",080930000-T,CHM-080930000-T,PEND-080930000-T,226.904,,,unid.,unid.,1.0,0,General,Otros,,,
"TAPA GORRO SO 3/4""",080940000-T,CHM-080940000-T,PEND-080940000-T,498.988,,,unid.,unid.,1.0,0,General,Otros,,,
"TAPON MACHO 1/2""",081030000-T,CHM-081030000-T,PEND-081030000-T,418.668,,,unid.,unid.,1.0,0,General,Otros,,,
"TEE SO-SO-HI 1/2""",081233300-T,CHM-081233300-T,PEND-081233300-T,995.968,,,unid.,unid.,1.0,0,Gasfiteria,Tuberias y Conexiones,,,
"TEE SO-SO-HI 3/4""",081244400-T,CHM-081244400-T,PEND-081244400-T,2030.088,,,unid.,unid.,1.0,0,Gasfiteria,Tuberias y Conexiones,,,
"TEE SO-SO-SO 1/2""",081333300-T,CHM-081333300-T,PEND-081333300-T,512.04,,,unid.,unid.,1.0,0,Gasfiteria,Tuberias y Conexiones,,,
"TEE SO-SO-SO 1""",081355500-T,CHM-081355500-T,PEND-081355500-T,2783.088,,,unid.,unid.,1.0,0,Gasfiteria,Tuberias y Conexiones,,,
"TERMINAL SO-HE 3/8""",081422000-T,CHM-081422000-T,PEND-081422000-T,350.396,,,unid.,unid.,1.0,0,General,Otros,,,
"TERMINAL SO-HE 1/2""",081433000-T,CHM-081433000-T,PEND-081433000-T,433.728,,,unid.,unid.,1.0,0,General,Otros,,,
"TERMINAL SO-HE 3/4""",081444000-T,CHM-081444000-T,PEND-081444000-T,794.164,,,unid.,unid.,1.0,0,General,Otros,,,
"TERMINAL SO-HE 1""",081455000-T,CHM-081455000-T,PEND-081455000-T,1433.712,,,unid.,unid.,1.0,0,General,Otros,,,
"TERMINAL SO-HI 3/8""",081522000-T,CHM-081522000-T,PEND-081522000-T,460.836,,,unid.,unid.,1.0,0,General,Otros,,,
"TERMINAL SO-HI 1/2""",081533000-T,CHM-081533000-T,PEND-081533000-T,567.26,,,unid.,unid.,1.0,0,General,Otros,,,
"TERMINAL SO-HI 3/4""",081544000-T,CHM-081544000-T,PEND-081544000-T,919.664,,,unid.,unid.,1.0,0,General,Otros,,,
"TERMINAL SO-HI 1""",081555000-T,CHM-081555000-T,PEND-081555000-T,2088.32,,,unid.,unid.,1.0,0,General,Otros,,,
"UNION AMERICANA SO-SO 1/2""",081933000-T,CHM-081933000-T,PEND-081933000-T,1496.964,,,unid.,unid.,1.0,0,General,Otros,,,
"UNION AMERICANA SO-SO 3/4""",081944000-T,CHM-081944000-T,PEND-081944000-T,2514.016,,,unid.,unid.,1.0,0,General,Otros,,,
"UNION AMERICANA SO-SO 1""",081955000-T,CHM-081955000-T,PEND-081955000-T,3937.688,,,unid.,unid.,1.0,0,General,Otros,,,
"NIPPLE HI HE (LATÓN) 1/2""",082733001-T,CHM-082733001-T,PEND-082733001-T,567.26,,,unid.,unid.,1.0,0,General,Otros,,,
"HILO CON TUERCA 1/2"" BRONCE",082933000-T,CHM-082933000-T,PEND-082933000-T,762.036,,,unid.,unid.,1.0,0,Ferreteria,Fijaciones,,,
"HILO CON TUERCA 3/4"" BRONCE",082944000-T,CHM-082944000-T,PEND-082944000-T,1143.556,,,unid.,unid.,1.0,0,Ferreteria,Fijaciones,,,
"HILO CON TUERCA 1"" BRONCE",082955000-T,CHM-082955000-T,PEND-082955000-T,1706.8,,,unid.,unid.,1.0,0,Ferreteria,Fijaciones,,,
PITILLA ALGODON OVILLO 100 GRS.,083-1132,CHM-083-1132,PEND-083-1132,11204.64,,,kg,kg,1.0,0,General,Otros,,,
PINTURA SPRAY AZUL OSCURO 400ML (CAJA 6 UNIDADES),8930120067106,CHM-8930120067106,PEND-8930120067106,1295.16,,,caja,caja,1.0,0,Pinturas,Aplicacion,,,
PINTURA SPRAY NEGRO MATE 400ML (CAJA 6 UNIDADES),8930120117101,CHM-8930120117101,PEND-8930120117101,1295.16,,,caja,caja,1.0,0,Pinturas,Aplicacion,,,
PINTURA SPRAY CELESTE 400ML (CAJA 6 UNIDADES),8930120127101,CHM-8930120127101,PEND-8930120127101,1295.16,,,caja,caja,1.0,0,Pinturas,Aplicacion,,,
PINTURA SPRAY BLANCO BRILLANTE 400ML (CAJA 6 UNIDADES),8930120137101,CHM-8930120137101,PEND-8930120137101,1295.16,,,caja,caja,1.0,0,Pinturas,Aplicacion,,,
PINTURA SPRAY NEGRO BRILLANTE 400ML (CAJA 6 UNIDADES),8930120177101,CHM-8930120177101,PEND-8930120177101,1295.16,,,caja,caja,1.0,0,Pinturas,Aplicacion,,,
PINTURA SPRAY ROJO 400ML (CAJA 6 UNIDADES),8930120217101,CHM-8930120217101,PEND-8930120217101,1295.16,,,caja,caja,1.0,0,Pinturas,Aplicacion,,,
SILICONA SPRAY W-MAX 300ML,89322131171012,CHM-89322131171012,PEND-89322131171012,2232.896,,,caja,caja,1.0,0,General,Otros,,,
ADHESIVO EPOXI ESR ( CAJA 12 UNIDADES),8934801307101,CHM-8934801307101,PEND-8934801307101,1495.96,,,caja,caja,1.0,0,General,Otros,,,
CAJA CHUQUI - BTICINO,089394BT,CHM-089394BT,PEND-089394BT,673.31252,,,unidad,unidad,1.0,0,General,Otros,,,
CAJA CHUQUI ZH - LEGRAND,089394CH,CHM-089394CH,PEND-089394CH,1035.16416,,,unidad,unidad,1.0,0,General,Otros,,,
SET ANCLAJE P/WC,09-06-030,CHM-09-06-030,PEND-09-06-030,821.272,,,unidad,unidad,1.0,0,Ferreteria,Fijaciones,,,
CINTA AISLANTE NEGRA ENERGY 18MMX20M,985182001961200,CHM-985182001961200,PEND-985182001961200,692.76,,,caja,caja,1.0,0,General,Otros,,,
CREMALLERA DE NYLON PARA PORTONES (600/800/BLACK):1-1-03010,1-1-03010,CHM-1-1-03010,PEND-1-1-03010,5321.2,,,unidad,unidad,1.0,0,General,Otros,,,
KIT PARA PORTON VELOTI SPEED 700 KG SIN CREMALLERAS,1-1-05406,CHM-1-1-05406,PEND-1-1-05406,89255.6,,,unidad,unidad,1.0,0,General,Otros,,,
KIT MOTOR VELOTI CASA 500 KG,1-1-06006,CHM-1-1-06006,PEND-1-1-06006,59336.4,,,kit,kit,1.0,0,General,Otros,,,
"MALLA RASCHEL 80% BICOLOR AZUL-BLANCA LIVIANA 4,20MT X 100M",10.D2,CHM-10D2,PEND-10D2,115269.24,,,rollo,rollo,1.0,0,General,Otros,,,
COMBO MUEBLE GUNNAR RESINA 40X22X62 DS33 1 PU,100-240,CHM-100-240,PEND-100-240,66253.96,,,unidad,unidad,1.0,0,General,Otros,,,
COMBO MUEBLE DE BANO BLANCO 500X820X430 GRIFE MOON,100-360,CHM-100-360,PEND-100-360,87472.496,,,unidad,unidad,1.0,0,General,Otros,,,
COMBO MUEBLE DE BAÑO CEREZO 500X820X430 C/GRIFERIA Y DESAGUE,100-70,CHM-100-70,PEND-100-70,60229.96,,,UNIDAD,UNIDAD,1.0,0,General,Otros,,,
BARRA CROMADA 12MM X 1.20 MT LISO,10000120,CHM-10000120,PEND-10000120,1317.248,,,unidad,unidad,1.0,0,General,Otros,,,
BARRA CROMADA 12MM X 1.40 MT LISO,10000140,CHM-10000140,PEND-10000140,1531.1,,,unidad,unidad,1.0,0,General,Otros,,,
BARRA CROMADA 12MM X 1.50 MT LISO,10000150,CHM-10000150,PEND-10000150,1768.044,,,unidad,unidad,1.0,0,General,Otros,,,
BARRA CROMADA 12MM X 1.80 MT LISO,10000180,CHM-10000180,PEND-10000180,2044.144,,,unidad,unidad,1.0,0,General,Otros,,,
BARRA CROMADA 12MM X 2.00 MT LISO,10000200,CHM-10000200,PEND-10000200,2196.752,,,unidad,unidad,1.0,0,General,Otros,,,
BARRA CROMADA 12MM X 2.50 MT LISO,10000250,CHM-10000250,PEND-10000250,2702.768,,,unidad,unidad,1.0,0,General,Otros,,,
BARRA CROMADA 12MM X 3.00 MT LISO,10000300,CHM-10000300,PEND-10000300,3234.888,,,unidad,unidad,1.0,0,General,Otros,,,
"ALICATE UNIVERSAL 8""",100008,CHM-100008,PEND-100008,2489.92,,,UNIDAD,UNIDAD,1.0,0,Herramientas,Discos y Corte,,,
CONTENEDOR TRANS. AQUA FP2 C/I 9'3/4-1'X1'-8BAR,100016,CHM-100016,PEND-100016,39058.4614,,,unidad,unidad,1.0,0,General,Otros,,,
LIMPIA CARBURADOR VERSACHEM 300 GR/426 ML,100021,CHM-100021,PEND-100021,5305.136,,,lata aerosol,lata aerosol,1.0,0,General,Otros,,,
CORTA HUMO VERSACHEM 355 ML,100022,CHM-100022,PEND-100022,3300.05764,,,botella,botella,1.0,0,General,Otros,,,
CARTUCHO AQUA BOB.HILO PP 9'3/4-50MIC,100023,CHM-100023,PEND-100023,5747.30764,,,unidad,unidad,1.0,0,General,Otros,,,
CARTUCHO AQUA CARBON ACT. 9'3/4,100025,CHM-100025,PEND-100025,21921.52676,,,unidad,unidad,1.0,0,General,Otros,,,
CARTUCHO AQUA MALLA 9'3/4-1/2'-1-80MIC,100028,CHM-100028,PEND-100028,15918.46016,,,unidad,unidad,1.0,0,General,Otros,,,
CONECTOR MACHO P/CABLE 25MM TEXAS-25,1000285,CHM-1000285,PEND-1000285,5269.996,,,unidad,unidad,1.0,0,Electricidad,Cables y Accesorios,,,
SUPER LOOSE AFLOJATODO VERSACHEM 170 GR/252 ML,100042,CHM-100042,PEND-100042,3282.076,,,Lata aerosol,Lata aerosol,1.0,0,General,Otros,,,
LIMPIADOR INYECTORES BENCINA VERSACHEM 355 ML,100044,CHM-100044,PEND-100044,3930.66,,,botella,botella,1.0,0,General,Otros,,,
611-GL REFRIGERANTE COOLANT 3.7 LTRS. -1°,100045,CHM-100045,PEND-100045,2712.808,,,galon,galon,1.0,0,General,Otros,,,
CEMENTO PARA RADIADOR VERSACHEM 50 GR.,100046,CHM-100046,PEND-100046,1237.932,,,bolsa,bolsa,1.0,0,Construccion,Materiales,,,
PURGANTE RADIADOR VERSACHEM 55 GR,100047,CHM-100047,PEND-100047,1237.932,,,bolsa,bolsa,1.0,0,General,Otros,,,
CANOA 18W CON TUBO LED,1000475,CHM-1000475,PEND-1000475,3162.6,,,unidad,unidad,1.0,0,Gasfiteria,Tuberias y Conexiones,,,
SELLADOR DE BLOCK Y CULATAS VERSACHEM 472 ML,100048,CHM-100048,PEND-100048,3825.24,,,botella,botella,1.0,0,General,Otros,,,
3 EN 1 / 90 ML. ACEITE,100050008,CHM-100050008,PEND-100050008,2141.09024,,,unidad,unidad,1.0,0,General,Otros,,,
WD-40 155 GRS.,100050050,CHM-100050050,PEND-100050050,3554.16,,,unidad,unidad,1.0,0,General,Otros,,,
WD-40 187 GR (155 + 20% GRATIS),100050051,CHM-100050051,PEND-100050051,5253.49024,,,unidad,unidad,1.0,0,General,Otros,,,
WD-40 226 GRS + 20%,100050053,CHM-100050053,PEND-100050053,4062.184,,,Unidad,Unidad,1.0,0,General,Otros,,,
WD-40 SPECIALIST LUBRICANTE DE SILICONA 311 GRS,100050077,CHM-100050077,PEND-100050077,6978.96464,,,unidad,unidad,1.0,0,General,Otros,,,
LIMPIADOR INYECTORES DIESEL VERSACHEM 355 ML,100054,CHM-100054,PEND-100054,3366.412,,,botella,botella,1.0,0,General,Otros,,,
PASTA DE PULIR VERSACHEM 300 GRS.,100060,CHM-100060,PEND-100060,3005.976,,,potes,potes,1.0,0,General,Otros,,,
25-AB SHAMPOO BOTELLA 355ML,100077,CHM-100077,PEND-100077,2449.76,,,botella,botella,1.0,0,General,Otros,,,
GRASA CONSISTENTE VERSACHEM 250 GRS,100099,CHM-100099,PEND-100099,2447.752,,,potes,potes,1.0,0,General,Otros,,,
GRASA CONSISTENTE VERSACHEM 800 GRS,100101,CHM-100101,PEND-100101,6277.008,,,potes,potes,1.0,0,General,Otros,,,
TIJERA PODAR 20 CMS. 1 MANO (0511 - 20) - ALTUNA,1001010,CHM-1001010,PEND-1001010,16200.544,,,un,un,1.0,0,General,Otros,,,
TIJERA H/CAMBIABLE M/PINTURA EPOXICA (4000 - 23) - ALTUNA,1001110,CHM-1001110,PEND-1001110,22807.868,,,un,un,1.0,0,Pinturas,Aplicacion,,,
LIQUIDO PARA FRENOS DOT-4 VERSCHEM 200 ML,100115,CHM-100115,PEND-100115,1997.96,,,botella,botella,1.0,0,General,Otros,,,
PERNO TIJERA PODAR DE 24 Y 26 CMS. (4125) - ALTUNA,1001185,CHM-1001185,PEND-1001185,1674.672,,,un,un,1.0,0,Ferreteria,Fijaciones,,,
BROCA CONCRETO STARCRAFT 4 MM,10014730040040,CHM-10014730040040,PEND-10014730040040,294.172,,,unidad,unidad,1.0,0,General,Otros,,,
BROCA CONCRETO STARCRAFT 8 MM,10014730040080,CHM-10014730040080,PEND-10014730040080,637.54,,,unidad,unidad,1.0,0,General,Otros,,,
DISCO DESVASTE FE TOLSEN 110 MM 76302,10016402607602,CHM-10016402607602,PEND-10016402607602,1100.72536,,,unidad,unidad,1.0,0,Herramientas,Discos y Corte,,,
BROCA SDS TOLSEN 6*160 75322,10016405007522,CHM-10016405007522,PEND-10016405007522,1053.88876,,,unidad,unidad,1.0,0,General,Otros,,,
PEGATANKE EPOXI NEGRO,1002006,CHM-1002006,PEND-1002006,5009.96,,,unidad,unidad,1.0,0,General,Otros,,,
PEGATANKE EPOXI BLANCO,1002007,CHM-1002007,PEND-1002007,4819.2,,,unidad,unidad,1.0,0,General,Otros,,,
ADHESIVO PVC - CPVC HUMEDO Y SECO 118 ML,1002057,CHM-1002057,PEND-1002057,2510.0,,,unidad,unidad,1.0,0,Gasfiteria,Tuberias y Conexiones,,,
PEGATANKE EPOXI ACERO,1002060,CHM-1002060,PEND-1002060,5009.96,,,unidad,unidad,1.0,0,Aceros y Techumbre,Planchas,,,
PEGATANKE EPOXI TRANSPARENTE,1002062,CHM-1002062,PEND-1002062,5009.96,,,unidad,unidad,1.0,0,General,Otros,,,
CINTA ADHESIVA TAPAGOTERA  COLOR NEGRO,1002082,CHM-1002082,PEND-1002082,6736.84,,,unidad,unidad,1.0,0,General,Otros,,,
CINTA ADHESIVA TAPAGOTERA  COLOR TRANSPARENTE,1002083,CHM-1002083,PEND-1002083,6736.84,,,unidad,unidad,1.0,0,General,Otros,,,
FORTE DOBLE CONTACTO SUPER NANO,1002088,CHM-1002088,PEND-1002088,5466.78,,,UNIDAD,UNIDAD,1.0,0,General,Otros,,,
FLOTADOR 150MM PRENSA ( 1' ),100322,CHM-100322,PEND-100322,5134.08452,,,unidad,unidad,1.0,0,General,Otros,,,
LIBERO FREEZER HORIZONTAL LFH-201,100323,CHM-100323,PEND-100323,136671.39756,,,unidad,unidad,1.0,0,General,Otros,,,
VALVULA FLOTANTE 1' P/PRENSA,100335,CHM-100335,PEND-100335,17534.93028,,,unidad,unidad,1.0,0,Gasfiteria,Tuberias y Conexiones,,,
VALVULA FLOTANTE 3/4' P/PRENSA,100340,CHM-100340,PEND-100340,12551.37548,,,unidad,unidad,1.0,0,Gasfiteria,Tuberias y Conexiones,,,
"ELECTROBOMBA PEDROLLO PKM 60-1 0,5HP 220V",100356,CHM-100356,PEND-100356,90450.36,,,unidad,unidad,1.0,0,General,Otros,,,
"ELECTROBOMBA PEDROLLO PKM 70-1 0,85HP 220V",100359,CHM-100359,PEND-100359,308633.85696,,,unidad,unidad,1.0,0,General,Otros,,,
"ELECTROBOMBA PEDROLLO PKM 80-1 1,0HP 220V",100360,CHM-100360,PEND-100360,293667.91168,,,unidad,unidad,1.0,0,General,Otros,,,
ELECTROBOMBA PEDROLLO CPM 158 1HP 220V,100369,CHM-100369,PEND-100369,223034.9856,,,unidad,unidad,1.0,0,General,Otros,,,
BARRA 19MM X 1.60 MT C/FLANCHE,10050160,CHM-10050160,PEND-10050160,3903.552,,,unidad,unidad,1.0,0,General,Otros,,,
BARRA 19MM X 2.00 MT C/FLANCHE,10050200,CHM-10050200,PEND-10050200,4292.1,,,unidad,unidad,1.0,0,General,Otros,,,
TRABADOR ROJO VERSACHEM 6 ML,100510,CHM-100510,PEND-100510,2727.868,,,display,display,1.0,0,General,Otros,,,
BARRA ANGULADA 19MM 0.75 X 0.75 C/FLANCHE,10051075,CHM-10051075,PEND-10051075,3536.088,,,unidad,unidad,1.0,0,General,Otros,,,
BARRA ANGULADA 19MM 0.80 X 0.80 C/FLANCHE,10051080,CHM-10051080,PEND-10051080,3728.856,,,unidad,unidad,1.0,0,General,Otros,,,
BARRA ANGULADA 19MM 1.00 X 1.00 C/FLANCHE,10051100,CHM-10051100,PEND-10051100,4512.98,,,unidad,unidad,1.0,0,General,Otros,,,
BARRA ANGULADA 19MM 0.75 X 1.75 C/FLANCHE,10051175,CHM-10051175,PEND-10051175,5493.888,,,unidad,unidad,1.0,0,General,Otros,,,
999-3C MEGA SILICONA GRIS (ULTRA GREY) 85 GRS,100520,CHM-100520,PEND-100520,4312.18,,,display,display,1.0,0,General,Otros,,,
TRABADOR AZUL VERSACHEM 6 ML,100526,CHM-100526,PEND-100526,2075.268,,,display,display,1.0,0,General,Otros,,,
CORTADORA DE CECINAS 300MM CON CORREA 1/3 HP,100560,CHM-100560,PEND-100560,791574.7342000001,,,unidad,unidad,1.0,0,General,Otros,,,
SACO CEMENTO ESPECIAL (25 KG),10056366-CONCEPCION,CHM-10056366-CONCEPCION,PEND-10056366-CONCEPCION,3587.0912000000003,,,Unidad,Unidad,1.0,0,Construccion,Materiales,,,
CONSERVADORA TAPA DURA 100 LTS,100650,CHM-100650,PEND-100650,116464.0,,,unidad,unidad,1.0,0,General,Otros,,,
CONSERVADORA VIDRIO SEMI-CURVA 500 LTS,100655,CHM-100655,PEND-100655,477703.2,,,unidad,unidad,1.0,0,General,Otros,,,
LUZ TOQUE 6 LED + 3 PILAS,100660,CHM-100660,PEND-100660,1009.02,,,UNIDAD,UNIDAD,1.0,0,General,Otros,,,
CONSERVADORA TAPA DURA DUAL 600 LTS,100664,CHM-100664,PEND-100664,432222.0,,,unidad,unidad,1.0,0,General,Otros,,,
DUCHA MOVIL BLANCA,10067,CHM-10067,PEND-10067,2027.076,,,unidad,unidad,1.0,0,General,Otros,,,
CONSERVADORA TAPA DURA 201 LTS,100672,CHM-100672,PEND-100672,174394.8,,,unidad,unidad,1.0,0,General,Otros,,,
CONSERVADORA TAPA DURA 300 LTS,100673,CHM-100673,PEND-100673,237747.2,,,unidad,unidad,1.0,0,General,Otros,,,
VISI-COOLER 2 PTAS CORREDERA 1000 LTS,100725,CHM-100725,PEND-100725,992353.6,,,unidad,unidad,1.0,0,General,Otros,,,
VITRINA REFRIGERADA MURAL,100754,CHM-100754,PEND-100754,1902315.78736,,,unidad,unidad,1.0,0,General,Otros,,,
"VITRINA PASTELERA 1,0 MTS CUADRADA ECO BASE A.INOX",100758,CHM-100758,PEND-100758,873162.94684,,,unidad,unidad,1.0,0,General,Otros,,,
"VENTUS VITRINA PANORAMICA REFRIGERADA 1,5MTS FER-1500 PRO",100763,CHM-100763,PEND-100763,865553.68104,,,unidad,unidad,1.0,0,General,Otros,,,
BARRA EXTENSIBLE 25MM DE 1.40 A 2.60 BLAN (BOLSA),10080374,CHM-10080374,PEND-10080374,8026.98,,,unidad,unidad,1.0,0,General,Otros,,,
BARRA EXTENSIBLE 25MM DE 1.40 A 2.60 ALUM (BOLSA),10080375,CHM-10080375,PEND-10080375,8821.144,,,unidad,unidad,1.0,0,General,Otros,,,
BARRA EXTENSIBLE 25MM DE 1.10 A 2.00 BLAN (BOLSA),10080381,CHM-10080381,PEND-10080381,6699.692,,,unidad,unidad,1.0,0,General,Otros,,,
BALANZA DIGITAL DE 40 KGS VISOR AEREO,100807,CHM-100807,PEND-100807,20180.4,,,unidad,unidad,1.0,0,General,Otros,,,
BALANZA DIGITAL DE 40 KGS LED ROJO,100808,CHM-100808,PEND-100808,17168.4,,,unidad,unidad,1.0,0,General,Otros,,,
CORTADORA DE CECINAS 250MM,100816,CHM-100816,PEND-100816,242064.4,,,unidad,unidad,1.0,0,General,Otros,,,
BATIDORA INDUSTRIAL 20 LTS,100833,CHM-100833,PEND-100833,445675.6,,,unidad,unidad,1.0,0,General,Otros,,,
VENTUS MAQUINA EXPENDEDORA DE BEBIDAS CALIENTES 4 SABORES,100902,CHM-100902,PEND-100902,305416.8,,,unidad,unidad,1.0,0,Construccion,Materiales,,,
"MOTOBOMBA GASOLINA 2X2"" MOD TWP50S-XP 36 M³/H 196CC",101-003,CHM-101-003,PEND-101-003,239956.0,,,unidad,unidad,1.0,0,General,Otros,,,
"MOTOBOMBA GASOLINA 3X3"" MOD TWP80S-XP 85 M³/H MOTOR 196CC",101-004,CHM-101-004,PEND-101-004,286140.0,,,unidad,unidad,1.0,0,General,Otros,,,
SOLD ESTAÑO 50% EN ALAM. 1/8 CARRET.1/2 KG,101-01,CHM-101-01,PEND-101-01,29618.0,,,kl,kl,1.0,0,General,Otros,,,
SOLD ESTAÑO 50% EN ALAM. 1/8 DISP.1M C/PASTA,101-04,CHM-101-04,PEND-101-04,3092.32,,,unidad,unidad,1.0,0,General,Otros,,,
SOLD ESTAÑO 95% EN ALAM. 1/8 DISP.1M C/PASTA,101-06,CHM-101-06,PEND-101-06,5823.2,,,unidad,unidad,1.0,0,General,Otros,,,
CLORO TABLETAS,10100,CHM-10100,PEND-10100,4556.3026,,,POTE,POTE,1.0,0,General,Otros,,,
SOPORTE SIMPLE METALICO CROMADO P/BARRA 12MM,10100021,CHM-10100021,PEND-10100021,883.52,,,unidad,unidad,1.0,0,General,Otros,,,
RUEDA ECO 50 MM,10100112405,CHM-10100112405,PEND-10100112405,3249.948,,,UN,UN,1.0,0,General,Otros,,,
RUEDA ECO 64 MM,10100112521,CHM-10100112521,PEND-10100112521,7045.7708,,,un,un,1.0,0,General,Otros,,,
RUEDA ECO 75 MM,10100112753,CHM-10100112753,PEND-10100112753,4253.948,,,UN,UN,1.0,0,General,Otros,,,
RUEDA ECO 85 MM,10100113003,CHM-10100113003,PEND-10100113003,10155.39976,,,un,un,1.0,0,General,Otros,,,
RUEDA 100 MM CON PASADOR,10100114003,CHM-10100114003,PEND-10100114003,12430.81516,,,un,un,1.0,0,General,Otros,,,
CORREDERA D7-D14 S/C/P,10100201001,CHM-10100201001,PEND-10100201001,1589.61312,,,set,set,1.0,0,General,Otros,,,
CORREDERA D7-D14 D/C/P,10100204001,CHM-10100204001,PEND-10100204001,2627.1668,,,set,set,1.0,0,General,Otros,,,
CORREDERA D-100,10100217501,CHM-10100217501,PEND-10100217501,15975.07572,,,set,set,1.0,0,General,Otros,,,
"PUNTAS PARA DESARMADOR PHILLIPS PH2,2',50PZAS, TRUPER EXPERT",10100251,CHM-10100251,PEND-10100251,12339.16,,,pza,pza,1.0,0,General,Otros,,,
CORREDERA ECO-80,10100271080,CHM-10100271080,PEND-10100271080,9509.21532,,,set,set,1.0,0,General,Otros,,,
CORREDERA ECO-100,10100271100,CHM-10100271100,PEND-10100271100,13167.7612,,,set,set,1.0,0,General,Otros,,,
CORREDERA SBP-350 C/B,10100303501,CHM-10100303501,PEND-10100303501,1217.9624399999998,,,par,par,1.0,0,General,Otros,,,
CORREDERA SBP-500 C/B,10100305001,CHM-10100305001,PEND-10100305001,1596.7716400000002,,,par,par,1.0,0,General,Otros,,,
RIEL U-20-D 1.5 MT GALV.,10100620010,CHM-10100620010,PEND-10100620010,6161.88936,,,un,un,1.0,0,General,Otros,,,
RIEL U-20-D 2.0 MT GALV.,10100621002,CHM-10100621002,PEND-10100621002,8207.51928,,,un,un,1.0,0,General,Otros,,,
RIEL U-100 6.0 MT (EX U-29),10100650001,CHM-10100650001,PEND-10100650001,31497.77916,,,Unidad,Unidad,1.0,0,General,Otros,,,
BOMBA MANUAL P/PETROLEO Y ACEITE,1010067,CHM-1010067,PEND-1010067,44075.6,,,pza,pza,1.0,0,General,Otros,,,
PICAP 3/8-10,10101002001,CHM-10101002001,PEND-10101002001,2266.8914400000003,,,UN,UN,1.0,0,General,Otros,,,
GUIA 25 MM BRONCE,10101108025,CHM-10101108025,PEND-10101108025,4196.53928,,,un,un,1.0,0,General,Otros,,,
GUIA 25 MM (NYLON),10101108125,CHM-10101108125,PEND-10101108125,2494.98016,,,un,un,1.0,0,General,Otros,,,
GUIA DOBLE 35 MM NYLON,10101108200,CHM-10101108200,PEND-10101108200,8288.10032,,,un,un,1.0,0,General,Otros,,,
S.ESCUADRA 20 X 25 BLANCO,10101230201,CHM-10101230201,PEND-10101230201,894.72464,,,un,un,1.0,0,General,Otros,,,
"CULTIVADOR FORJADO PARA JARDÍN 5 DIENTES, MANGO DE 60'",10101543,CHM-10101543,PEND-10101543,17319.0,,,pza,pza,1.0,0,General,Otros,,,
STR-22,10101870,CHM-10101870,PEND-10101870,10893.4,,,pza,pza,1.0,0,General,Otros,,,
WT-300GL,10101974,CHM-10101974,PEND-10101974,5672.6,,,pza,pza,1.0,0,General,Otros,,,
WT-400CA,10101975,CHM-10101975,PEND-10101975,4618.4,,,pza,pza,1.0,0,General,Otros,,,
"ARCO CALADOR P/SEGUETA 6""",1010221,CHM-1010221,PEND-1010221,8684.6,,,pza,pza,1.0,0,Construccion,Materiales,,,
"ARCO MECÁNICO 12""",1010230,CHM-1010230,PEND-1010230,10752.84,,,pza,pza,1.0,0,General,Otros,,,
"ARCO MECÁNICO PROFESIONAL TUBULAR 12""",1010234,CHM-1010234,PEND-1010234,8403.48,,,pza,pza,1.0,0,General,Otros,,,
FUMIGADOR DOMÉSTICO 2 LTS.,1010235,CHM-1010235,PEND-1010235,7359.32,,,pza,pza,1.0,0,General,Otros,,,
EQUIPO ALTA EFICIENCIA LED 2X18W SOB C/TUBO,1010333009,CHM-1010333009,PEND-1010333009,24927.312,,,unidad,unidad,1.0,0,Gasfiteria,Tuberias y Conexiones,,,
ESTANCO LED 2X18W 1200MM CON TUBO,1010381933,CHM-1010381933,PEND-1010381933,9747.836,,,unidad,unidad,1.0,0,Gasfiteria,Tuberias y Conexiones,,,
MULTIMETRO DIGITAL CASERO,1010400,CHM-1010400,PEND-1010400,8272.96,,,pza,pza,1.0,0,General,Otros,,,
PUERTA PINO OREGON 45 MM 70X200,1010720070,CHM-1010720070,PEND-1010720070,61935.756,,,unidad,unidad,1.0,0,General,Otros,,,
PUERTA PINO OREGON 45 MM 75X200,1010720075,CHM-1010720075,PEND-1010720075,61788.168,,,unidad,unidad,1.0,0,General,Otros,,,
PUERTA PINO OREGON 45 MM 80X200,1010720080,CHM-1010720080,PEND-1010720080,61865.476,,,unidad,unidad,1.0,0,General,Otros,,,
PUERTA PINO OREGON 45 MM 85X200,1010720085,CHM-1010720085,PEND-1010720085,62096.396,,,unidad,unidad,1.0,0,General,Otros,,,
PUERTA PINO OREGON 45 MM 90X200,1010720090,CHM-1010720090,PEND-1010720090,66430.664,,,UNIDAD,UNIDAD,1.0,0,General,Otros,,,
HUINCHA 5 MTS. ART. FA-5M,1010747,CHM-1010747,PEND-1010747,6415.56,,,pza,pza,1.0,0,General,Otros,,,
LIBERO FREEZER HORIZONTAL 100 LTS    LFH-100/ LFH-101,101082400003,CHM-101082400003,PEND-101082400003,114365.64,,,UNIDAD,UNIDAD,1.0,0,General,Otros,,,
LIBERO FREEZER HORIZONTAL 300 LTS    LFH-300,101082900006,CHM-101082900006,PEND-101082900006,230970.2,,,UNIDAD,UNIDAD,1.0,0,General,Otros,,,
FUMIGADOR 3 LITROS,1010835,CHM-1010835,PEND-1010835,19608.12,,,pza,pza,1.0,0,General,Otros,,,
LIBERO FREEZER HORIZONTAL 200 LTS    LFH-200B / LFH-201,101083500024,CHM-101083500024,PEND-101083500024,160939.192,,,UNIDAD,UNIDAD,1.0,0,General,Otros,,,
FUMIGADOR 5 LITROS,1010836,CHM-1010836,PEND-1010836,20036.828,,,pza,pza,1.0,0,General,Otros,,,
FUMIGADOR 7 LITROS,1010837,CHM-1010837,PEND-1010837,23967.488,,,pza,pza,1.0,0,General,Otros,,,
MARTILLO CAB. CONICA 29MM MGO FIBRA VIDRIO,1010852,CHM-1010852,PEND-1010852,10145.42,,,pza,pza,1.0,0,Herramientas,Discos y Corte,,,
SOPORTE DOBLE 12 MM CROMADO (2 UNID),10110021,CHM-10110021,PEND-10110021,1816.236,,,unidad,unidad,1.0,0,General,Otros,,,
"MECHA CARPINTERO 1/2""",1011372,CHM-1011372,PEND-1011372,1506.0,,,pza,pza,1.0,0,General,Otros,,,
"MECHA CARPINTERO 3/4""",1011378,CHM-1011378,PEND-1011378,1716.84,,,pza,pza,1.0,0,General,Otros,,,
"MECHA CARPINTERO 7/8""",1011381,CHM-1011381,PEND-1011381,1867.44,,,pza,pza,1.0,0,General,Otros,,,
"MECHA CARPINTERO 1""",1011384,CHM-1011384,PEND-1011384,1957.8,,,pza,pza,1.0,0,General,Otros,,,
"FRESA REDONDEADORA C/RODAMIENTO 1"" X 7/32""",1011469,CHM-1011469,PEND-1011469,6275.0,,,pza,pza,1.0,0,General,Otros,,,
"ESCOBILLA ACERO C/MANGO CALIBRE 0,40 MM.",1011553,CHM-1011553,PEND-1011553,1965.832,,,pza,pza,1.0,0,Construccion,Materiales,,,
"ESCOBILLA ACERO S/MANGO CALIBRE 0,40 MM.",1011556,CHM-1011556,PEND-1011556,2701.764,,,pza,pza,1.0,0,Construccion,Materiales,,,
ESCOBILLA DE ACERO,1011559,CHM-1011559,PEND-1011559,2078.28,,,pza,pza,1.0,0,Aceros y Techumbre,Planchas,,,
"BROCA PARA VIDRIO Y AZULEJO 1/8""",1011700,CHM-1011700,PEND-1011700,1566.24,,,pza,pza,1.0,0,General,Otros,,,
"BROCA PARA VIDRIO Y AZULEJO 3/16""",1011701,CHM-1011701,PEND-1011701,1777.08,,,pza,pza,1.0,0,General,Otros,,,
"BROCA PARA VIDRIO Y AZULEJO 1/4""",1011702,CHM-1011702,PEND-1011702,2198.76,,,pza,pza,1.0,0,General,Otros,,,
"BROCA PARA VIDRIO Y AZULEJO 5/16""",1011703,CHM-1011703,PEND-1011703,2389.52,,,pza,pza,1.0,0,General,Otros,,,
"PALA CAVADORA MANGOS MADERA 45""",1011973,CHM-1011973,PEND-1011973,31234.44,,,pza,pza,1.0,0,General,Otros,,,
"CINTA SEÑALIZACION ""PELIGRO """,1012585,CHM-1012585,PEND-1012585,7453.696,,,pza,pza,1.0,0,General,Otros,,,
"CORTAPERNOS DE 12""",1012830,CHM-1012830,PEND-1012830,17639.276,,,pza,pza,1.0,0,Ferreteria,Fijaciones,,,
"CORTAPERNOS DE 18""",1012832,CHM-1012832,PEND-1012832,24984.54,,,pza,pza,1.0,0,Ferreteria,Fijaciones,,,
CORTATUBO HASTA 30 MM.,1012853,CHM-1012853,PEND-1012853,9708.68,,,pza,pza,1.0,0,Gasfiteria,Tuberias y Conexiones,,,
AVELLANADOR P/TUBOS,1012868,CHM-1012868,PEND-1012868,15361.2,,,pza,pza,1.0,0,Gasfiteria,Tuberias y Conexiones,,,
CORTADOR CERÁMICA 40 CM.,1012929,CHM-1012929,PEND-1012929,42168.0,,,pza,pza,1.0,0,General,Otros,,,
"JUEGO DADOS MAGNÉTICOS, 5/16', 5 PIEZAS, TRUPER EXPERT",1012942,CHM-1012942,PEND-1012942,2550.16,,,pza,pza,1.0,0,General,Otros,,,
"DISCO DIAMANTE CONTINUO 4.1/2""",1012977,CHM-1012977,PEND-1012977,7599.276,,,pza,pza,1.0,0,Herramientas,Discos y Corte,,,
HILO P/ALBAÑIL 65 MTS.,1012988,CHM-1012988,PEND-1012988,1058.216,,,pza,pza,1.0,0,General,Otros,,,
HILO P/ALBAÑIL 165 MTS.,1012989,CHM-1012989,PEND-1012989,2028.08,,,pza,pza,1.0,0,General,Otros,,,
LUBRICANTE AFLOJA TODO DE 110 ML,1013468,CHM-1013468,PEND-1013468,1852.38,,,pza,pza,1.0,0,General,Otros,,,
LUBRICANTE AFLOJA TODO DE 235 ML,1013469,CHM-1013469,PEND-1013469,2302.172,,,pza,pza,1.0,0,General,Otros,,,
LUBRICANTE AFLOJA TODO DE 400 ML,1013471,CHM-1013471,PEND-1013471,3405.568,,,pza,pza,1.0,0,General,Otros,,,
MINI BOMBIN,1013790,CHM-1013790,PEND-1013790,6393.472,,,pza,pza,1.0,0,General,Otros,,,
DESTORNILLADOR CRUZ 1/4 X4 DP-1/4X4B,1014076,CHM-1014076,PEND-1014076,2008.0,,,pza,pza,1.0,0,General,Otros,,,
DESTORNILLADOR CRUZ 1/4 X8 DP-1/4X8B,1014082,CHM-1014082,PEND-1014082,2279.08,,,pza,pza,1.0,0,General,Otros,,,
CALORKOTE NEGRO 280 (CERESITA),10141604,CHM-10141604,PEND-10141604,5791.072,,,litro,litro,1.0,0,Construccion,Materiales,,,
DESTORNILLADOR DOS PUNTAS DOBLES JUEGO,1014200,CHM-1014200,PEND-1014200,4057.164,,,pza,pza,1.0,0,General,Otros,,,
BARRE HOJAS METÁLICO DE 22 DIENTES C/MANGO MADERA,1014324,CHM-1014324,PEND-1014324,8094.248,,,pza,pza,1.0,0,General,Otros,,,
"ESCUADRA COMBINACIÓN 12""",1014380,CHM-1014380,PEND-1014380,9917.512,,,pza,pza,1.0,0,General,Otros,,,
"ESCUADRA FALSA 8""",1014382,CHM-1014382,PEND-1014382,4272.02,,,pza,pza,1.0,0,General,Otros,,,
"ESCUADRA ALBAÑIL 16""X 24""",1014384,CHM-1014384,PEND-1014384,9086.2,,,pza,pza,1.0,0,General,Otros,,,
"ESPATULA PLÁSTICA 4""",1014445,CHM-1014445,PEND-1014445,582.32,,,pza,pza,1.0,0,General,Otros,,,
"ESPATULA FLEXIBLE 2""",1014448,CHM-1014448,PEND-1014448,2791.12,,,pza,pza,1.0,0,General,Otros,,,
"ESPATULA FLEXIBLE 4""",1014450,CHM-1014450,PEND-1014450,3584.28,,,pza,pza,1.0,0,General,Otros,,,
"ESPATULA FLEXIBLE 5""",1014451,CHM-1014451,PEND-1014451,3775.04,,,pza,pza,1.0,0,General,Otros,,,
"EXTRACTOR DE POLEA 3""",1014500,CHM-1014500,PEND-1014500,16294.92,,,pza,pza,1.0,0,General,Otros,,,
EXTRACTOR DE TORNILLO JUEGO 5 PIEZAS,1014512,CHM-1014512,PEND-1014512,4643.5,,,pza,pza,1.0,0,Ferreteria,Fijaciones,,,
"FORMÓN PROFESIONAL 3/4""",1014627,CHM-1014627,PEND-1014627,3835.28,,,pza,pza,1.0,0,General,Otros,,,
ACEITERA 500 ML.,1014874,CHM-1014874,PEND-1014874,3993.912,,,pza,pza,1.0,0,General,Otros,,,
HACHA CAZADORA 1.1/4 LBS.CON MANGO MADERA,1014950,CHM-1014950,PEND-1014950,11234.76,,,pza,pza,1.0,0,General,Otros,,,
HACHA MANO 1.1/3 LBS.CON MANGO HICKORY,1014954,CHM-1014954,PEND-1014954,13001.8,,,pza,pza,1.0,0,General,Otros,,,
CLORO GRANULADO,10150,CHM-10150,PEND-10150,4029.052,,,POTE,POTE,1.0,0,General,Otros,,,
"HUINCHA FATBOY DE 7,5 MTS.",1015025,CHM-1015025,PEND-1015025,8544.04,,,pza,pza,1.0,0,General,Otros,,,
LLANA LISA,1015406,CHM-1015406,PEND-1015406,5160.56,,,pza,pza,1.0,0,General,Otros,,,
LLANA DIENTE TRIANGULO,1015409,CHM-1015409,PEND-1015409,5301.12,,,pza,pza,1.0,0,General,Otros,,,
LLANA DIENTE CUADRADO,1015410,CHM-1015410,PEND-1015410,5301.12,,,pza,pza,1.0,0,General,Otros,,,
"LLAVE REGULABLE C/MANGO VINILO 8""",1015510,CHM-1015510,PEND-1015510,5331.24,,,pza,pza,1.0,0,Gasfiteria,Tuberias y Conexiones,,,
"LLAVE REGULABLE C/MANGO VINILO 10""",1015511,CHM-1015511,PEND-1015511,7921.56,,,pza,pza,1.0,0,Gasfiteria,Tuberias y Conexiones,,,
LLAVES ALLEN PZA 10 MM.,1015536,CHM-1015536,PEND-1015536,4307.16,,,pza,pza,1.0,0,Gasfiteria,Tuberias y Conexiones,,,
LLAVES ALLEN LARGAS C/BOLA,1015551,CHM-1015551,PEND-1015551,6024.0,,,pza,pza,1.0,0,Gasfiteria,Tuberias y Conexiones,,,
LLAVE PUNTA Y CORONA 10 MM.,1015614,CHM-1015614,PEND-1015614,2389.52,,,pza,pza,1.0,0,Gasfiteria,Tuberias y Conexiones,,,
LLAVE PUNTA Y CORONA 11 MM.,1015615,CHM-1015615,PEND-1015615,2610.4,,,pza,pza,1.0,0,Gasfiteria,Tuberias y Conexiones,,,
LLAVE PUNTA Y CORONA 12 MM.,1015616,CHM-1015616,PEND-1015616,3062.2,,,pza,pza,1.0,0,Gasfiteria,Tuberias y Conexiones,,,
LLAVE PUNTA Y CORONA 13 MM.,1015617,CHM-1015617,PEND-1015617,3323.24,,,pza,pza,1.0,0,Gasfiteria,Tuberias y Conexiones,,,
LLAVE PUNTA Y CORONA 14 MM.,1015618,CHM-1015618,PEND-1015618,3614.4,,,pza,pza,1.0,0,Gasfiteria,Tuberias y Conexiones,,,
LLAVE PUNTA Y CORONA 17 MM.,1015621,CHM-1015621,PEND-1015621,4407.56,,,pza,pza,1.0,0,Gasfiteria,Tuberias y Conexiones,,,
LLAVE PUNTA Y CORONA 19 MM.,1015623,CHM-1015623,PEND-1015623,5130.44,,,pza,pza,1.0,0,Gasfiteria,Tuberias y Conexiones,,,
"LLAVE STILLSON 12""",1015837,CHM-1015837,PEND-1015837,14387.32,,,pza,pza,1.0,0,Gasfiteria,Tuberias y Conexiones,,,
"LLAVE STILLSON 14""",1015838,CHM-1015838,PEND-1015838,17700.52,,,pza,pza,1.0,0,Gasfiteria,Tuberias y Conexiones,,,
"MACHETES 18""",1015885,CHM-1015885,PEND-1015885,6144.48,,,pza,pza,1.0,0,General,Otros,,,
TOPE LISO 12MM,10160002,CHM-10160002,PEND-10160002,66.264,,,unidad,unidad,1.0,0,General,Otros,,,
COMBO C/MANGO MADERA 4 LBS.,1016508,CHM-1016508,PEND-1016508,16224.64,,,pza,pza,1.0,0,General,Otros,,,
MARTILLO M/MADERA 16 OZ 27 MM,1016752,CHM-1016752,PEND-1016752,6987.84,,,pza,pza,1.0,0,Herramientas,Discos y Corte,,,
MARTILLO M/MADERA 20 OZ. 29 MM.,1016753,CHM-1016753,PEND-1016753,8795.04,,,pza,pza,1.0,0,Herramientas,Discos y Corte,,,
CORTADOR DE AZULEJO DE 60 CMS,1016781,CHM-1016781,PEND-1016781,63252.0,,,pza,pza,1.0,0,General,Otros,,,
CUCHILLO CARTONERO,1016950,CHM-1016950,PEND-1016950,6666.56,,,pza,pza,1.0,0,General,Otros,,,
CUCHILLO CARTONERO C/GRIP,1016977,CHM-1016977,PEND-1016977,3001.96,,,pza,pza,1.0,0,General,Otros,,,
"NIVEL CLÁSICO DE ALUMINIO 2 AGUAS 14""",1017032,CHM-1017032,PEND-1017032,7560.12,,,pza,pza,1.0,0,General,Otros,,,
"NIVEL CLÁSICO DE ALUMINIO 2 AGUAS 18""",1017034,CHM-1017034,PEND-1017034,10100.24,,,pza,pza,1.0,0,General,Otros,,,
"NIVEL CLÁSICO DE ALUMINIO 2 AGUAS 24""",1017036,CHM-1017036,PEND-1017036,12590.16,,,pza,pza,1.0,0,General,Otros,,,
"NIVEL CLÁSICO DE ALUMINIO 2 AGUAS 36""",1017038,CHM-1017038,PEND-1017038,17710.56,,,pza,pza,1.0,0,General,Otros,,,
"NIVEL CLÁSICO DE ALUMINIO 2 AGUAS 48""",1017040,CHM-1017040,PEND-1017040,20677.38,,,pza,pza,1.0,0,General,Otros,,,
"SIERRA COPA P/CERAMICA Y AZULEJO 1 1/2""",1017130,CHM-1017130,PEND-1017130,14558.0,,,pza,pza,1.0,0,Herramientas,Discos y Corte,,,
"SIERRA COPA P/CERAMICA Y AZULEJO 1 3/4""",1017131,CHM-1017131,PEND-1017131,17188.48,,,pza,pza,1.0,0,Herramientas,Discos y Corte,,,
"ALICATE UNIVERSAL 7""",1017303,CHM-1017303,PEND-1017303,7700.68,,,pza,pza,1.0,0,Herramientas,Discos y Corte,,,
"ALICATE UNIVERSAL 8""",1017304,CHM-1017304,PEND-1017304,9046.04,,,pza,pza,1.0,0,Herramientas,Discos y Corte,,,
"ALICATE UNIVERSAL 9""",1017305,CHM-1017305,PEND-1017305,10562.08,,,pza,pza,1.0,0,Herramientas,Discos y Corte,,,
"ALICATE UNIVERSAL DE 7"" 1.000 VOLTS",1017329,CHM-1017329,PEND-1017329,8624.36,,,pza,pza,1.0,0,Herramientas,Discos y Corte,,,
PISTOLA CALAFATEAR C/CREMALLERA,1017550,CHM-1017550,PEND-1017550,3393.52,,,pza,pza,1.0,0,Construccion,Materiales,,,
PISTOLA CALAFATEAR EXTRA-FUERTA DOBLE VARILLA,1017558,CHM-1017558,PEND-1017558,8393.44,,,pza,pza,1.0,0,Construccion,Materiales,,,
"PRENSA CARPINTERO 6""",1017663,CHM-1017663,PEND-1017663,12580.12,,,pza,pza,1.0,0,General,Otros,,,
"GRAPAS P/ENGRAPADORA ET-50 1.000 PZAS. 1/4""",1017965,CHM-1017965,PEND-1017965,1006.008,,,pza,pza,1.0,0,General,Otros,,,
"GRAPAS P/ENGRAPADORA ET-50 1.000 PZAS. 5/16""",1017966,CHM-1017966,PEND-1017966,1131.508,,,pza,pza,1.0,0,General,Otros,,,
"GRAPAS P/ENGRAPADORA ET-19 1.000 PZAS. 1/4""",1017970,CHM-1017970,PEND-1017970,753.0,,,pza,pza,1.0,0,General,Otros,,,
"GRAPAS P/ENGRAPADORA ET-19 1.000 PZAS. 5/16""",1017971,CHM-1017971,PEND-1017971,845.368,,,pza,pza,1.0,0,General,Otros,,,
ENGRAPADORA TIPO PISTOLA,1017977,CHM-1017977,PEND-1017977,13724.68,,,pza,pza,1.0,0,General,Otros,,,
"SIERRA COPA BIMETALICA 1.3/ 4""",1018096,CHM-1018096,PEND-1018096,6455.72,,,pza,pza,1.0,0,Herramientas,Discos y Corte,,,
"SIERRA COPA BIMETALICA 2""",1018097,CHM-1018097,PEND-1018097,7479.8,,,pza,pza,1.0,0,Herramientas,Discos y Corte,,,
"SERRUCHO 22"" 7DPP CON MANGO DE MADERA. LÍNEA SELECTO",1018160,CHM-1018160,PEND-1018160,12449.6,,,unidad,unidad,1.0,0,General,Otros,,,
"SERRUCHO PODAR 16""",1018179,CHM-1018179,PEND-1018179,7871.36,,,pza,pza,1.0,0,General,Otros,,,
"SIERRA CIRCULAR P/MADERA 7.1/4"" 24 DIENTES CENTRO 5/8",1018300,CHM-1018300,PEND-1018300,6594.272,,,pza,pza,1.0,0,Herramientas,Discos y Corte,,,
"SIERRA CIRCULAR P/MADERA 7.1/4"" 40 DIENTES CENTRO 5/8",1018301,CHM-1018301,PEND-1018301,7550.08,,,pza,pza,1.0,0,Herramientas,Discos y Corte,,,
"SIERRA CIRCULAR P/MADERA 7.1/4"" 30 DIENTES CENTRO 5/8",1018318,CHM-1018318,PEND-1018318,6385.44,,,pza,pza,1.0,0,Herramientas,Discos y Corte,,,
"SIERRA CIRCULAR PARA MADERA 7 1/4, DIENTES 5/8",1018324,CHM-1018324,PEND-1018324,8423.56,,,pza,pza,1.0,0,Herramientas,Discos y Corte,,,
"TIJERA PODAR RAMAS 21"" MANGO MADERA",1018381,CHM-1018381,PEND-1018381,16294.92,,,pza,pza,1.0,0,General,Otros,,,
"TIJERA PODAR CUCHILLA 8.1/2""",1018453,CHM-1018453,PEND-1018453,6716.76,,,pza,pza,1.0,0,General,Otros,,,
"TIJERA HOJALATERO MANGO PVC 8""",1018500,CHM-1018500,PEND-1018500,10662.48,,,pza,pza,1.0,0,Gasfiteria,Tuberias y Conexiones,,,
TIJERA AVIACIÓN CORTE RECTO,1018531,CHM-1018531,PEND-1018531,9236.8,,,pza,pza,1.0,0,General,Otros,,,
"TIJERA PODAR 8 1/2"" FORJADA",1018543,CHM-1018543,PEND-1018543,9598.24,,,pza,pza,1.0,0,General,Otros,,,
TIZALÍNEAS 30 MTS.,1018574,CHM-1018574,PEND-1018574,5331.24,,,pza,pza,1.0,0,General,Otros,,,
CONEXION LAVAPLATOS 2 TAZAS CON 1 SIFON LOA SALIDA CURVA AMPLIADORA 40 X 50 MM,10186,CHM-10186,PEND-10186,4843.296,,,unidad,unidad,1.0,0,Gasfiteria,Tuberias y Conexiones,,,
PICOTA 5 LBS. C/MANGO FIBRA PUNTA Y RAMA,1018641,CHM-1018641,PEND-1018641,23092.0,,,pza,pza,1.0,0,General,Otros,,,
"MANGUERA P/AIRE TIPO RESORTE 1/4""",1019075,CHM-1019075,PEND-1019075,9839.2,,,rollo,rollo,1.0,0,General,Otros,,,
MEDIDOR DE PRESIÓN DOBLE 120 LBS.,1019099,CHM-1019099,PEND-1019099,3724.84,,,pza,pza,1.0,0,General,Otros,,,
PISTOLA LIMPIEZA MOTORES,1019236,CHM-1019236,PEND-1019236,11867.28,,,pza,pza,1.0,0,General,Otros,,,
TENSOR P/CARGA 675 KGS.,1019281,CHM-1019281,PEND-1019281,9420.532,,,pza,pza,1.0,0,General,Otros,,,
TENSOR P/CARGA 2250 KGS.,1019283,CHM-1019283,PEND-1019283,14106.2,,,pza,pza,1.0,0,General,Otros,,,
BARRE HOJAS PLÁSTICO DE 22 DIENTES POLIPROPILENO C/MANGO MADERA,1019786,CHM-1019786,PEND-1019786,7007.92,,,pza,pza,1.0,0,General,Otros,,,
BETONERA 130 LITROS LIOI (ARMADA),102000001,CHM-102000001,PEND-102000001,426700.0,,,unidad,unidad,1.0,0,General,Otros,,,
"PALA JARDINERA MANGO METALICO, PLASMET",1020101205,CHM-1020101205,PEND-1020101205,9779.964,,,unidad,unidad,1.0,0,General,Otros,,,
"CHUZO HEXAGONAL DE 1 1/8"" X 1.65 MTS.  MAKKRO (IMPORTADO)",1020103012,CHM-1020103012,PEND-1020103012,27741.524,,,unidad,unidad,1.0,0,General,Otros,,,
PICOTA PUNTA Y RAMA CON MANGO PLASMET,1020104002,CHM-1020104002,PEND-1020104002,15475.656,,,unidad,unidad,1.0,0,General,Otros,,,
HORQUETA LAYA 4 GANCHOS M/ MADERA PLASMET,1020105001,CHM-1020105001,PEND-1020105001,15205.58,,,unidad,unidad,1.0,0,General,Otros,,,
BALANZA DIGITAL DE 40 KGS LED ROJO,102012300002,CHM-102012300002,PEND-102012300002,15869.6758,,,unidad,unidad,1.0,0,General,Otros,,,
"RUEDA PARA CARRETILLA 3.50 X 8"", PLASMET",1020202001,CHM-1020202001,PEND-1020202001,18402.316,,,unidad,unidad,1.0,0,General,Otros,,,
"RUEDA NEUMÁTICA (PANTANERA) PARA CARRETILLA 4.00 - 8"" PLASMET",1020202002,CHM-1020202002,PEND-1020202002,19567.96,,,unidad,unidad,1.0,0,General,Otros,,,
"CARRETILLA CONCRETERA C/RUEDA 3.50 X 8"", PLASMET",1020202011,CHM-1020202011,PEND-1020202011,78630.268,,,unidad,unidad,1.0,0,General,Otros,,,
MOLINO DE GRANO TOLVA ALTA,102055030,CHM-102055030,PEND-102055030,44176.0,,,unidad,unidad,1.0,0,General,Otros,,,
"ALICATE PUNTA MINI 4,5""",102145,CHM-102145,PEND-102145,2426.5676000000003,,,unidad,unidad,1.0,0,Herramientas,Discos y Corte,,,
SUBE PH POTE 1 KG,10220,CHM-10220,PEND-10220,1118.456,,,BOLSA,BOLSA,1.0,0,General,Otros,,,
RUEDA PANTANERA 400X8 .,102330701,CHM-102330701,PEND-102330701,23644.2,,,unidad,unidad,1.0,0,General,Otros,,,
RUEDA PANTANERA 350 X 8,102330703,CHM-102330703,PEND-102330703,19670.368,,,unidad,unidad,1.0,0,General,Otros,,,
RUEDA MACIZA IMPORTADA,102330712,CHM-102330712,PEND-102330712,18890.26,,,unidad,unidad,1.0,0,General,Otros,,,
RUEDA PANTANERA HEAVY DUTY 400X8 TAPA AMARILLA,102331701,CHM-102331701,PEND-102331701,26104.0,,,unidad,unidad,1.0,0,General,Otros,,,
CAMARA 400X8 .,102332000,CHM-102332000,PEND-102332000,2370.53436,,,unidad,unidad,1.0,0,General,Otros,,,
CAMARA 350X8,102332003,CHM-102332003,PEND-102332003,1960.34012,,,unidad,unidad,1.0,0,General,Otros,,,
NEUMATICO PANTANERO 400X8,102333701,CHM-102333701,PEND-102333701,8207.7,,,unidad,unidad,1.0,0,General,Otros,,,
NEUMATICO PANTANERO 350X8,102333703,CHM-102333703,PEND-102333703,5135.46,,,unidad,unidad,1.0,0,General,Otros,,,
CARRETILLA ESTANDAR 90 LTS RUEDA PANTANERA350X8,102425703,CHM-102425703,PEND-102425703,86846.0,,,unidad,unidad,1.0,0,General,Otros,,,
CARRETILLA ESTANDAR BASICA 60 LTS RUEDA 350X8,102425813,CHM-102425813,PEND-102425813,84336.0,,,unidad,unidad,1.0,0,General,Otros,,,
CARRETILLA COMPENSADA BASICA 60 LTS 350X8 ARMADA,102428813,CHM-102428813,PEND-102428813,92167.2,,,unidad,unidad,1.0,0,General,Otros,,,
CARRETILLAS ECONOMICA ARMADA CON RUEDA 350X8,102429801,CHM-102429801,PEND-102429801,61043.2,,,unidad,unidad,1.0,0,General,Otros,,,
LLAVE EXTRACTORA DE BUJIAS 21 MM,102821,CHM-102821,PEND-102821,3774.14644,,,unidad,unidad,1.0,0,Gasfiteria,Tuberias y Conexiones,,,
ALAMBRE MIG 0.8 MM ROLLO 15 KG  MYH,1028603,CHM-1028603,PEND-1028603,78631.272,,,caja,caja,1.0,0,Electricidad,Cables y Accesorios,,,
SOLD ESTAÑO EN BARRA 50% BOLSA 5 KG (50 BARRAS),103-01,CHM-103-01,PEND-103-01,32298.68,,,kl,kl,1.0,0,General,Otros,,,
DECANTADOR POTE 1 KG,10300,CHM-10300,PEND-10300,1479.896,,,unidad,unidad,1.0,0,General,Otros,,,
PULVERIZADOR ESPALDA PE155S 15 LTS POWER PRO,103010107,CHM-103010107,PEND-103010107,42168.0,,,UNIDAD,UNIDAD,1.0,0,General,Otros,,,
REGULADOR GAS 45KG CEMCO PLUS,103010366,CHM-103010366,PEND-103010366,47469.36096,,,unidad,unidad,1.0,0,General,Otros,,,
REGULADOR P/GAS 11-15 KG RD-10055 CEMCO,103010932,CHM-103010932,PEND-103010932,8433.6,,,unidad,unidad,1.0,0,General,Otros,,,
HORNO INDUSTRIAL 1 CAMARA DE 58 X 65,103011100044,CHM-103011100044,PEND-103011100044,239956.0,,,UNIDAD,UNIDAD,1.0,0,General,Otros,,,
FREIDORA ELÉCTRICA SOBREMESA 1 DEPÓSITO DE 6 LTS ACERO INOX.,103011400009,CHM-103011400009,PEND-103011400009,52898.92268,,,unidad,unidad,1.0,0,Aceros y Techumbre,Planchas,,,
REGULADOR P/GAS 11-15 BG10 BERCATTI,103011682,CHM-103011682,PEND-103011682,9108.288,,,und,und,1.0,0,General,Otros,,,
ESMALTE CERELUXE ALUMINIO (CERESITA),10314304,CHM-10314304,PEND-10314304,5986.852,,,litro,litro,1.0,0,Pinturas,Aplicacion,,,
TERMINAL TOPE 19MM NEGRO (2 UNID),10320109,CHM-10320109,PEND-10320109,1691.74,,,unidad,unidad,1.0,0,General,Otros,,,
FLOTADOR 120MM PRENSA ( 3/4' ),103238,CHM-103238,PEND-103238,3782.76076,,,unidad,unidad,1.0,0,General,Otros,,,
TUBO INOXIDABLE 28MM X 1.40 MT C/FL,10360140,CHM-10360140,PEND-10360140,3592.312,,,unidad,unidad,1.0,0,Gasfiteria,Tuberias y Conexiones,,,
TUBO INOXIDABLE 28MM X 1.60 MT C/FL,10360160,CHM-10360160,PEND-10360160,7546.064,,,unidad,unidad,1.0,0,Gasfiteria,Tuberias y Conexiones,,,
TUBO INOXIDABLE 28MM X 2.00 MT C/FL,10360200,CHM-10360200,PEND-10360200,12666.464,,,unidad,unidad,1.0,0,Gasfiteria,Tuberias y Conexiones,,,
ALAMBRE MIG 0.9 MM ROLLO 15 KG  MYH,1038969,CHM-1038969,PEND-1038969,78135.296,,,caja,caja,1.0,0,Electricidad,Cables y Accesorios,,,
ALGUICIDA,10400,CHM-10400,PEND-10400,1297.168,,,BIDON,BIDON,1.0,0,General,Otros,,,
"BARRA MADERA 19 MM X 1,50 MT CHOCOLATE",10400150,CHM-10400150,PEND-10400150,3222.84,,,unidad,unidad,1.0,0,General,Otros,,,
"BARRA MADERA 19 MM X 2,00 MT CHOCOLATE",10400200,CHM-10400200,PEND-10400200,4298.124,,,unidad,unidad,1.0,0,General,Otros,,,
"BARRA MADERA 19 MM X 2,50 MT CHOCOLATE",10400250,CHM-10400250,PEND-10400250,5096.304,,,unidad,unidad,1.0,0,General,Otros,,,
SOPORTE TECHO MADERA 2 UNID 19 MM CHOCOLATE,10400499,CHM-10400499,PEND-10400499,3567.212,,,unidad,unidad,1.0,0,General,Otros,,,
SOPORTE LATERAL MADERA 19 MM 2 UNID CHOCOLATE,10400500,CHM-10400500,PEND-10400500,3074.248,,,unidad,unidad,1.0,0,General,Otros,,,
TUBO LED 60CM 9W 6500K T8 LB,1040050012,CHM-1040050012,PEND-1040050012,964.844,,,unidad,unidad,1.0,0,Gasfiteria,Tuberias y Conexiones,,,
TUBO LED 120CM 18W 6500K T8 LB,1040050013,CHM-1040050013,PEND-1040050013,1181.708,,,unidad,unidad,1.0,0,Gasfiteria,Tuberias y Conexiones,,,
SOPORTE DOBLE MADERA 19/28 MM 2 UNID CHOCOLATE,10400502,CHM-10400502,PEND-10400502,5238.872,,,unidad,unidad,1.0,0,General,Otros,,,
TERMINAL MADERA 19 MM TOPE 2 UNID CHOCOLATE,10400509,CHM-10400509,PEND-10400509,1675.676,,,unidad,unidad,1.0,0,General,Otros,,,
SOPORTE DOBLE MADERA 19/19 MM CHOCOLATE 2 UNID,10400514,CHM-10400514,PEND-10400514,4481.856,,,unidad,unidad,1.0,0,General,Otros,,,
AMPOLLETA LED A58 9W E27 6000K 750LM,1040061830,CHM-1040061830,PEND-1040061830,596.376,,,unidad,unidad,1.0,0,General,Otros,,,
AMPOLLETA LED A58 9W E27 3000K 750LM,1040061834,CHM-1040061834,PEND-1040061834,596.376,,,unidad,unidad,1.0,0,General,Otros,,,
AMPOLLETA LED A60 11W E27 3000K 920LM,1040061835,CHM-1040061835,PEND-1040061835,736.936,,,unidad,unidad,1.0,0,General,Otros,,,
"BARRA MADERA 19 MM X 2,00 MT MIEL",10401200,CHM-10401200,PEND-10401200,3868.412,,,Unidad,Unidad,1.0,0,General,Otros,,,
SOPORTE SIMPLE MADERA 19 MM 2 UNID MIEL,10401501,CHM-10401501,PEND-10401501,3044.128,,,unidad,unidad,1.0,0,General,Otros,,,
SOPORTE DOBLE MADERA 19/28 MM 2 UNID MIEL,10401502,CHM-10401502,PEND-10401502,4766.992,,,unidad,unidad,1.0,0,General,Otros,,,
BOMBA DE PISCINA LEO XKP800 1HP/220V,104067,CHM-104067,PEND-104067,204048.12072,,,unidad,unidad,1.0,0,General,Otros,,,
"BOMBA DE PISCINA LEO XKP1106 1,5HP/220V",104069,CHM-104069,PEND-104069,232603.5574,,,unidad,unidad,1.0,0,General,Otros,,,
BOMBA DE PISCINA LEO XKP1606 2HP/220V,104070,CHM-104070,PEND-104070,316154.31896,,,unidad,unidad,1.0,0,General,Otros,,,
"CEPILLO PLASTICO 45 CM CUERPO PLASTICO, VULCANO",104100,CHM-104100,PEND-104100,4507.96,,,unidad,unidad,1.0,0,General,Otros,,,
"BARRA MADERA 28 MM X 1,50 MT CHOCOLATE",10410150,CHM-10410150,PEND-10410150,4885.464,,,unidad,unidad,1.0,0,General,Otros,,,
"BARRA MADERA 28 MM X 2,00 MT CHOCOLATE",10410200,CHM-10410200,PEND-10410200,6108.336,,,unidad,unidad,1.0,0,General,Otros,,,
"BARRA MADERA 28 MM X 2,50 MT CHOCOLATE",10410250,CHM-10410250,PEND-10410250,8062.12,,,unidad,unidad,1.0,0,General,Otros,,,
SOPORTE LATERAL MAD 28 MM 2 UNID CHOCOLATE,10410500,CHM-10410500,PEND-10410500,3187.7,,,unidad,unidad,1.0,0,General,Otros,,,
TERMINAL MADERA 28 MM ARABE 2 UNID CHOCOLATE,10410505,CHM-10410505,PEND-10410505,2471.848,,,unidad,unidad,1.0,0,General,Otros,,,
TERMINAL MADERA 28 MM TOPE 2 UNID CHOCOLATE,10410509,CHM-10410509,PEND-10410509,2002.98,,,unidad,unidad,1.0,0,General,Otros,,,
PISTOLA ELECTRICA PINTAR 600W,1041108,CHM-1041108,PEND-1041108,109817.52,,,unidad,unidad,1.0,0,General,Otros,,,
"BARRA MADERA 28 MM X 2,00 MT MIEL",10411200,CHM-10411200,PEND-10411200,5558.144,,,Unidad,Unidad,1.0,0,General,Otros,,,
SOPORTE SIMPLE MADERA 28 MM 2 UNID MIEL,10411501,CHM-10411501,PEND-10411501,3660.584,,,unidad,unidad,1.0,0,General,Otros,,,
CLARIFICADOR BOTELLA 1 L,10420,CHM-10420,PEND-10420,2580.28,,,kilo,kilo,1.0,0,General,Otros,,,
"ESCUADRA P/REPISA 5""X 6""",1044003,CHM-1044003,PEND-1044003,391.56,,,pza,pza,1.0,0,General,Otros,,,
"ESCUADRA P/REPISA 6""X 8""",1044006,CHM-1044006,PEND-1044006,532.12,,,pza,pza,1.0,0,General,Otros,,,
"UNIÓN CADENA 1/8""",1044020,CHM-1044020,PEND-1044020,522.08,,,pza,pza,1.0,0,General,Otros,,,
"UNIÓN CADENA 3/16""",1044021,CHM-1044021,PEND-1044021,652.6,,,pza,pza,1.0,0,General,Otros,,,
"UNIÓN CADENA 1/4""",1044022,CHM-1044022,PEND-1044022,783.12,,,pza,pza,1.0,0,General,Otros,,,
"UNIÓN CADENA 5/16""",1044023,CHM-1044023,PEND-1044023,1144.56,,,pza,pza,1.0,0,General,Otros,,,
"DESTORCEDOR 2.1/2""",1044030,CHM-1044030,PEND-1044030,1074.28,,,pza,pza,1.0,0,General,Otros,,,
"DESTORCEDOR 3""",1044031,CHM-1044031,PEND-1044031,1194.76,,,pza,pza,1.0,0,General,Otros,,,
"DESTORCEDOR 4""",1044032,CHM-1044032,PEND-1044032,1676.68,,,pza,pza,1.0,0,General,Otros,,,
"DESTORCEDOR 4.1/4""",1044033,CHM-1044033,PEND-1044033,2580.28,,,pza,pza,1.0,0,General,Otros,,,
TENSOR DE CABLE 3/16,1044053,CHM-1044053,PEND-1044053,1024.08,,,pza,pza,1.0,0,Electricidad,Cables y Accesorios,,,
TENSOR DE CABLE 1/4,1044054,CHM-1044054,PEND-1044054,1656.6,,,pza,pza,1.0,0,Electricidad,Cables y Accesorios,,,
"ABRAZADERA PARA CABLE 1/8""",1044082,CHM-1044082,PEND-1044082,572.28,,,pza,pza,1.0,0,Electricidad,Cables y Accesorios,,,
"ABRAZADERA PARA CABLE 3/16""",1044083,CHM-1044083,PEND-1044083,742.96,,,pza,pza,1.0,0,Electricidad,Cables y Accesorios,,,
"ABRAZADERA PARA CABLE 1/4""",1044084,CHM-1044084,PEND-1044084,1124.48,,,pza,pza,1.0,0,Electricidad,Cables y Accesorios,,,
"DESTORCEDOR DE ZINC PARA CABLE DE 5/32""",1044098,CHM-1044098,PEND-1044098,1355.4,,,pza,pza,1.0,0,Aceros y Techumbre,Planchas,,,
"DESTORCEDOR DE ZINC PARA CABLE DE 3/16""",1044099,CHM-1044099,PEND-1044099,1283.112,,,pza,pza,1.0,0,Aceros y Techumbre,Planchas,,,
"DESTORCEDOR DE ZINC PARA CABLE DE 1/4""",1044100,CHM-1044100,PEND-1044100,1441.744,,,pza,pza,1.0,0,Aceros y Techumbre,Planchas,,,
"DESTORCEDOR DE ZINC PARA CABLE DE 5/16""",1044101,CHM-1044101,PEND-1044101,1827.28,,,pza,pza,1.0,0,Aceros y Techumbre,Planchas,,,
"CABLE ACERO 1/8"" ROLLO 75 MTS.",1044205,CHM-1044205,PEND-1044205,391.56,,,mts,mts,1.0,0,Aceros y Techumbre,Planchas,,,
"CABLE ACERO 3/16"" ROLLO 75 MTS.",1044206,CHM-1044206,PEND-1044206,710.832,,,mts,mts,1.0,0,Aceros y Techumbre,Planchas,,,
"CABLE ACERO 1/4"" ROLLO 75 MTS.",1044207,CHM-1044207,PEND-1044207,1255.0,,,mts,mts,1.0,0,Aceros y Techumbre,Planchas,,,
"CABLE ACERO 1/16"" ROLLO 75 MTS.",1044208,CHM-1044208,PEND-1044208,189.756,,,pza,pza,1.0,0,Aceros y Techumbre,Planchas,,,
"CABLE ACERO 3/32""",1044209,CHM-1044209,PEND-1044209,240.96,,,pza,pza,1.0,0,Aceros y Techumbre,Planchas,,,
"CABLE ACERO FORRADO 3/16"" ROLLO 75 MTS.",1044217,CHM-1044217,PEND-1044217,861.432,,,mts,mts,1.0,0,Aceros y Techumbre,Planchas,,,
"CABLE ACERO FORRADO 1/4"" ROLLO 75 MTS.",1044218,CHM-1044218,PEND-1044218,1546.16,,,mts,mts,1.0,0,Aceros y Techumbre,Planchas,,,
"ABRAZADERA DE ACERO 3/8"" - 5/8"" - 10 PZAS.",1044232,CHM-1044232,PEND-1044232,3744.92,,,bol,bol,1.0,0,Aceros y Techumbre,Planchas,,,
"ABRAZADERA DE ACERO 1/2"" - 3/4"" - 10 PZAS.",1044233,CHM-1044233,PEND-1044233,3795.12,,,bol,bol,1.0,0,Aceros y Techumbre,Planchas,,,
"ABRAZADERA DE ACERO 3/4"" - 1.1/16"" - 10 PZAS.",1044235,CHM-1044235,PEND-1044235,4086.28,,,bol,bol,1.0,0,Aceros y Techumbre,Planchas,,,
"ABRAZADERA DE ACERO 5/8"" - 1.1/4"" - 10 PZAS.",1044236,CHM-1044236,PEND-1044236,4337.28,,,bol,bol,1.0,0,Aceros y Techumbre,Planchas,,,
"ABRAZADERA DE ACERO 3/4"" - 1.1/2"" - 10 PZAS.",1044237,CHM-1044237,PEND-1044237,4497.92,,,bol,bol,1.0,0,Aceros y Techumbre,Planchas,,,
"BOLA DE ARRASTRE 2"" CAPACIDAD 3500 LB",1044440,CHM-1044440,PEND-1044440,9708.68,,,pza,pza,1.0,0,General,Otros,,,
"BOLA DE ARRASTRE 1 7/8"" CAPACIDAD 2000 LB",1044441,CHM-1044441,PEND-1044441,8835.2,,,pza,pza,1.0,0,General,Otros,,,
"ACOPLADOR PARA BOLA -35 2""",1044442,CHM-1044442,PEND-1044442,24377.12,,,pza,pza,1.0,0,General,Otros,,,
"ACOPLADOR PARA BOLA -20 1 7/8""",1044443,CHM-1044443,PEND-1044443,15652.36,,,pza,pza,1.0,0,General,Otros,,,
YEGUAS DE CARGA DE 200 KG.,1044476,CHM-1044476,PEND-1044476,120379.6,,,pza,pza,1.0,0,General,Otros,,,
"ALICATE SACASEGURO INTERNO RECTO 7""",104507,CHM-104507,PEND-104507,4396.767,,,unidad,unidad,1.0,0,Herramientas,Discos y Corte,,,
"RUEDA PARA DIABLO 8""",1045485,CHM-1045485,PEND-1045485,10682.56,,,pza,pza,1.0,0,General,Otros,,,
BOMBA PERIFERICA LEO APM37 INNOVATION 3.0,104807,CHM-104807,PEND-104807,64412.71436,,,unidad,unidad,1.0,0,General,Otros,,,
BOMBA PERIFERICA LEO APM75 INNOVATION 3.0,104809,CHM-104809,PEND-104809,119540.58732,,,unidad,unidad,1.0,0,General,Otros,,,
BOMBA CENTRIFUGA LEO ACM75 INNOVATION 3.0,104810,CHM-104810,PEND-104810,122470.95208,,,unidad,unidad,1.0,0,General,Otros,,,
BOMBA AUTOCEBANTE LEO AJM75 INNOVATION 3.0,104823,CHM-104823,PEND-104823,163266.94592,,,unidad,unidad,1.0,0,General,Otros,,,
CONTROL ELECT LEO PS04-A 10A 220V MAX 2HP,104844,CHM-104844,PEND-104844,58780.09364000001,,,unidad,unidad,1.0,0,General,Otros,,,
CALORKOTE ALUMINIO 400 (CERESITA),10499304,CHM-10499304,PEND-10499304,7208.72,,,litro,litro,1.0,0,Construccion,Materiales,,,
R-66 PACK SILICONA+RENOVADOR 650CC,105050611,CHM-105050611,PEND-105050611,8365.83,,,unidad,unidad,1.0,0,General,Otros,,,
SHAMPOO R-66 DE 1 LITRO,105050636,CHM-105050636,PEND-105050636,3316.965,,,unidad,unidad,1.0,0,General,Otros,,,
CERRADURA RUSTICA C/POMO ACCESO POMO / MANILLON,105121,CHM-105121,PEND-105121,73372.32,,,un,un,1.0,0,Hogar,Banio y Decoracion,,,
SOLDADORA KOMBAT 160 C/ACC.,1052100,CHM-1052100,PEND-1052100,230111.78,,,und,und,1.0,0,General,Otros,,,
ELECTRODO 316-L 3/32 (2.4 MM) CAJA 2 KG.,1052950,CHM-1052950,PEND-1052950,57279.204,,,caja,caja,1.0,0,General,Otros,,,
SOLDADORA INDURA COMPACTMIG 200,1053364,CHM-1053364,PEND-1053364,965806.836,,,un,un,1.0,0,General,Otros,,,
"BOMBA DE PISCINA LEO XKP350-2 0,47HP/220V",105361,CHM-105361,PEND-105361,133576.33664,,,unidad,unidad,1.0,0,General,Otros,,,
"BOMBA PISCINA LEO 0,75HP",105362,CHM-105362,PEND-105362,185382.54588,,,unidad,unidad,1.0,0,General,Otros,,,
CERRADURA 5620-1 DER.ACC. CON MANILLON RUSTICO BT,105482,CHM-105482,PEND-105482,73372.32,,,unidad,unidad,1.0,0,Hogar,Banio y Decoracion,,,
ELECTRODO 6011 3/32 (2.4 MM)(CAJAS DE 25 KG),105561,CHM-105561,PEND-105561,236804.444,,,caja,caja,1.0,0,General,Otros,,,
ELECTRODO 6011 1/8 (3.2 MM)(CAJAS DE 25 KG),105562,CHM-105562,PEND-105562,221217.344,,,caja,caja,1.0,0,General,Otros,,,
ATOMIZADOR DE 1 LITRO - EX COD.14687,1055938,CHM-1055938,PEND-1055938,1989.928,,,pza,pza,1.0,0,General,Otros,,,
"ESCOBA DE VINILO TIPO ABANICO, GRANDE",1057052,CHM-1057052,PEND-1057052,5973.8,,,pza,pza,1.0,0,General,Otros,,,
"TOALLA DE MICROFIBRA, 40 X 40 CM",1057065,CHM-1057065,PEND-1057065,1636.52,,,pza,pza,1.0,0,General,Otros,,,
CLAVO TECHO HELIC. 2.1/2 C/SELLO BOLSA 100 UNID.,105K,CHM-105K,PEND-105K,2161.612,,,unidad,unidad,1.0,0,General,Otros,,,
BOMBA AUMENTO DE PRESION LRP15-90A/160 220V,106016,CHM-106016,PEND-106016,84166.38424,,,unidad,unidad,1.0,0,General,Otros,,,
ANGULO 40X40X3MM,106025716,CHM-106025716,PEND-106025716,991.08856,,,KILO,KILO,1.0,0,General,Otros,,,
ANGULO 30 X 30 X 3MM COMERCIAL,106025718,CHM-106025718,PEND-106025718,991.08856,,,KILO,KILO,1.0,0,General,Otros,,,
"ANGULO 20X20X3MM (5,28 KG)",106025721,CHM-106025721,PEND-106025721,991.08856,,,KILO,KILO,1.0,0,General,Otros,,,
"ANGULO 30 X 30 X 3MM ( 8,16 KG)",106025802,CHM-106025802,PEND-106025802,1255.0,,,kilo,kilo,1.0,0,General,Otros,,,
ANGULO 25X25X3MM 6M A270ES (N,106025804,CHM-106025804,PEND-106025804,1255.0,,,kilo,kilo,1.0,0,General,Otros,,,
CERRADURA D3-30 CROM (DGM),106613,CHM-106613,PEND-106613,4538.08,,,unidad,unidad,1.0,0,Hogar,Banio y Decoracion,,,
ESCALERA PISCINA L-3 TRES PELDAÑOS AISI,107001,CHM-107001,PEND-107001,145569.96,,,unidad,unidad,1.0,0,Construccion,Materiales,,,
ANCLAJE DE FIJACION PARA ESCALERA,107003,CHM-107003,PEND-107003,9538.0,,,unidad,unidad,1.0,0,Ferreteria,Fijaciones,,,
"MODULO 600X0,30 (93KG)  / (F. DE CARGA  148,8KG)",107040058,CHM-107040058,PEND-107040058,9210.51528,,,unidad,unidad,1.0,0,General,Otros,,,
FILTRO DE ARENA FLOWMAK HASTA 7 M3/H,107104,CHM-107104,PEND-107104,199590.18,,,unidad,unidad,1.0,0,General,Otros,,,
FILTRO DE ARENA FLOWMAK HASTA 10 M3/H,107105,CHM-107105,PEND-107105,275424.308,,,unidad,unidad,1.0,0,General,Otros,,,
KIT MANTENCION 5 PRODUCTOS,107107,CHM-107107,PEND-107107,51873.97924,,,kit,kit,1.0,0,General,Otros,,,
ELECTROB. SUM. LEO 3XRM1.8/21-0.55,107303,CHM-107303,PEND-107303,292753.02672,,,kit,kit,1.0,0,General,Otros,,,
ELECTROB. SUM. LEO 3XRM1.8/27-0.75,107304,CHM-107304,PEND-107304,331548.1088,,,kit,kit,1.0,0,General,Otros,,,
DOSIFICADOR FLOWMAK FLOTANTE 23 CM DIAM.,107538,CHM-107538,PEND-107538,6708.51716,,,unidad,unidad,1.0,0,General,Otros,,,
DOSIFICADOR FLOWMAK FLOTANTE 12 CM DIAM,107539,CHM-107539,PEND-107539,3354.25356,,,unidad,unidad,1.0,0,General,Otros,,,
FILTRO DE ARENA FLOWMAK HASTA 14M3/H,107630,CHM-107630,PEND-107630,350354.836,,,unidad,unidad,1.0,0,General,Otros,,,
ESCALERA PISCINA L-3 TRES PELDAÑOS PLASTICO,107998,CHM-107998,PEND-107998,99396.0,,,unidad,unidad,1.0,0,Construccion,Materiales,,,
HIDROMASAJE ARO BLANCO,108001,CHM-108001,PEND-108001,4518.0,,,unidad,unidad,1.0,0,General,Otros,,,
"CAIMÁN DE CADENA 10""",108710,CHM-108710,PEND-108710,9926.56808,,,unidad,unidad,1.0,0,General,Otros,,,
SIKAFLEX 11 FC COLOR GRIS  CAJA CON 12 CART. 300 ML,108784,CHM-108784,PEND-108784,104670.012,,,caja,caja,1.0,0,General,Otros,,,
PALETA LLAVE SCAN NI BO,108843,CHM-108843,PEND-108843,722.88,,,unidad,unidad,1.0,0,Gasfiteria,Tuberias y Conexiones,,,
LLAVE PALETA POLI S/CIFRAR,108853,CHM-108853,PEND-108853,823.28,,,unidad,unidad,1.0,0,Gasfiteria,Tuberias y Conexiones,,,
LLAVE PALETA BALL PERFIL YALE SIN CIFRAR NI BO,108862,CHM-108862,PEND-108862,843.36,,,unidad,unidad,1.0,0,Aceros y Techumbre,Planchas,,,
HUINCHA DE MEDIR 5.0MT-25MM KNIGHT,109000035,CHM-109000035,PEND-109000035,5248.1088,,,unidad,unidad,1.0,0,General,Otros,,,
HUINCHA DE MEDIR 7.5MT-25MM KNIGHT,109000036,CHM-109000036,PEND-109000036,7028.0,,,unidad,unidad,1.0,0,General,Otros,,,
HUINCHA DE MEDIR 10.0MT-25MM KNIGHT,109000037,CHM-109000037,PEND-109000037,10376.9424,,,unidad,unidad,1.0,0,General,Otros,,,
REDONDO LISO 06MM X 6 MTS COMERCIAL (N),109006901,CHM-109006901,PEND-109006901,2510.0,,,kilo,kilo,1.0,0,General,Otros,,,
"PLANO 12X3MM ( 1,70 KG)",109007016,CHM-109007016,PEND-109007016,1090.60504,,,KILO,KILO,1.0,0,General,Otros,,,
"PLANO 16X3MM (2,26 KG)",109007024,CHM-109007024,PEND-109007024,1345.36,,,kilo,kilo,1.0,0,General,Otros,,,
"CUADRADO 10MM (4,71 KG)",109007066,CHM-109007066,PEND-109007066,1415.64,,,kilo,kilo,1.0,0,General,Otros,,,
"PLANO 20X3MM ( 2,83 KG)",109007078,CHM-109007078,PEND-109007078,1090.60504,,,KILO,KILO,1.0,0,General,Otros,,,
"PLANO 25X3MM (3,53 KG)",109007133,CHM-109007133,PEND-109007133,989.95404,,,KILO,KILO,1.0,0,General,Otros,,,
REJILLAS R-40,109223,CHM-109223,PEND-109223,15290.92,,,unidad,unidad,1.0,0,General,Otros,,,
REJILLAS R-44,109233,CHM-109233,PEND-109233,15290.92,,,unidad,unidad,1.0,0,General,Otros,,,
CUCHILLO CARTONERO GRANDE C/FRENO SELLO,10930,CHM-10930,PEND-10930,304.37264000000005,,,und,und,1.0,0,General,Otros,,,
BISAGRA ACERO 3 X 3 X 2 MM NIQUEL SATIN. (C/T),109324,CHM-109324,PEND-109324,4427.64,,,unidad,unidad,1.0,0,Aceros y Techumbre,Planchas,,,
MANILLON PARA PUERTAS LINEA RUSTICA,109532,CHM-109532,PEND-109532,10963.68,,,unidad,unidad,1.0,0,General,Otros,,,
PERILLON 433 BLISTER,109661,CHM-109661,PEND-109661,22670.32,,,un,un,1.0,0,General,Otros,,,
PERILLON 443 BLISTER,109681,CHM-109681,PEND-109681,22670.32,,,unidad,unidad,1.0,0,General,Otros,,,
CONTENEDOR 10` FLOWMAK 1X1 CON INSERTO BRONCE,109700,CHM-109700,PEND-109700,7980.67552,,,unidad,unidad,1.0,0,General,Otros,,,
CARTUCHO FLOWMAK MALLA LAVABLE SFC10-10'',109701,CHM-109701,PEND-109701,3018.3252,,,unidad,unidad,1.0,0,General,Otros,,,
PERILLON 463 BLISTER,109711,CHM-109711,PEND-109711,22670.32,,,un,un,1.0,0,General,Otros,,,
PERILLÓN RÚSTICO NE BT,109751,CHM-109751,PEND-109751,13493.76,,,unidad,unidad,1.0,0,General,Otros,,,
PERILLÓN RÚSTICO NE BT,109751,CHM-109751,PEND-109751,13493.76,,,unidad,unidad,1.0,0,General,Otros,,,
UNION AMERICANA SO-SO 1/2,10CX2511100,CHM-10CX2511100,PEND-10CX2511100,2535.1,,,unidad,unidad,1.0,0,General,Otros,,,
STIHL BUJIA NGK BPMR7A,1100004007000,CHM-1100004007000,PEND-1100004007000,2208.8,,,unidad,unidad,1.0,0,General,Otros,,,
STIHL PANTALLA FACIAL ENONOMY,1100008840517,CHM-1100008840517,PEND-1100008840517,32128.0,,,unidad,unidad,1.0,0,General,Otros,,,
STIHL ROLLO PIOLA NYLON  2.7MM 869 MTS,1100009302571,CHM-1100009302571,PEND-1100009302571,105420.0,,,un,un,1.0,0,General,Otros,,,
"STIHL ROLLO PIOLA NYLON  2,4MM 1053 MTS.",1100009302573,CHM-1100009302573,PEND-1100009302573,90691.32,,,unidad,unidad,1.0,0,General,Otros,,,
LIMPIAFONDO OCHO RUEDAS FIJAS,110003,CHM-110003,PEND-110003,15060.0,,,unidad,unidad,1.0,0,General,Otros,,,
LIMPIAFONDO MEDIA LUNA LIVIANO,110004,CHM-110004,PEND-110004,5475.816,,,unidad,unidad,1.0,0,General,Otros,,,
CEPILLO METALICO 15 CMS.PARA ALGAS,110011,CHM-110011,PEND-110011,5355.45648,,,unidad,unidad,1.0,0,General,Otros,,,
"CEPILLO PLASTICO 45 CM CUERPO ALUMINIO, CHINO",110015,CHM-110015,PEND-110015,8523.96,,,Unidad,Unidad,1.0,0,General,Otros,,,
"PTA ITALIA RADIATA 200 X 80 X 4,2",110016200080F,CHM-110016200080F,PEND-110016200080F,46819.22076,,,unidad,unidad,1.0,0,General,Otros,,,
"PTA CORRAL OREGONFINGER 200 X 90 X 4,2",110017200090F,CHM-110017200090F,PEND-110017200090F,63217.39212,,,unidad,unidad,1.0,0,General,Otros,,,
CONT. FILTRO 5' FLOWMAK BSP 3/4' BRONCE,110037,CHM-110037,PEND-110037,7162.1344,,,unidad,unidad,1.0,0,General,Otros,,,
FILTRO MALLA FLOWMAK 5' FILTRO MALLA FLOWMAK 5',110038,CHM-110038,PEND-110038,1662.64408,,,unidad,unidad,1.0,0,General,Otros,,,
PLACA ARMADA C/ INT. (9/12) 10A 250V - BLANCO,1100BN,CHM-1100BN,PEND-1100BN,1139.37936,,,unidad,unidad,1.0,0,General,Otros,,,
PESA DIGITAL ONE CHESTNUT CRISTAL RESISTENTE 150 KGS,1101010290O41I,CHM-1101010290O41I,PEND-1101010290O41I,9713.7,,,unidad,unidad,1.0,0,General,Otros,,,
SIKA 1  TAMBOR 200 KG,1101020,CHM-1101020,PEND-1101020,91557.772,,,tambor,tambor,1.0,0,General,Otros,,,
"PTA TRANCURA OREGON 200 X 80 X 4,5",110107200080C,CHM-110107200080C,PEND-110107200080C,62492.7752,,,unidad,unidad,1.0,0,General,Otros,,,
"PTA TRANCURA OREGON 200 X 85 X 4,5",110107200085C,CHM-110107200085C,PEND-110107200085C,64260.29712,,,unidad,unidad,1.0,0,General,Otros,,,
"PTA LLIFEN  ITALIA RADIATA MEDIO PUNTO 200 X 70 X 4,2",110116200070F,CHM-110116200070F,PEND-110116200070F,42616.788,,,unidad,unidad,1.0,0,General,Otros,,,
"PTA LLIFEN ITALIA RADIATA MEDIO PUNTO 200 X 75 X 4,2",110116200075F,CHM-110116200075F,PEND-110116200075F,45942.59824,,,unidad,unidad,1.0,0,General,Otros,,,
"PTA LLIFEN ITALIA RADIATAMEDIO PUNTO 200 X 80 X 4,2",110116200080F,CHM-110116200080F,PEND-110116200080F,44478.204,,,unidad,unidad,1.0,0,General,Otros,,,
"PUERTA ITALIA LLIFEN MEDIO PUNTO RADIATA 200 X 85 X 4,2",110116200085F,CHM-110116200085F,PEND-110116200085F,48565.488,,,unidad,unidad,1.0,0,General,Otros,,,
"PTA LLIFEN ITALIA RADIATA MEDIO PUNTO200 X 90 X 4,2",110116200090F,CHM-110116200090F,PEND-110116200090F,47251.252,,,unidad,unidad,1.0,0,General,Otros,,,
"OSB ESTRUCTURAL ULTU 9,5 MM (2,44 X 1,22 MT)",110122495,CHM-110122495,PEND-110122495,10943.6,,,unidad,unidad,1.0,0,General,Otros,,,
SIKA 1 TINETA 18 LT (SANTIAGO) VENTA MINIMA 4 UNIDADES,1101241,CHM-1101241,PEND-1101241,16635.135440000002,,,tineta,tineta,1.0,0,General,Otros,,,
SIKA 1 TINETA 18 LT (CONCEPCION),1101241-CONCEP,CHM-1101241-CONCEP,PEND-1101241-CONCEP,16490.3988,,,tineta,tineta,1.0,0,General,Otros,,,
"SIKA 1 PACK 4 X 4,5 LT (SANTIAGO)",1101344,CHM-1101344,PEND-1101344,25371.08,,,pack,pack,1.0,0,General,Otros,,,
"ALAMBRE NEGRO Nº14 DIAM.1,25 X 1 KG",110207,CHM-110207,PEND-110207,2178.68,,,kilo,kilo,1.0,0,Electricidad,Cables y Accesorios,,,
"ALAMBRE NEGRO Nº18 DIAM.1,25 X 1 KG",110210,CHM-110210,PEND-110210,2208.8,,,kilo,kilo,1.0,0,Electricidad,Cables y Accesorios,,,
"SIKA 2  PACK 4 X 4,5 LT (SANTIAGO) VENTA MINIMA 2 UNIDADES",1102344,CHM-1102344,PEND-1102344,49620.692,,,pack,pack,1.0,0,General,Otros,,,
ROLLO ALAMBRE PUA BWG Nº17/16 4 PUNTAS 275MTS,110301,CHM-110301,PEND-110301,29363.988,,,Un,Un,1.0,0,Electricidad,Cables y Accesorios,,,
ROLLO ALAMBRE PUA BWG Nº17/16 4 PUNTAS 500MTS,110302,CHM-110302,PEND-110302,54374.632,,,Un,Un,1.0,0,Electricidad,Cables y Accesorios,,,
ROLLO ALAMBRE PUA BWG Nº17/14 4 PUNTAS 100MTS,110304,CHM-110304,PEND-110304,17512.772,,,un,un,1.0,0,Electricidad,Cables y Accesorios,,,
ROLLO ALAMBRE PUA BWG Nº17/14 4 PUNTAS 275 MTS,110305,CHM-110305,PEND-110305,45647.67324,,,unidad,unidad,1.0,0,Electricidad,Cables y Accesorios,,,
"SIKA 3  PACK 4 X 4,5 LT (SANTIAGO) VENTA MINIMA 2 UNIDADES",1103344,CHM-1103344,PEND-1103344,29212.384,,,tineta,tineta,1.0,0,General,Otros,,,
"CONCERTINA ACERO GALV.DIAM. 300 MM, ALAMBRE 2.5MM X 10 MTS",1104-01,CHM-1104-01,PEND-1104-01,15902.356,,,caja,caja,1.0,0,Aceros y Techumbre,Planchas,,,
GUANTE CABRITILLA NATURAL PROMAX T-9,11040105,CHM-11040105,PEND-11040105,1094.36,,,PAR,PAR,1.0,0,General,Otros,,,
GUANTE CABRITILLA P.0 MOTOSIERRISTA,11040200,CHM-11040200,PEND-11040200,1596.36,,,un,un,1.0,0,General,Otros,,,
GUANTE CABRITILLA LARGO ELECTRICISTA T/10,11050408,CHM-11050408,PEND-11050408,1797.16,,,par,par,1.0,0,General,Otros,,,
GUANTE TECHNICAL HIGH CUT T.L,11060109,CHM-11060109,PEND-11060109,1897.56,,,PAR,PAR,1.0,0,Construccion,Materiales,,,
SACO BLANCO POLIPROPILENO 60 X 90 X 500 UNDS.,11061030609,CHM-11061030609,PEND-11061030609,150.6,,,unidad,unidad,1.0,0,General,Otros,,,
SACO POLIPROPILENO CORRIENTE BLANCO 60X90 CM,110610306090,CHM-110610306090,PEND-110610306090,135.54,,,unidad,unidad,1.0,0,General,Otros,,,
ESMALTE CERELUXE BERMELLON (CERESITA),11072904,CHM-11072904,PEND-11072904,5986.852,,,litro,litro,1.0,0,Pinturas,Aplicacion,,,
TUBO GRASA DESMALEZADORA,1107811201117,CHM-1107811201117,PEND-1107811201117,8092.24,,,unidad,unidad,1.0,0,Gasfiteria,Tuberias y Conexiones,,,
LIMA PLANA STIHL 150 MM,1108142523357,CHM-1108142523357,PEND-1108142523357,2941.72,,,unidad,unidad,1.0,0,General,Otros,,,
ACEITE HIDRAULICO 10W 19LT P/ PARTIDOR DE LEÑA UNID COM 1,1110000001019,CHM-1110000001019,PEND-1110000001019,92368.0,,,unidad,unidad,1.0,0,General,Otros,,,
"POLICARBONATO ONDULADO D CLEAR 0,81X2,00",111001101,CHM-111001101,PEND-111001101,4882.452,,,unidad,unidad,1.0,0,General,Otros,,,
"MANGO TELESOPICO 2,40 MTS",111002,CHM-111002,PEND-111002,12037.96,,,unidad,unidad,1.0,0,General,Otros,,,
"POLICARBONATO ONDULADO D CLEAR 0,81X2,50",111002101,CHM-111002101,PEND-111002101,6103.316,,,unidad,unidad,1.0,0,General,Otros,,,
"MANGO TELESOPICO 3,60 MTS",111003,CHM-111003,PEND-111003,13704.72048,,,unidad,unidad,1.0,0,General,Otros,,,
"POLICARBONATO ONDULADO D CLEAR 0,81X3,00",111003101,CHM-111003101,PEND-111003101,7324.18,,,unidad,unidad,1.0,0,General,Otros,,,
"MANGO TELESOPICO 4,80 MTS",111004,CHM-111004,PEND-111004,20069.96,,,Unidad,Unidad,1.0,0,General,Otros,,,
"POLICARBONATO ONDULADO D CLEAR 0,81X3,66",111005101,CHM-111005101,PEND-111005101,8935.6,,,unidad,unidad,1.0,0,General,Otros,,,
MALLA RASCHEL AZUL/AZUL 80% 4.2 MT.,111020280413,CHM-111020280413,PEND-111020280413,103914.0,,,rollo,rollo,1.0,0,General,Otros,,,
MALLA RASCHEL IMP. FRANJEADO AZUL/BLANCO 80% 2.10 X 100,111020380210,CHM-111020380210,PEND-111020380210,51957.0,,,rollo,rollo,1.0,0,General,Otros,,,
MALLA RASCHEL AZUL/BLANCO 80% 4.2 MT.,111020380410,CHM-111020380410,PEND-111020380410,103914.0,,,rollo,rollo,1.0,0,General,Otros,,,
MALLA RASCHEL NEGRO/NEGRO 80% 2.10 X 100 MTS,111070780213,CHM-111070780213,PEND-111070780213,44617.76,,,UNIDAD,UNIDAD,1.0,0,General,Otros,,,
MALLA RASCHEL IMP. NEGRO/NEGRO 80% 420X100 CO,111070780413,CHM-111070780413,PEND-111070780413,103914.0,,,rollo,rollo,1.0,0,General,Otros,,,
MALLA RASCHEL FRANJEADO VERDE/BLANCO 80% 4.2 MT.,111090380411,CHM-111090380411,PEND-111090380411,103914.0,,,rollo,rollo,1.0,0,General,Otros,,,
MALLA RASCHEL VERDE/VERDE 80% 2.1 MT.,111090980203,CHM-111090980203,PEND-111090980203,47690.0,,,UNIDAD,UNIDAD,1.0,0,General,Otros,,,
"MALLA RASCHEL VERDE/VERDE 80%  4,2MT",111090980413,CHM-111090980413,PEND-111090980413,103914.0,,,rollo,rollo,1.0,0,General,Otros,,,
"MOTOSIERRA STIHL MS250 ESPADA 18"" 45.4CC.",1111230113050,CHM-1111230113050,PEND-1111230113050,323127.36,,,unidad,unidad,1.0,0,Herramientas,Discos y Corte,,,
"MOTOSIERRA STIHL MS170 ESPADA 14"" 30,1CC.",1111300113014,CHM-1111300113014,PEND-1111300113014,140560.0,,,unidad,unidad,1.0,0,Herramientas,Discos y Corte,,,
MALLA RASCHEL FRANJEADO VERDE/BLANCO 80% 2.1 MT.,111200380210,CHM-111200380210,PEND-111200380210,51957.0,,,rollo,rollo,1.0,0,General,Otros,,,
"TEE DENTADA 3/8"" C/3 ABRAZADERAS",111322204-T,CHM-111322204-T,PEND-111322204-T,890.548,,,unid.,unid.,1.0,0,Gasfiteria,Tuberias y Conexiones,,,
"RODILLO CHIPORRO NATURAL 5"" O 12 CM",112,CHM-112,PEND-112,3218.4726,,,unidad,unidad,1.0,0,Pinturas,Aplicacion,,,
"MINI ARCO 12' DE PLÁSTICO PARA SEGUETA, PRETUL",1120002,CHM-1120002,PEND-1120002,2891.52,,,pza,pza,1.0,0,General,Otros,,,
"ROLLO DE HILO PARA DESBROZADORA, 2.4 MM X 12 M, PRETUL",1120024,CHM-1120024,PEND-1120024,1084.32,,,pza,pza,1.0,0,General,Otros,,,
"ROLLO DE HILO PARA DESBROZADORA, 2.7 MM X 12 M, PRETUL",1120025,CHM-1120025,PEND-1120025,1265.04,,,pza,pza,1.0,0,General,Otros,,,
TUBERIA PPR 20MM 6MT PN16,11202,CHM-11202,PEND-11202,3324.244,,,unidad,unidad,1.0,0,General,Otros,,,
"JUEGO DE 4 DESARMADORES MANGO COMFORT GRIP, PRETUL",1120218,CHM-1120218,PEND-1120218,4987.872,,,pza,pza,1.0,0,General,Otros,,,
TUBERIA PPR 25MM 6MT PN16,11203,CHM-11203,PEND-11203,5337.264,,,unidad,unidad,1.0,0,General,Otros,,,
CERR. CILÍNDRICA SFERA 11203 AB OFICINA/DORMITORIO INOX BT,112031,CHM-112031,PEND-112031,11064.08,,,unidad,unidad,1.0,0,General,Otros,,,
"SIKA LATEX PACK 4 X 4,5 LT (CONCEPCION)",1120344-CONCEP,CHM-1120344-CONCEP,PEND-1120344-CONCEP,96505.484,,,caja,caja,1.0,0,General,Otros,,,
"CINTA PARA DUCTO, 10 M, PRETUL",1120528,CHM-1120528,PEND-1120528,1355.4,,,pza,pza,1.0,0,General,Otros,,,
"CAJA PLÁSTICA 16""",1120603,CHM-1120603,PEND-1120603,12760.84,,,pza,pza,1.0,0,General,Otros,,,
"CUCHARA PARA ALBAÑIL 9' YESERA, PRETUL",1121049,CHM-1121049,PEND-1121049,4523.02,,,pza,pza,1.0,0,General,Otros,,,
"BÁSCULA ROMANA DE RESORTE DE 100 KG, PRETUL",1121255,CHM-1121255,PEND-1121255,5120.4,,,pza,pza,1.0,0,General,Otros,,,
JUEGO 6 DESTORNILLADOR JOYERO PRETULJ-DEJ-6,1121381,CHM-1121381,PEND-1121381,4116.4,,,jgo,jgo,1.0,0,General,Otros,,,
"ESCOBA METÁLICA PARA JARDÍN CABEZA CURVA, 20 DIENTES, PRETUL",1121431,CHM-1121431,PEND-1121431,6415.56,,,pza,pza,1.0,0,General,Otros,,,
"FORMÓN 1', PRETUL",1121668,CHM-1121668,PEND-1121668,3689.7,,,pza,pza,1.0,0,General,Otros,,,
"BOMBIN DE PIE 23""",1121690,CHM-1121690,PEND-1121690,8323.16,,,pza,pza,1.0,0,General,Otros,,,
"JUEGO DE 8 LLAVES ALLEN MM PUNTA HEX TIPO LLAVERO, PRETUL",1121851,CHM-1121851,PEND-1121851,1164.64,,,pza,pza,1.0,0,Gasfiteria,Tuberias y Conexiones,,,
"ASPIRADORA PARA AUTO, DE 12 VOLTS, PRETUL",1122090,CHM-1122090,PEND-1122090,23653.236,,,pza,pza,1.0,0,General,Otros,,,
"CORTA CARTON DE 6"", PRETUL",1122396,CHM-1122396,PEND-1122396,1187.732,,,pza,pza,1.0,0,General,Otros,,,
"ALICATE PUNTA Y CORTE 6"" CONFORT GRIP",1122670,CHM-1122670,PEND-1122670,3202.76,,,pza,pza,1.0,0,Herramientas,Discos y Corte,,,
"ALICATE ELECTRICISTA 8""",1122674,CHM-1122674,PEND-1122674,4859.36,,,pza,pza,1.0,0,Herramientas,Discos y Corte,,,
"ALICATE DE CORTE DIAGONAL 6""",1122675,CHM-1122675,PEND-1122675,3333.28,,,pza,pza,1.0,0,Herramientas,Discos y Corte,,,
BARNIZ MARINO ALERCE (CERESITA),11226801,CHM-11226801,PEND-11226801,15817.016,,,galon,galon,1.0,0,General,Otros,,,
BARNIZ MARINO MAPLE (CERESITA),11227101,CHM-11227101,PEND-11227101,15817.016,,,galon,galon,1.0,0,General,Otros,,,
BARNIZ MARINO CAOBA (CERESITA),11227201,CHM-11227201,PEND-11227201,15817.016,,,galon,galon,1.0,0,General,Otros,,,
BARNIZ MARINO ROBLE CLARO (CERESITA),11227301,CHM-11227301,PEND-11227301,15817.016,,,galon,galon,1.0,0,General,Otros,,,
BARNIZ MARINO NOGAL (CERESITA),11227401,CHM-11227401,PEND-11227401,15817.016,,,galon,galon,1.0,0,General,Otros,,,
BARNIZ MARINO NATURAL (CERESITA),11227601,CHM-11227601,PEND-11227601,15817.016,,,galon,galon,1.0,0,General,Otros,,,
"CABLES PASACORRIENTES 2,5 M CALIBRE 10",1122808,CHM-1122808,PEND-1122808,7791.04,,,pza,pza,1.0,0,Construccion,Materiales,,,
DESTAPACAÑOS DE 1.8 MTS,1122882,CHM-1122882,PEND-1122882,4206.76,,,pza,pza,1.0,0,General,Otros,,,
BORNES DE BATERIA,1123041,CHM-1123041,PEND-1123041,2650.56,,,pza,pza,1.0,0,General,Otros,,,
BORNES DE BATERIA,1123042,CHM-1123042,PEND-1123042,5070.2,,,pza,pza,1.0,0,General,Otros,,,
"TIJERA PARA PODA 8' FORJADA CUCHILLA DE PASO, PRETUL",1123104,CHM-1123104,PEND-1123104,6164.56,,,pza,pza,1.0,0,General,Otros,,,
LLAVE DE JARDIN DE BOLA,1123146,CHM-1123146,PEND-1123146,2369.44,,,pza,pza,1.0,0,Gasfiteria,Tuberias y Conexiones,,,
"TIJERA COSTURA / OFICINA 6""",1123154,CHM-1123154,PEND-1123154,3795.12,,,pza,pza,1.0,0,General,Otros,,,
"CANDADO DE HIERRO, COLOR LATON, 40MM, CORTO, CAJA, BASIC",1123518,CHM-1123518,PEND-1123518,1421.664,,,pza,pza,1.0,0,Hogar,Banio y Decoracion,,,
"CANDADO DE HIERRO, COLOR LATON, 30MM, CORTO, CAJA, BASIC",1123522,CHM-1123522,PEND-1123522,1120.464,,,pza,pza,1.0,0,Hogar,Banio y Decoracion,,,
"KIT 3 BROCASIERRAS PARA MADERA PARA CERRADURAS,BLISTER,PRETUL",1123549,CHM-1123549,PEND-1123549,3584.28,,,jgo,jgo,1.0,0,Herramientas,Discos y Corte,,,
JUEGO DE 5 PIEZAS PARA INSTALAR CERRADURAS (MANDRIL Y 4 SIERRAS DE COPA),1123550,CHM-1123550,PEND-1123550,4307.16,,,pza,pza,1.0,0,Herramientas,Discos y Corte,,,
"ESCALERA TUBULAR 2 PELDAÑO , PRETUL",1124118,CHM-1124118,PEND-1124118,42998.308,,,pza,pza,1.0,0,Construccion,Materiales,,,
ESCALERA TUBULAR PLEGABLE,1124120,CHM-1124120,PEND-1124120,58286.216,,,pza,pza,1.0,0,Construccion,Materiales,,,
"LLANTA NEUMÁTICA 14', SIN CÁMARA, PRETUL",1125008,CHM-1125008,PEND-1125008,6305.12,,,pza,pza,1.0,0,General,Otros,,,
"AZADON TIPO JARDINERO 6""",1125053,CHM-1125053,PEND-1125053,7028.0,,,pza,pza,1.0,0,General,Otros,,,
RASTRILLO 14 DIENTES,1125054,CHM-1125054,PEND-1125054,8584.2,,,pza,pza,1.0,0,General,Otros,,,
"JUEGO PARA INSTALAR CERRADURAS, 4 PZAS, PRETUL",1126038,CHM-1126038,PEND-1126038,8143.444,,,jgo,jgo,1.0,0,Hogar,Banio y Decoracion,,,
"LINTERNA DE MINERO 3 LEDS 65 LM DE 3 PILAS AAA, PRETUL",1127083,CHM-1127083,PEND-1127083,3885.48,,,pza,pza,1.0,0,General,Otros,,,
"NIPLE TUERCA HI-HE 1/2"" X 3/8"" - LATÓN",112732001-T,CHM-112732001-T,PEND-112732001-T,290.156,,,unid.,unid.,1.0,0,Ferreteria,Fijaciones,,,
"HILO CON TUERCA 1/2"" X 3/8"" - LATÓN",112932001-T,CHM-112932001-T,PEND-112932001-T,282.124,,,unid.,unid.,1.0,0,Ferreteria,Fijaciones,,,
"HILO CON TUERCA 1/2"" - LATÓN",112933001-T,CHM-112933001-T,PEND-112933001-T,444.772,,,unid.,unid.,1.0,0,Ferreteria,Fijaciones,,,
"HILO CON TUERCA 3/4"" X 1/2"" - LATÓN",112943001-T,CHM-112943001-T,PEND-112943001-T,486.94,,,unid.,unid.,1.0,0,Ferreteria,Fijaciones,,,
"HILO HI-HI 1/2""",113033000-T,CHM-113033000-T,PEND-113033000-T,679.708,,,unid.,unid.,1.0,0,General,Otros,,,
PLANCHA ALVEOLAR 2100 X 2900X4MM TRANSPARENTE,113215401,CHM-113215401,PEND-113215401,22546.828,,,unidad,unidad,1.0,0,Aceros y Techumbre,Planchas,,,
PLANCHA ALVEOLAR 1050 X 2900X4MM TRANSPARENTE,113216401,CHM-113216401,PEND-113216401,11273.916,,,unidad,unidad,1.0,0,Aceros y Techumbre,Planchas,,,
"CACHIMBO RECTO HI 3/8"" IZQ CON ESPIGA 3/8"" - LATÓN",113422081-T,CHM-113422081-T,PEND-113422081-T,305.216,,,unid.,unid.,1.0,0,General,Otros,,,
CACHIMBO RECTO HI 3/8,113422083-T,CHM-113422083-T,PEND-113422083-T,220.88,,,unid.,unid.,1.0,0,General,Otros,,,
"CACHIMBO RECTO HI 3/8"" IZQ CON ESPIGA 1/2"" - LATÓN",113423081-T,CHM-113423081-T,PEND-113423081-T,443.768,,,unid.,unid.,1.0,0,General,Otros,,,
"CACHIMBO RECTO HI 1/2"" CON ESPIGA 3/8""C/GOLILLA Y ABRAZADERA",113432073-T,CHM-113432073-T,PEND-113432073-T,693.764,,,unid.,unid.,1.0,0,General,Otros,,,
CADENA 3/8 MICRO 1.5,1136220000056,CHM-1136220000056,PEND-1136220000056,15060.0,,,unidad,unidad,1.0,0,General,Otros,,,
ROLLO CADENA. R. SUPER 3/8 1.5 (COMPETENCIA),1136220001640,CHM-1136220001640,PEND-1136220001640,387042.0,,,Unidad,Unidad,1.0,0,General,Otros,,,
ROLLO CADENA 1.5 3/8 (COMPETENCIA),1136220001640,CHM-1136220001640,PEND-1136220001640,413648.0,,,unidad,unidad,1.0,0,General,Otros,,,
"CADENA STIHL R. MICRO 0,325 1,6MM. 68 ESLABONES",1136290000068,CHM-1136290000068,PEND-1136290000068,16666.4,,,un,un,1.0,0,General,Otros,,,
"ROLLO CADENA R. MICRO 0.325 1,6 MS 250",1136290001840,CHM-1136290001840,PEND-1136290001840,387042.0,,,Unidad,Unidad,1.0,0,General,Otros,,,
"CACHIMBO 90° HI 1/2"" CON ESPIGA 3/8 - LATÓN",113632001-T,CHM-113632001-T,PEND-113632001-T,645.572,,,unid.,unid.,1.0,0,General,Otros,,,
"CACHIMBO 90° HI 1/2"" CON ESPIGA 3/8C/GOLILLA Y ABRAZADERA",113632073-T,CHM-113632073-T,PEND-113632073-T,710.832,,,unid.,unid.,1.0,0,General,Otros,,,
"CADENA STIHL P. MICRO 3/8 1,3MM. 50 ESLABONES",1136360000050,CHM-1136360000050,PEND-1136360000050,14758.8,,,un,un,1.0,0,General,Otros,,,
"CADENA 3/8 1.3 ESP. 16""",1136360000055,CHM-1136360000055,PEND-1136360000055,15562.0,,,un,un,1.0,0,General,Otros,,,
ROLLO CADENA. PICCO MICRO 3/8 1.3 MS 170 -MS 210,1136360001640,CHM-1136360001640,PEND-1136360001640,387042.0,,,Unidad,Unidad,1.0,0,General,Otros,,,
"CADENA STIHL MICRO 3/8 1,6MM. 72 ESLABONES",1136520000072,CHM-1136520000072,PEND-1136520000072,25300.8,,,un,un,1.0,0,General,Otros,,,
PINTURA MULTITECHO ROJO COLONIAL N (CERESITA),11370101,CHM-11370101,PEND-11370101,19201.5,,,galon,galon,1.0,0,Pinturas,Aplicacion,,,
PINTURA MULTITECHO NEGRO (CERESITA),11370201,CHM-11370201,PEND-11370201,19201.5,,,galon,galon,1.0,0,Pinturas,Aplicacion,,,
PINTURA MULTITECHO AZUL COLONIAL (CERESITA),11370301,CHM-11370301,PEND-11370301,19201.5,,,galon,galon,1.0,0,Pinturas,Aplicacion,,,
PINTURA MULTITECHO VERDE (CERESITA),11370501,CHM-11370501,PEND-11370501,19201.5,,,galon,galon,1.0,0,Pinturas,Aplicacion,,,
CERESTAIN NATURAL (CERESITA),11380001,CHM-11380001,PEND-11380001,22203.46,,,galon,galon,1.0,0,General,Otros,,,
CERESTAIN NATURAL (CERESITA),11380004,CHM-11380004,PEND-11380004,6247.892,,,litro,litro,1.0,0,General,Otros,,,
CERESTAIN ENCINA (CERESITA),11380101,CHM-11380101,PEND-11380101,19147.284,,,galon,galon,1.0,0,General,Otros,,,
CERESTAIN ENCINA (CERESITA),11380104,CHM-11380104,PEND-11380104,6247.892,,,litro,litro,1.0,0,General,Otros,,,
CERESTAIN ROBLE (CERESITA),11380201,CHM-11380201,PEND-11380201,22203.46,,,galon,galon,1.0,0,General,Otros,,,
CERESTAIN ROBLE (CERESITA),11380204,CHM-11380204,PEND-11380204,6247.892,,,litro,litro,1.0,0,General,Otros,,,
CERESTAIN PALO DE ROSA,11380301,CHM-11380301,PEND-11380301,19147.284,,,Galon,Galon,1.0,0,General,Otros,,,
CERESTAIN PALO DE ROSA (CERESITA),11380304,CHM-11380304,PEND-11380304,4810.164,,,1/4 galon,1/4 galon,1.0,0,General,Otros,,,
CERESTAIN ALERCE (CERESITA),11380401,CHM-11380401,PEND-11380401,22203.46,,,galon,galon,1.0,0,General,Otros,,,
CERESTAIN ALERCE (CERESITA),11380404,CHM-11380404,PEND-11380404,6247.892,,,litro,litro,1.0,0,General,Otros,,,
CERESTAIN CAOBA (CERESITA),11380501,CHM-11380501,PEND-11380501,22203.46,,,galon,galon,1.0,0,General,Otros,,,
CERESTAIN CAOBA (CERESITA),11380504,CHM-11380504,PEND-11380504,6247.892,,,litro,litro,1.0,0,General,Otros,,,
CERESTAIN VERDE (CERESITA),11380701,CHM-11380701,PEND-11380701,22203.46,,,galon,galon,1.0,0,General,Otros,,,
CERESTAIN VERDE (CERESITA),11380704,CHM-11380704,PEND-11380704,6247.892,,,litro,litro,1.0,0,General,Otros,,,
BARNIZ MARINO LADRILLO (CERESITA),11381701,CHM-11381701,PEND-11381701,15817.016,,,galon,galon,1.0,0,Construccion,Materiales,,,
BARNIZ MARINO LADRILLO (CERESITA),11381704,CHM-11381704,PEND-11381704,4446.716,,,litro,litro,1.0,0,Construccion,Materiales,,,
STIHL CABEZAL AUTOCUT(36-2) FS120/250,1140027102170,CHM-1140027102170,PEND-1140027102170,27650.16,,,unidad,unidad,1.0,0,General,Otros,,,
CABEZAL TRIMCUT C 42-2 FS 160/300/350/450,1140037102122,CHM-1140037102122,PEND-1140037102122,26104.0,,,unidad,unidad,1.0,0,General,Otros,,,
CABEZAL AUTOCUT FS 38 (C 6-2),1140067102126,CHM-1140067102126,PEND-1140067102126,28814.8,,,un,un,1.0,0,General,Otros,,,
TUBERIA PP-RCT BETA 20MM 6MT PN16,11402,CHM-11402,PEND-11402,5181.644,,,unidad,unidad,1.0,0,General,Otros,,,
TUBERIA PP-RCT BETA 25MM 6MT PN16,11403,CHM-11403,PEND-11403,8414.524,,,unidad,unidad,1.0,0,General,Otros,,,
CUCHILLO 3 PUNTAS FS 120-250,1141127134100,CHM-1141127134100,PEND-1141127134100,25401.2,,,unidad,unidad,1.0,0,General,Otros,,,
SIERRA CIRCULAR FS 85/120/250,1141127134203,CHM-1141127134203,PEND-1141127134203,23172.32,,,unidad,unidad,1.0,0,Herramientas,Discos y Corte,,,
CUCHILLO 3 PUNTAS FS 300,1141197134100,CHM-1141197134100,PEND-1141197134100,30622.0,,,unidad,unidad,1.0,0,General,Otros,,,
SIERRA CIRCULAR FS 300,1141197134200,CHM-1141197134200,PEND-1141197134200,25501.6,,,unidad,unidad,1.0,0,Herramientas,Discos y Corte,,,
DESMALEZADORA FS 300 (INCORPORA CABEZAL DE NYLON Y CUCHILLA DE 3 PUNTAS),1141340112381,CHM-1141340112381,PEND-1141340112381,601396.0,,,unidad,unidad,1.0,0,General,Otros,,,
DESMALEZADORA FS 120 C/CUCHILLA 3 PTAS + CAB. NYLON,1141342000234,CHM-1141342000234,PEND-1141342000234,363448.0,,,un,un,1.0,0,General,Otros,,,
"ORILLADORA STIHL FS38, MOTOR 2T DE 30,2CC.",1141400112377,CHM-1141400112377,PEND-1141400112377,185740.0,,,un,un,1.0,0,General,Otros,,,
BARNIZ VITRIFICANTE MADELUXE (CERESITA),11453201,CHM-11453201,PEND-11453201,21297.852,,,galon,galon,1.0,0,General,Otros,,,
SOBRE AMERICANO BLANCO 10X23 80GR X 50 UN,11461,CHM-11461,PEND-11461,1878.484,,,pqt,pqt,1.0,0,General,Otros,,,
CERESTAIN CASTAÑO (CERESITA),11462701,CHM-11462701,PEND-11462701,22203.46,,,galon,galon,1.0,0,General,Otros,,,
CERESTAIN CASTAÑO (CERESITA),11462704,CHM-11462704,PEND-11462704,6247.892,,,litro,litro,1.0,0,General,Otros,,,
"LIMA PARA MOTOSIERRA 4,8 3/16",1156057734806,CHM-1156057734806,PEND-1156057734806,1506.0,,,unidad,unidad,1.0,0,Herramientas,Discos y Corte,,,
"LIMA PARA MOTOSIERRA 5,5 7/32 (CAJA)",1156057735506,CHM-1156057735506,PEND-1156057735506,1506.0,,,unidad,unidad,1.0,0,Herramientas,Discos y Corte,,,
ASPERSOR PLASTICO VERDE 1/2' - EDR,116002,CHM-116002,PEND-116002,1526.08,,,unidad,unidad,1.0,0,General,Otros,,,
ASPERSOR 1/2' PLASTICO CON ESTACA PLASTICA EDR,116006,CHM-116006,PEND-116006,2048.16,,,unidad,unidad,1.0,0,General,Otros,,,
ASPERSOR 1/2' PLASTICO CON ESTACA METALICA EDR,116008,CHM-116008,PEND-116008,3072.24,,,unidad,unidad,1.0,0,General,Otros,,,
ASPERSOR EDR 1/2' METALICO CON ESTACA DE ALUMINIO EDR,116024,CHM-116024,PEND-116024,7479.8,,,unidad,unidad,1.0,0,General,Otros,,,
KIT PITON CON ADAPTADORES Y CONECTORES 4 PIEZAS - EDR,116053,CHM-116053,PEND-116053,2399.56,,,unidad,unidad,1.0,0,General,Otros,,,
PISTOLA CHORRO REGULABLE - EDR,116062,CHM-116062,PEND-116062,2329.28,,,unidad,unidad,1.0,0,General,Otros,,,
PISTOLA 5 POSICIONES CON ADAPTADOR - EDR,116064,CHM-116064,PEND-116064,1174.68,,,unidad,unidad,1.0,0,General,Otros,,,
KIT PISTOLA ELITE CON ADAPTADORES - 4 PIEZAS - EDR,116067,CHM-116067,PEND-116067,3875.44,,,unidad,unidad,1.0,0,General,Otros,,,
ADAPTADOR MANGUERA 1/2' HE - EDR,116102,CHM-116102,PEND-116102,251.0,,,unidad,unidad,1.0,0,General,Otros,,,
ADAPTADOR MANGUERA 1/2' HI - EDR,116108,CHM-116108,PEND-116108,240.96,,,unidad,unidad,1.0,0,General,Otros,,,
ADAPTADOR BI MANGUERA 1/2' Y 3/4' HI - EDR,116112,CHM-116112,PEND-116112,431.72,,,unidad,unidad,1.0,0,General,Otros,,,
ADAPTADOR BI MANGUERA 3/4' Y 1' HI EDR,116114,CHM-116114,PEND-116114,662.64,,,unidad,unidad,1.0,0,General,Otros,,,
CONECTOR RAPIDO 1/2' SIMPLE - EDR,116122,CHM-116122,PEND-116122,612.44,,,unidad,unidad,1.0,0,General,Otros,,,
CONECTOR RAPIDO 3/4' SIMPLE - EDR,116124,CHM-116124,PEND-116124,773.08,,,unidad,unidad,1.0,0,General,Otros,,,
CONECTOR RAPIDO 1/2' AUTO STOP - EDR,116126,CHM-116126,PEND-116126,562.24,,,unidad,unidad,1.0,0,General,Otros,,,
REPARADOR DE MANGUERA 1/2' - EDR,116132,CHM-116132,PEND-116132,612.44,,,unidad,unidad,1.0,0,General,Otros,,,
REPARADOR DE MANGUERA 3/4' - EDR,116134,CHM-116134,PEND-116134,773.08,,,unidad,unidad,1.0,0,General,Otros,,,
LLAVEROS,1165002,CHM-1165002,PEND-1165002,712.84,,,pza,pza,1.0,0,Gasfiteria,Tuberias y Conexiones,,,
LLAVERO CON DESTORNILLADOR Y DESTAPADOR,1165015,CHM-1165015,PEND-1165015,1777.08,,,pza,pza,1.0,0,Gasfiteria,Tuberias y Conexiones,,,
"RETORNO ORIENTABLE EXTERIOR 1 1/2""",117000,CHM-117000,PEND-117000,2374.6608,,,Unidad,Unidad,1.0,0,General,Otros,,,
"RETORNO EMBUTIR ARO BLANCO 1 1/2""",117003,CHM-117003,PEND-117003,3090.312,,,Unidad,Unidad,1.0,0,General,Otros,,,
"CONECTOR MANGUERA 1/2"" P/LLAVE JARDÍN 1/2"" - LATÓN",117703001-T,CHM-117703001-T,PEND-117703001-T,462.844,,,unid.,unid.,1.0,0,Gasfiteria,Tuberias y Conexiones,,,
"CONECTOR MANGUERA 1/2"" P/LLAVE JARDÍN 3/4"" - LATÓN",117804001-T,CHM-117804001-T,PEND-117804001-T,663.644,,,unid.,unid.,1.0,0,Gasfiteria,Tuberias y Conexiones,,,
SACAHOJAS PLANO 32MM SIN MANGO,118000,CHM-118000,PEND-118000,2492.85168,,,Unidad,Unidad,1.0,0,General,Otros,,,
SACAHOJAS PLANO 19 MM CON MANGO ALUMINIO,118001,CHM-118001,PEND-118001,4830.6456,,,unidad,unidad,1.0,0,General,Otros,,,
"SACAHOJAS BOLSA GRANDE 32 MM, SIN MANGO",118005,CHM-118005,PEND-118005,10531.96,,,Unidad,Unidad,1.0,0,General,Otros,,,
PAPEL FOTOCOPIA CARTA 75 GR EQUALIT 500 HJ.,11820,CHM-11820,PEND-11820,3490.7473600000003,,,resma,resma,1.0,0,General,Otros,,,
PUERTA TOKYO ENCHAPADA MARA 2000X800X45MM,119220200080C,CHM-119220200080C,PEND-119220200080C,55284.11544,,,unidad,unidad,1.0,0,General,Otros,,,
ESMALTE AL AGUA ACRYFOL BLANCO 005,1200002,CHM-1200002,PEND-1200002,76891.34,,,balde,balde,1.0,0,Pinturas,Aplicacion,,,
"LISA ZG 0,35X1000X2500 G60",1200083,CHM-1200083,PEND-1200083,7392.251200000001,,,PL,PL,1.0,0,General,Otros,,,
"LISA ZA 0,35X950X2000 AZ80",1200299,CHM-1200299,PEND-1200299,5612.36,,,pl,pl,1.0,0,General,Otros,,,
"LISA ZA 0,35X950X2500 AZ80",1200300,CHM-1200300,PEND-1200300,7540.04,,,pl,pl,1.0,0,General,Otros,,,
MALLA CUADRADA TIPO 5014 1.20 X 25 MTS,1202-62,CHM-1202-62,PEND-1202-62,55739.9214,,,rollo,rollo,1.0,0,General,Otros,,,
MALLA CUADRADA TIPO 5014 1.50 X 25 MTS,1202-63,CHM-1202-63,PEND-1202-63,69640.83352,,,rollo,rollo,1.0,0,General,Otros,,,
MALLA CUADRADA TIPO 5014 1.80 X 25 MTS,1202-64,CHM-1202-64,PEND-1202-64,83405.45264,,,rollo,rollo,1.0,0,General,Otros,,,
"MALLA ROMBO GALVANIZADA 5014 X 1,20 X 25 MTS.",120202,CHM-120202,PEND-120202,2927.09172,,,ml,ml,1.0,0,General,Otros,,,
"MALLA ROMBO GALVANIZADA 5014 X 1,50 X 25 MTS.",120203,CHM-120203,PEND-120203,3658.30492,,,ml,ml,1.0,0,General,Otros,,,
"MALLA ROMBO GALVANIZADA 5014 X 1,80 X 25 MTS.",120204,CHM-120204,PEND-120204,4380.04036,,,ml,ml,1.0,0,General,Otros,,,
"MALLA ROMBO GALVANIZADA TIPO 5014 X 1,0 X 25 MTS.",120261,CHM-120261,PEND-120261,1642.90544,,,ml,ml,1.0,0,General,Otros,,,
"ROMBO ALTEC 60 BWG 15 Ø=1,95MM 1,20 X 25 MTS.",120262,CHM-120262,PEND-120262,2006.996,,,ml,ml,1.0,0,General,Otros,,,
"ROMBO ALTEC 60 BWG 15 Ø=1,95MM 1,50 X 25 MTS.",120263,CHM-120263,PEND-120263,2507.992,,,ml,ml,1.0,0,General,Otros,,,
"ROMBO ALTEC 60 BWG 15 Ø=1,95MM 1 ,80X 25 MTS.",120264,CHM-120264,PEND-120264,3002.964,,,ml,ml,1.0,0,General,Otros,,,
"CERCO GANADERO 7 HEBRAS X 1,00 MTS.",120302,CHM-120302,PEND-120302,10345.216,,,ml,ml,1.0,0,General,Otros,,,
CINTA AZUDSPRINT 8 MIL 20CM (16MM) 5 L/H/M - ROLLO 2.700M,120444,CHM-120444,PEND-120444,140700.56,,,rollo,rollo,1.0,0,General,Otros,,,
"CINTA AZUDSPRINT 8 MIL 30CM (16MM) 3,33 L/H/M - ROLLO 2.900M ( 05CAC030 )",120446,CHM-120446,PEND-120446,143843.08,,,rollo,rollo,1.0,0,General,Otros,,,
"MANGO AZADON CORRIENTE 50""",1205,CHM-1205,PEND-1205,2208.8,,,unidad,unidad,1.0,0,General,Otros,,,
PLACA ARMADA C/ TOMA DOBLE 2P+T 10A 250V - BLANCO,1208BN,CHM-1208BN,PEND-1208BN,1944.748,,,UNIDAD,UNIDAD,1.0,0,Electricidad,Cables y Accesorios,,,
SIN CLAVOS NI TORNILLOS INTERIOR 360 GRS BELGICA,120933,CHM-120933,PEND-120933,1734.912,,,caja,caja,1.0,0,Ferreteria,Fijaciones,,,
SIN CLAVOS NI TORNILLOS EXTERIOR 360 GRS BELGICA,120935,CHM-120935,PEND-120935,1964.828,,,unidad,unidad,1.0,0,Ferreteria,Fijaciones,,,
HIDRO AGUA FRIA HOGAR 105 BAR MOD.RAP 110,121051,CHM-121051,PEND-121051,49299.412,,,UNIDAD,UNIDAD,1.0,0,General,Otros,,,
HIDRO AGUA FRIA HOGAR 120BAR MOD.HOUSE 120,121052,CHM-121052,PEND-121052,74203.632,,,UNIDAD,UNIDAD,1.0,0,General,Otros,,,
MANILLA 10-2 AL SKIN PACK,121062,CHM-121062,PEND-121062,3062.2,,,unidad,unidad,1.0,0,Hogar,Banio y Decoracion,,,
MANILLA 10-3 AL SKIN PACK,121072,CHM-121072,PEND-121072,3694.72,,,unidad,unidad,1.0,0,Hogar,Banio y Decoracion,,,
BISAGRA ACERO 35 X 35 X 2 MM NS CJ,121460,CHM-121460,PEND-121460,5592.28,,,unidad,unidad,1.0,0,Aceros y Techumbre,Planchas,,,
"MANGO HACHA OVALADA 36""",1216,CHM-1216,PEND-1216,1586.32,,,unidad,unidad,1.0,0,General,Otros,,,
"PLACA MARM TRAVERTINO BEIGE C ROMA1,20X2,40X6MM (PARA COTIZAR)",121605,CHM-121605,PEND-121605,40962.86868,,,unidad,unidad,1.0,0,General,Otros,,,
"CAÑ AZUD GENIUN PC 16/40 2 L/H 0,5 M - ROLLO 500 M ( 2608C050 )",121635,CHM-121635,PEND-121635,114255.2,,,unidad,unidad,1.0,0,General,Otros,,,
PERMANIT RANURADO 120X240X6 (80 UND X PALLET),121815,CHM-121815,PEND-121815,14272.864,,,unidad,unidad,1.0,0,General,Otros,,,
PLANCHA SUPERPUDAHUEL 1200X2400X5 MM,121862,CHM-121862,PEND-121862,10730.53112,,,unidad,unidad,1.0,0,Aceros y Techumbre,Planchas,,,
PLANCHA SUPERPUDAHUEL 1200X2400X6 MM,121865,CHM-121865,PEND-121865,12957.05172,,,Unidad,Unidad,1.0,0,Aceros y Techumbre,Planchas,,,
PLANCHA SUPERPUDAHUEL 1200X2400X4 MM,121867,CHM-121867,PEND-121867,7739.79584,,,Unidad,Unidad,1.0,0,Aceros y Techumbre,Planchas,,,
PLANCHA CERAMIC BASE 120X240X6 MM,121933,CHM-121933,PEND-121933,15913.098800000002,,,Unidad,Unidad,1.0,0,Aceros y Techumbre,Planchas,,,
CEDRALNATURAL C00 190X3660X6 MM,121938,CHM-121938,PEND-121938,4329.248,,,unidad,unidad,1.0,0,General,Otros,,,
GOT DESMONTABLE AUTOCOMPENSADO 4 L/H RAMBO NEGRO,122058,CHM-122058,PEND-122058,108.432,,,unidad,unidad,1.0,0,General,Otros,,,
GOT REGULABLE R70 0-70 L/HR VERDE,122312,CHM-122312,PEND-122312,46.184,,,unidad,unidad,1.0,0,General,Otros,,,
GOT REGULABLE R70 0-70 L/HR ROJO,122314,CHM-122314,PEND-122314,46.184,,,unidad,unidad,1.0,0,General,Otros,,,
GOT DESMONTABLE REGULAR 4 L/HR RAMBO,122328,CHM-122328,PEND-122328,84.336,,,unidad,unidad,1.0,0,General,Otros,,,
MSD MACHIHEMBRADO 3/4X5X3200X370 (CONCEPCIÓN),1225512-Concepción,CHM-1225512-CONCEPCIÓN,PEND-1225512-CONCEPCIÓN,2199.764,,,un,un,1.0,0,General,Otros,,,
ESPUMA POLIURETANO 1K 500 ML SOUDAL,123362,CHM-123362,PEND-123362,3928.652,,,unidad,unidad,1.0,0,General,Otros,,,
FIX ALL HUGH TACK BLANCO 290ML,123393,CHM-123393,PEND-123393,4146.52,,,unidad,unidad,1.0,0,General,Otros,,,
SIN CLAVOS NI TORNILLOS INTERIOR 280ML SOUDAL,123476,CHM-123476,PEND-123476,1734.912,,,unidad,unidad,1.0,0,Ferreteria,Fijaciones,,,
TERCIADO ESTRUCTURAL 9X 2440X1220X108 (CONCEPCIÓN),1236426-Concepción,CHM-1236426-CONCEPCIÓN,PEND-1236426-CONCEPCIÓN,12309.04,,,un,un,1.0,0,General,Otros,,,
"TERMINAL MANGUERA 1 1/2""",124002,CHM-124002,PEND-124002,1073.4768,,,unidad,unidad,1.0,0,General,Otros,,,
"MANGO PICOTA OVALADA 36""",1242,CHM-1242,PEND-1242,1581.3,,,unidad,unidad,1.0,0,General,Otros,,,
"MANGO ROZON 50""",1243,CHM-1243,PEND-1243,2055.69,,,unidad,unidad,1.0,0,General,Otros,,,
PLATACHO CHICO (COIGUE) 14.5 X 30CM.(*),1244,CHM-1244,PEND-1244,4743.9,,,unidad,unidad,1.0,0,General,Otros,,,
PLATACHO GRANDE (COIGUE) 14.5 X 40CM.(*),1245,CHM-1245,PEND-1245,4819.2,,,unidad,unidad,1.0,0,General,Otros,,,
PALA ASEO PLASTICA MANGO LARGO,12457,CHM-12457,PEND-12457,722.88,,,unidad,unidad,1.0,0,General,Otros,,,
"DRENO DE FONDO C/TAPA ANTIRREMOLINO, SALIDA 2""",125000,CHM-125000,PEND-125000,8032.0,,,unidad,unidad,1.0,0,General,Otros,,,
SIKACERAM 300 EXTRA PASTA TINETA 25 KG (SANTIAGO),1250225,CHM-1250225,PEND-1250225,10003.856,,,tineta,tineta,1.0,0,General,Otros,,,
OLB 8X1220X2440 (85PLS) CONCEPCIÓN,12817NH085-CON,CHM-12817NH085-CON,PEND-12817NH085-CON,8015.936,,,UN,UN,1.0,0,General,Otros,,,
"BARANDA RECTA 3.00 MTS C/REGATONES, SIN SOPORTES",129053,CHM-129053,PEND-129053,32128.0,,,unidad,unidad,1.0,0,General,Otros,,,
SOPORTE BARANDA EN PLASTICO ABS C/FV S/TORNILLOS,129054,CHM-129054,PEND-129054,2911.6,,,Unidad,Unidad,1.0,0,Ferreteria,Fijaciones,,,
CERRADURA SOBREPONER CHILENA 2010 PITON TITANIO BT,129831,CHM-129831,PEND-129831,22248.64,,,unidad,unidad,1.0,0,Hogar,Banio y Decoracion,,,
CINTA PELIGRO 350M (1 CAJA CON 8 ROLLOS),13.09,CHM-1309,PEND-1309,26003.6,,,CAJA,CAJA,1.0,0,General,Otros,,,
ROLLO MALLA FAENERA NARANJA 1X 45 MTS DE 56 GR,13.10,CHM-1310,PEND-1310,7017.96,,,rollo,rollo,1.0,0,General,Otros,,,
EXCÉNTRICA 47-52 MM PARA GRIFS. TINA Y RECEPTÁCULO,130000022-T,CHM-130000022-T,PEND-130000022-T,676.696,,,unid.,unid.,1.0,0,General,Otros,,,
TUERCA LOCA Y POSTIZO PARA MONOMANDO TINA,130000025-N,CHM-130000025-N,PEND-130000025-N,713.844,,,unid.,unid.,1.0,0,Ferreteria,Fijaciones,,,
CUELLO COMBINACIÓN LAVAPLATO ANTONELLA,130000044-T,CHM-130000044-T,PEND-130000044-T,2349.36,,,unid.,unid.,1.0,0,General,Otros,,,
"GOLILLA PLANA SELLO DESAGÜE A SIFÓN 1.1/2""",130000149-T,CHM-130000149-T,PEND-130000149-T,70.28,,,unid.,unid.,1.0,0,General,Otros,,,
CUELLO NEGRO FLEXIBLE PARA MONOMANDO LAVAPLATO,130000159-T,CHM-130000159-T,PEND-130000159-T,3983.872,,,unid.,unid.,1.0,0,General,Otros,,,
CUELLO ROJO FLEXIBLE PARA MONOMANDO LAVAPLATO,130000160-T,CHM-130000160-T,PEND-130000160-T,4024.032,,,unid.,unid.,1.0,0,General,Otros,,,
CUELLO VERDE FLEXIBLE PARA MONOMANDO LAVAPLATO,130000161-T,CHM-130000161-T,PEND-130000161-T,3983.872,,,unid.,unid.,1.0,0,General,Otros,,,
CARRITO CON 2 RUEDAS PARA SHOWER DOOR (SUPERIOR),130000194-N,CHM-130000194-N,PEND-130000194-N,1624.472,,,unid.,unid.,1.0,0,General,Otros,,,
SACO PAPERO ROJO 25 KG 45X76,130080006092,CHM-130080006092,PEND-130080006092,125.5,,,unidad,unidad,1.0,0,General,Otros,,,
TUBO SANITARIO GRIS 110 MM CLASE 4 (6MTS),13010,CHM-13010,PEND-13010,14125.276,,,unidad,unidad,1.0,0,Gasfiteria,Tuberias y Conexiones,,,
TUBO SANITARIO GRIS 110 MM CLASE 4 (6MTS),13010,CHM-13010,PEND-13010,14125.276,,,unidad,unidad,1.0,0,Gasfiteria,Tuberias y Conexiones,,,
MALLA ASADERA 0.60X90,1302-19,CHM-1302-19,PEND-1302-19,12232.736,,,ROLLO,ROLLO,1.0,0,General,Otros,,,
PARRILLA ASADO 0.90X0.60 AL.3.40 MM.,130219,CHM-130219,PEND-130219,13152.4,,,unidad,unidad,1.0,0,General,Otros,,,
PLACA ARMADA C/ TOMA 2P+T TRIPLE 10A 250V - BLANCO,1308BN,CHM-1308BN,PEND-1308BN,2672.648,,,UNIDAD,UNIDAD,1.0,0,Electricidad,Cables y Accesorios,,,
SILICONA PRO ESPECIAL PROSIL TRANSPARENTE CON FUNGICIDA,131691,CHM-131691,PEND-131691,1395.56,,,unidad,unidad,1.0,0,General,Otros,,,
SIMPLISIMA PIEDRA AZTECA AMARILLA 6MM,131861,CHM-131861,PEND-131861,45062.1304,,,unidad,unidad,1.0,0,General,Otros,,,
SELLADOR DE POLIURETANO 300ML 40FC GRIS,131893,CHM-131893,PEND-131893,3710.784,,,unidad,unidad,1.0,0,General,Otros,,,
SELLADOR DE POLIURETANO 300ML 40FC BLANCO,131895,CHM-131895,PEND-131895,3710.784,,,unidad,unidad,1.0,0,General,Otros,,,
CERA AUTO 200 CC CREMA KIT TEFLON,13328,CHM-13328,PEND-13328,3291.2124,,,und,und,1.0,0,General,Otros,,,
SILICONA AUTO SPRAY 420 CC KIT,13330,CHM-13330,PEND-13330,3582.1716,,,und,und,1.0,0,General,Otros,,,
TESTER CLORO Y PH,134100,CHM-134100,PEND-134100,4216.8,,,unidad,unidad,1.0,0,General,Otros,,,
SILICONA PRO ESPECIAL PROSIL BLANCA CON FUNGICIDA,134613,CHM-134613,PEND-134613,1395.56,,,unidad,unidad,1.0,0,General,Otros,,,
CERRADURA CILINDRICA YALE OFICINA-DORMITORIO INOX BT,134631,CHM-134631,PEND-134631,14969.64,,,unidad,unidad,1.0,0,Hogar,Banio y Decoracion,,,
CERRADURA CILINDRICA YALE OFICINA-DORMITORIO BP BT,134691,CHM-134691,PEND-134691,15290.92,,,unidad,unidad,1.0,0,Hogar,Banio y Decoracion,,,
PLACA CEMENTO CLASICO AZTECA GRIS 1.20MX2.40MX6MM,134957,CHM-134957,PEND-134957,37931.08988,,,unidad,unidad,1.0,0,Construccion,Materiales,,,
DRENES VC-100,137201,CHM-137201,PEND-137201,822.99888,,,unidad,unidad,1.0,0,General,Otros,,,
CANDADO BRONCE ESTÁNDAR P/140 40MM BR BT,137221,CHM-137221,PEND-137221,6957.72,,,unidad,unidad,1.0,0,Hogar,Banio y Decoracion,,,
CANDADO BRONCE ESTÁNDAR P/150 50MM BR BT,137231,CHM-137231,PEND-137231,10863.28,,,unidad,unidad,1.0,0,Hogar,Banio y Decoracion,,,
SELLADOR ACRILICO SILICONIZADO BLANCO RETAIL TUBO AMARILLO,138094,CHM-138094,PEND-138094,1026.088,,,unidad,unidad,1.0,0,Gasfiteria,Tuberias y Conexiones,,,
"CANAL CORNISA ZG 0,35X300X2000 G60",1400001,CHM-1400001,PEND-1400001,2018.04,,,ti,ti,1.0,0,General,Otros,,,
"CANAL CORNISA ZG 0,35X300X3000 G60",1400002,CHM-1400002,PEND-1400002,3047.14,,,ti,ti,1.0,0,General,Otros,,,
"PERLON TRENZADO 4,0 MM X CARRETE 1000 METROS",14004,CHM-14004,PEND-14004,70280.0,,,unidad,unidad,1.0,0,General,Otros,,,
"PERLON TRENZADO 5,0 MM X CARRETE 800 METROS",14005,CHM-14005,PEND-14005,70280.0,,,unidad,unidad,1.0,0,General,Otros,,,
"PERLON TRENZADO 6,0 MM X CARRETE 500 METROS",14006,CHM-14006,PEND-14006,70280.0,,,unidad,unidad,1.0,0,General,Otros,,,
"CLAVOS 2 Y 1/2""",140102,CHM-140102,PEND-140102,1784.7003599999998,,,kg,kg,1.0,0,General,Otros,,,
"CLAVOS 4""",140104,CHM-140104,PEND-140104,1784.7003599999998,,,kg,kg,1.0,0,General,Otros,,,
"CLAVOS 5""",140106,CHM-140106,PEND-140106,1784.7003599999998,,,kg,kg,1.0,0,General,Otros,,,
"PERLON TRENZADO 16,0 MM X ROLLOS 200 METROS",14016B,CHM-14016B,PEND-14016B,178712.0,,,unidad,unidad,1.0,0,General,Otros,,,
BISAGRA POLI 3.5 X 3.5 X 2.0  NE BT,140221,CHM-140221,PEND-140221,3273.04,,,unidad,unidad,1.0,0,Hogar,Banio y Decoracion,,,
CERR. CILÍNDRICA YALE OFICINA-DORMITORIO NE BT,140911,CHM-140911,PEND-140911,21194.44,,,unidad,unidad,1.0,0,General,Otros,,,
"CUAD.25 X 2.0 LC X 6000 MM ( 8,16 KG)",1411-06000,CHM-1411-06000,PEND-1411-06000,14746.752,,,tira,tira,1.0,0,General,Otros,,,
CERRADURA TUBULAR 14202 BT,142021,CHM-142021,PEND-142021,40953.16,,,unidad,unidad,1.0,0,Hogar,Banio y Decoracion,,,
CANDADO RÚSTICO P/140 40MM NE BT,142191,CHM-142191,PEND-142191,3652.552,,,unidad,unidad,1.0,0,Hogar,Banio y Decoracion,,,
CANDADO RÚSTICO P/160 60MM NE BT,142211,CHM-142211,PEND-142211,7748.872,,,unidad,unidad,1.0,0,Hogar,Banio y Decoracion,,,
CANDADO RÚSTICO P/150 50MM NEGRO BT,142221,CHM-142221,PEND-142221,5535.052,,,unidad,unidad,1.0,0,Hogar,Banio y Decoracion,,,
JUEGO DUCHA EUROSPRAY BLANCO,143-10,CHM-143-10,PEND-143-10,5892.476,,,unidad,unidad,1.0,0,General,Otros,,,
"CUAD.30 X 2.0 X 6000 MM ( 10,08 KG)",1431-06000,CHM-1431-06000,PEND-1431-06000,18216.576,,,tira,tira,1.0,0,General,Otros,,,
CERR. CILÍNDRICA POLI PRAGA C/MANILLA BAÑO BE BT-D,143331,CHM-143331,PEND-143331,17439.48,,,unidad,unidad,1.0,0,Hogar,Banio y Decoracion,,,
YESO ESPUMA ROMERAL 25 KG,144194,CHM-144194,PEND-144194,4180.656,,,saco,saco,1.0,0,Construccion,Materiales,,,
AGOREX MADERA 24X1/2 KG.,1443827,CHM-1443827,PEND-1443827,59263.108,,,caja,caja,1.0,0,General,Otros,,,
ESPUMA DE POLIURETANO DE 600+150ML CON PISTOLA INCLUIDA PROMOCION,144574,CHM-144574,PEND-144574,4255.956,,,Unidad,Unidad,1.0,0,General,Otros,,,
"PORTACANDADO POLI 2.5"" ZINCADO BLANCO BO",147122,CHM-147122,PEND-147122,2008.0,,,un,un,1.0,0,Aceros y Techumbre,Planchas,,,
"PORTACANDADO POLI 3.5"" ZINCADO BLANCO BO",147132,CHM-147132,PEND-147132,2530.08,,,unidad,unidad,1.0,0,Aceros y Techumbre,Planchas,,,
SILICONA ALTA TEMPERATURA ROJA 300ML,147303,CHM-147303,PEND-147303,2801.16,,,unidad,unidad,1.0,0,General,Otros,,,
SILICONA NEUTRA NEGRA PROF.,147394,CHM-147394,PEND-147394,2811.2,,,unidad,unidad,1.0,0,General,Otros,,,
PERFIL CUADRADO 75X75X2.0X6.000 (27 KG),1490-06000,CHM-1490-06000,PEND-1490-06000,48794.4,,,tira,tira,1.0,0,Aceros y Techumbre,Planchas,,,
MANGUERA 1 1/2 (ROLLO 30 MTS),149002,CHM-149002,PEND-149002,1907.6,,,unidad,unidad,1.0,0,General,Otros,,,
"PERFIL CUADRADO 75 X 75 X 3,0 ( 39,6  KG TI )",1491-06000,CHM-1491-06000,PEND-1491-06000,71565.12,,,tira,tira,1.0,0,Aceros y Techumbre,Planchas,,,
GUANTE LATEX DOMESTICO L AMARILLO,14990103,CHM-14990103,PEND-14990103,441.76,,,par,par,1.0,0,General,Otros,,,
GUANTE LATEX NEOPRENO ALBAÑIL,14990200,CHM-14990200,PEND-14990200,491.96,,,par,par,1.0,0,General,Otros,,,
GUANTE CLEANTEX CELES MANEJO ALIMENTOS (100 UN)T-L,14991262,CHM-14991262,PEND-14991262,3604.36,,,caja,caja,1.0,0,General,Otros,,,
"PERFIL CUADRADO 100X100X2.0X6.000 (36,42 KG)",1500-06000,CHM-1500-06000,PEND-1500-06000,65818.224,,,tira,tira,1.0,0,Aceros y Techumbre,Planchas,,,
"CABALLETE M5 500 ZG 0,35X500X3000 G40 ( CON SOMBRERO )",1500028,CHM-1500028,PEND-1500028,5773.0,,,ti,ti,1.0,0,General,Otros,,,
"CABALLETE LCS ZG 0,35X308X2000 G60",1500032,CHM-1500032,PEND-1500032,2384.5,,,ti,ti,1.0,0,General,Otros,,,
"CABALLETE LCS ZG 0,35X308X3000 G60",1500033,CHM-1500033,PEND-1500033,3127.46,,,ti,ti,1.0,0,General,Otros,,,
"CABALLETE LCS ZG 0,35X408X2000 G60",1500035,CHM-1500035,PEND-1500035,2931.68,,,ti,ti,1.0,0,General,Otros,,,
"CABALLETE LCS ZG 0,35X408X3000 G60",1500036,CHM-1500036,PEND-1500036,4533.06,,,ti,ti,1.0,0,General,Otros,,,
CYPERKILL 25EC 50CC,1500112,CHM-1500112,PEND-1500112,7746.864,,,unidad,unidad,1.0,0,General,Otros,,,
CYPERKILL 25EC (100CC),1500115,CHM-1500115,PEND-1500115,7081.212,,,UNIDAD,UNIDAD,1.0,0,General,Otros,,,
RASTOP PELLET. 50 GR CILINDRO,1500183,CHM-1500183,PEND-1500183,1944.748,,,unidad,unidad,1.0,0,General,Otros,,,
RASTOP MINI-BLOQUE (250 GR),1500199,CHM-1500199,PEND-1500199,8244.848,,,unidad,unidad,1.0,0,General,Otros,,,
TUBO PVC PRESIÓN 20 MM PN 16 X 6 M,15002,CHM-15002,PEND-15002,2528.825,,,unidad,unidad,1.0,0,Gasfiteria,Tuberias y Conexiones,,,
RATICIDA PATROL MINIBLOQUE X 100 GR,1500214,CHM-1500214,PEND-1500214,4767.30324,,,unidad,unidad,1.0,0,General,Otros,,,
SEMILLA 5 GRS ACELGA,1500282,CHM-1500282,PEND-1500282,1510.08628,,,unidad,unidad,1.0,0,General,Otros,,,
SEMILLA 5 GRS ALBAHACA,1500285,CHM-1500285,PEND-1500285,1314.236,,,unidad,unidad,1.0,0,General,Otros,,,
SEMILLA 5 GRS BETARRAGA,1500287,CHM-1500287,PEND-1500287,1507.83732,,,unidad,unidad,1.0,0,General,Otros,,,
SEMILLA 5 GRS CEBOLLA CRISTAL,1500289,CHM-1500289,PEND-1500289,1476.884,,,unidad,unidad,1.0,0,General,Otros,,,
SEMILLA 5 GRS CILANTRO,1500290,CHM-1500290,PEND-1500290,1243.956,,,unidad,unidad,1.0,0,General,Otros,,,
SEMILLA CIBOULLETE 1 GR,1500294,CHM-1500294,PEND-1500294,1400.96152,,,unidad,unidad,1.0,0,General,Otros,,,
SEMILLA 5 GRS ESPINACAS,1500296,CHM-1500296,PEND-1500296,1471.45236,,,unidad,unidad,1.0,0,General,Otros,,,
SEMILLA 5 GRS MELON CALAMEÑO,1500308,CHM-1500308,PEND-1500308,1559.212,,,unidad,unidad,1.0,0,Construccion,Materiales,,,
SEMILLA OREGANO 1 GR,1500311,CHM-1500311,PEND-1500311,1915.44124,,,unidad,unidad,1.0,0,General,Otros,,,
SEMILLA 5 GRS PEPINO,1500313,CHM-1500313,PEND-1500313,1684.77224,,,unidad,unidad,1.0,0,General,Otros,,,
SEMILLA 5 GRS PEREJIL,1500314,CHM-1500314,PEND-1500314,1243.956,,,unidad,unidad,1.0,0,General,Otros,,,
SEMILLA 5 GRS RABANITO,1500318,CHM-1500318,PEND-1500318,1451.784,,,unidad,unidad,1.0,0,General,Otros,,,
SEMILLA 5 GRS REPOLLO,1500319,CHM-1500319,PEND-1500319,1808.82648,,,unidad,unidad,1.0,0,General,Otros,,,
SEMILLA 5 GRS SAND¡A,1500321,CHM-1500321,PEND-1500321,1472.868,,,unidad,unidad,1.0,0,General,Otros,,,
SEMILLA 5 GRS TOMATE,1500324,CHM-1500324,PEND-1500324,2018.65244,,,unidad,unidad,1.0,0,Electricidad,Cables y Accesorios,,,
SEMILLA HORTALIZAS PIMENTON X 1 GR,1500327,CHM-1500327,PEND-1500327,1483.98228,,,unidad,unidad,1.0,0,General,Otros,,,
SEMILLA TOMATE CHERRY X 1 GR,1500332,CHM-1500332,PEND-1500332,1481.76344,,,unidad,unidad,1.0,0,Electricidad,Cables y Accesorios,,,
SEMILLA 5 GRS ZAPALLO ITALIANO,1500335,CHM-1500335,PEND-1500335,1302.188,,,unidad,unidad,1.0,0,General,Otros,,,
FUMAGINA 0.1 KILOS,1500467,CHM-1500467,PEND-1500467,4794.9534,,,unidad,unidad,1.0,0,General,Otros,,,
HONGOS - EMPAQUE:CAJA 0.1 KILOS,1500468,CHM-1500468,PEND-1500468,5319.673919999999,,,unidad,unidad,1.0,0,General,Otros,,,
OXICLORURO DE CU (100 GR),1500470,CHM-1500470,PEND-1500470,3134.488,,,unidad,unidad,1.0,0,General,Otros,,,
DIMETOATO PLUS 100CC,1500487,CHM-1500487,PEND-1500487,5773.19076,,,unidad,unidad,1.0,0,General,Otros,,,
ARAÑITAS GREENLINE 100 CC,1500489,CHM-1500489,PEND-1500489,4860.70536,,,unidad,unidad,1.0,0,General,Otros,,,
CONCHUELAS GREENLINE 100 CC,1500491,CHM-1500491,PEND-1500491,4787.072,,,unidad,unidad,1.0,0,General,Otros,,,
PULGONES 100 CC,1500499,CHM-1500499,PEND-1500499,4714.784,,,unidad,unidad,1.0,0,General,Otros,,,
SOPAPA W.C. GOMA,15005,CHM-15005,PEND-15005,946.772,,,unidad,unidad,1.0,0,General,Otros,,,
SEMILLA MEZCLA ESTADIO 5KG,1500620,CHM-1500620,PEND-1500620,28154.168,,,unidad,unidad,1.0,0,General,Otros,,,
ENRAIZANTE (50 GR),1500656,CHM-1500656,PEND-1500656,4931.648,,,unidad,unidad,1.0,0,General,Otros,,,
"PP MULTI TRENZADO 6,0 MM CON PINTA X CARRETE 500 METROS",15006C,CHM-15006C,PEND-15006C,55220.0,,,unidad,unidad,1.0,0,General,Otros,,,
TIERRA PARA MACETEROS 6 LTS,1500709,CHM-1500709,PEND-1500709,1623.468,,,unidad,unidad,1.0,0,General,Otros,,,
TIERRA PARA MACETEROS 25 LTS.,1500710,CHM-1500710,PEND-1500710,4378.444,,,unidad,unidad,1.0,0,General,Otros,,,
TOXIMOL PELLET CEBO CARACOL 0.25 KILOS,1500715,CHM-1500715,PEND-1500715,4591.292,,,unidad,unidad,1.0,0,General,Otros,,,
"PP MULTI TRENZADO 8,0 MM CON PINTA X CARRETE 300 METROS",15008C,CHM-15008C,PEND-15008C,55220.0,,,unidad,unidad,1.0,0,General,Otros,,,
ROLLO CUERDA PP DIAM 6MM X 200MTS,1501-08,CHM-1501-08,PEND-1501-08,13256.816,,,ROLLO,ROLLO,1.0,0,General,Otros,,,
"PP MULTI TRENZADO 10,0 MM CON PINTA X CARRETE 200 METROS",15010C,CHM-15010C,PEND-15010C,55220.0,,,unidad,unidad,1.0,0,General,Otros,,,
"CIPERKILL 10EC, 100 CC (S/BLISTER)",1501148,CHM-1501148,PEND-1501148,6369.376,,,unidad,unidad,1.0,0,General,Otros,,,
"OSB MULTIUSO CASA ULTU 9MM (2,44 X 1,22 MT)",1501229,CHM-1501229,PEND-1501229,9538.0,,,unidad,unidad,1.0,0,General,Otros,,,
"PP MULTI TRENZADO 12,0 MM CON PINTA X CARRETE 140 METROS",15012C,CHM-15012C,PEND-15012C,55220.0,,,unidad,unidad,1.0,0,General,Otros,,,
RASTOP MOLIENDA TOFFEE (200 GRS.),1501336,CHM-1501336,PEND-1501336,3209.788,,,unidad,unidad,1.0,0,General,Otros,,,
RASTOP MINIBLOQUE (100 GRS).,1501366,CHM-1501366,PEND-1501366,4391.496,,,unidad,unidad,1.0,0,General,Otros,,,
KIT PINTURA TOLSEN 40088 BANDEJA+RODILLO,15016400104088,CHM-15016400104088,PEND-15016400104088,4893.496,,,set,set,1.0,0,Pinturas,Aplicacion,,,
RASTOP PASTA 150 GRS,1502550,CHM-1502550,PEND-1502550,3483.88,,,unidad,unidad,1.0,0,General,Otros,,,
TIERRA DE HOJA 15LT,1503610,CHM-1503610,PEND-1503610,3289.104,,,unidad,unidad,1.0,0,General,Otros,,,
SEM HORT PUERRO ANASAC (5 G),1503802,CHM-1503802,PEND-1503802,1466.2315600000002,,,unidad,unidad,1.0,0,General,Otros,,,
TIERRA DE HOJAS 40 LTS.,1503863,CHM-1503863,PEND-1503863,4772.012,,,unidad,unidad,1.0,0,General,Otros,,,
BARRA LED 120W 12/24V SPOT+FLOOD 55CM,150522,CHM-150522,PEND-150522,31415.16,,,unidad,unidad,1.0,0,General,Otros,,,
RODILLO SINTETICO TIGRE 1372 23CM,15060071901372,CHM-15060071901372,PEND-15060071901372,1466.844,,,unidad,unidad,1.0,0,Pinturas,Aplicacion,,,
RODILLO ESPONJA TIGRE 15 CM,15097071900240,CHM-15097071900240,PEND-15097071900240,1702.784,,,unidad,unidad,1.0,0,Pinturas,Aplicacion,,,
ADHESIVO PVC 700 NORMAL 237CC WELD-ON,151022,CHM-151022,PEND-151022,3001.96,,,unidad,unidad,1.0,0,Gasfiteria,Tuberias y Conexiones,,,
[151025] ADHESIVO PVC 705 MEDIA VISC - 237CC WELD-ON,151025,CHM-151025,PEND-151025,3835.28,,,unidad,unidad,1.0,0,Gasfiteria,Tuberias y Conexiones,,,
ADHESIVO PVC 725 HUMEDAD 237CC WELD-ON,151026,CHM-151026,PEND-151026,3463.8,,,unidad,unidad,1.0,0,Gasfiteria,Tuberias y Conexiones,,,
ESCUADRA TRIANGULARCAFÉ BOLSA 100 UN,1512140009150,CHM-1512140009150,PEND-1512140009150,1715.836,,,unidad,unidad,1.0,0,General,Otros,,,
"ESPEJO 60 X 90 RECTANGULAR CON FRANJAS LATERALES FORMANDO ONDA, A RAYAS HORIZONTALES - CON SOPORTE P",151609021-N,CHM-151609021-N,PEND-151609021-N,12955.616,,,unid.,unid.,1.0,0,Ferreteria,Fijaciones,,,
BARREHOJAS R-110 C/MANGO DE MADERA,152410045,CHM-152410045,PEND-152410045,10911.472,,,unidad,unidad,1.0,0,General,Otros,,,
RASTRILLO 12 DIENTES C/MANGO DE MADERA,152410120,CHM-152410120,PEND-152410120,7720.76,,,unidad,unidad,1.0,0,General,Otros,,,
RASTRILLO 14 DIENTES C/MANGO DE MADERA,152410130,CHM-152410130,PEND-152410130,11947.6,,,unidad,unidad,1.0,0,General,Otros,,,
HORQUETA FORJADA CON MANGO,152420015,CHM-152420015,PEND-152420015,16867.2,,,unidad,unidad,1.0,0,General,Otros,,,
PALA PUNTA HUEVO 1A MANGO MADERA 0.75 KG (GR),152600720,CHM-152600720,PEND-152600720,10233.772,,,unidad,unidad,1.0,0,General,Otros,,,
(NT900_39) BOTIN NAZCA TORINO PU/TPU 39,152623171520,CHM-152623171520,PEND-152623171520,25089.96,,,par,par,1.0,0,General,Otros,,,
(NT900_40) BOTIN NAZCA TORINO PU/TPU 40,152623171521,CHM-152623171521,PEND-152623171521,25089.96,,,par,par,1.0,0,General,Otros,,,
(NT900_41) BOTIN NAZCA TORINO PU/TPU 41,152623171522,CHM-152623171522,PEND-152623171522,25089.96,,,par,par,1.0,0,General,Otros,,,
(NT900_42) BOTIN NAZCA TORINO PU/TPU 42,152623171523,CHM-152623171523,PEND-152623171523,25089.96,,,par,par,1.0,0,General,Otros,,,
(NT900_43) BOTIN NAZCA TORINO PU/TPU 43,152623171524,CHM-152623171524,PEND-152623171524,25089.96,,,par,par,1.0,0,General,Otros,,,
(NT900_44) BOTIN NAZCA TORINO PU/TPU 44,152623171525,CHM-152623171525,PEND-152623171525,25089.96,,,par,par,1.0,0,General,Otros,,,
(NT900_45) BOTIN NAZCA TORINO PU/TPU 45,152623171526,CHM-152623171526,PEND-152623171526,25089.96,,,par,par,1.0,0,General,Otros,,,
PALA PUNTA HUEVO CON MANGO METALICO (GR),152635168,CHM-152635168,PEND-152635168,10426.54,,,unidad,unidad,1.0,0,General,Otros,,,
MANGO PICOTA EUCALI. 36'',152735708,CHM-152735708,PEND-152735708,4779.04,,,unidad,unidad,1.0,0,Construccion,Materiales,,,
PICOTA PUNTA-PUNTA S/MANGO 6L,152736734,CHM-152736734,PEND-152736734,13197.58,,,unidad,unidad,1.0,0,General,Otros,,,
PICOTA PTA/RAMA S/M 6L,152737734,CHM-152737734,PEND-152737734,9588.2,,,unidad,unidad,1.0,0,General,Otros,,,
COMBO 2 LBS MANGO DE FIBRA,152810100,CHM-152810100,PEND-152810100,8624.36,,,unidad,unidad,1.0,0,General,Otros,,,
COMBO 4 LBS MANGO DE FIBRA,152810110,CHM-152810110,PEND-152810110,12499.8,,,unidad,unidad,1.0,0,General,Otros,,,
COMBO 6 LBS MANGO DE FIBRA,152810120,CHM-152810120,PEND-152810120,23041.8,,,unidad,unidad,1.0,0,General,Otros,,,
COMBO 8 LBS MANGO DE FIBRA,152810130,CHM-152810130,PEND-152810130,24813.86,,,unidad,unidad,1.0,0,General,Otros,,,
TEE SANITARIO 50X50MM GRIS CLARO,152826,CHM-152826,PEND-152826,592.36,,,un,un,1.0,0,Gasfiteria,Tuberias y Conexiones,,,
TEE SANITARIO 110X40MM GRIS CLARO,152834,CHM-152834,PEND-152834,1746.96,,,un,un,1.0,0,Gasfiteria,Tuberias y Conexiones,,,
TEE SANITARIO 110X50MM GRIS CLARO,152836,CHM-152836,PEND-152836,1977.88,,,un,un,1.0,0,Gasfiteria,Tuberias y Conexiones,,,
TEE SANITARIO 110X75MM GRIS CLARO,152838,CHM-152838,PEND-152838,2319.24,,,un,un,1.0,0,Gasfiteria,Tuberias y Conexiones,,,
TEE SANITARIO 110X110MM GRIS CLARO,152840,CHM-152840,PEND-152840,2700.76,,,un,un,1.0,0,Gasfiteria,Tuberias y Conexiones,,,
VEE SANITARIO 40X40MM GRIS CLARO,152852,CHM-152852,PEND-152852,502.0,,,un,un,1.0,0,General,Otros,,,
VEE SANITARIO 50X40MM GRIS CLARO,152853,CHM-152853,PEND-152853,572.28,,,un,un,1.0,0,General,Otros,,,
VEE SANITARIO 50X50MM GRIS CLARO,152854,CHM-152854,PEND-152854,652.6,,,un,un,1.0,0,General,Otros,,,
VEE SANITARIO 75X75MM GRIS CLARO,152860,CHM-152860,PEND-152860,1837.32,,,un,un,1.0,0,General,Otros,,,
VEE SANITARIO 110X40MM GRIS CLARO,152862,CHM-152862,PEND-152862,1777.08,,,un,un,1.0,0,General,Otros,,,
VEE SANITARIO 110X50MM GRIS CLARO,152864,CHM-152864,PEND-152864,2038.12,,,un,un,1.0,0,General,Otros,,,
VEE SANITARIO 110X110MM GRIS CLARO,152868,CHM-152868,PEND-152868,3343.32,,,un,un,1.0,0,General,Otros,,,
PILETA UNIVERSAL SANITARIO GRIS,152900,CHM-152900,PEND-152900,6254.92,,,un,un,1.0,0,General,Otros,,,
CHUZO HEXAGONAL 1 1/8 .,152900152,CHM-152900152,PEND-152900152,27055.792,,,unidad,unidad,1.0,0,General,Otros,,,
CHUZO HEXAGONAL 1X1.6 MTS .,152900153,CHM-152900153,PEND-152900153,23092.0,,,unidad,unidad,1.0,0,General,Otros,,,
CODO SANITARIO 87° 40MM GRIS CLARO,152902,CHM-152902,PEND-152902,261.04,,,un,un,1.0,0,Gasfiteria,Tuberias y Conexiones,,,
CODO SANITARIO 87° 50MM GRIS CLARO,152904,CHM-152904,PEND-152904,391.56,,,un,un,1.0,0,Gasfiteria,Tuberias y Conexiones,,,
CODO SANITARIO 87° 110MM GRIS CLARO,152908,CHM-152908,PEND-152908,1154.6,,,un,un,1.0,0,Gasfiteria,Tuberias y Conexiones,,,
CODO SANITARIO 45° 110MM GRIS CLARO,152916,CHM-152916,PEND-152916,1586.32,,,un,un,1.0,0,Gasfiteria,Tuberias y Conexiones,,,
TAPA SANIT GRIS 110MM,152928,CHM-152928,PEND-152928,607.42,,,un,un,1.0,0,General,Otros,,,
CINCEL PLANO 5/8X8'',152941341,CHM-152941341,PEND-152941341,2000.972,,,unidad,unidad,1.0,0,General,Otros,,,
CINCEL PLANO 5/8X10'',152941342,CHM-152941342,PEND-152941342,2364.42,,,unidad,unidad,1.0,0,General,Otros,,,
CINCEL PLANO 5/8X12'',152941343,CHM-152941343,PEND-152941343,2821.24,,,unidad,unidad,1.0,0,General,Otros,,,
PUNTO 5/8X12'',152941362,CHM-152941362,PEND-152941362,2670.64,,,unidad,unidad,1.0,0,General,Otros,,,
COPLA SANITARIO 110MM GRIS CLARO,152948,CHM-152948,PEND-152948,1234.92,,,un,un,1.0,0,General,Otros,,,
REDUCCION SANITARIO 50X40MM GRIS CLARO,152962,CHM-152962,PEND-152962,381.52,,,un,un,1.0,0,General,Otros,,,
REDUCCION SANITARIO 110X50MM GRIS CLARO,152966,CHM-152966,PEND-152966,1074.28,,,un,un,1.0,0,General,Otros,,,
REDUCCION SANIT GRIS 110X75MM,152968,CHM-152968,PEND-152968,1134.52,,,un,un,1.0,0,General,Otros,,,
"CHICHARRA 1/2""",153230,CHM-153230,PEND-153230,12270.30568,,,unidad,unidad,1.0,0,General,Otros,,,
(NU205_43) BOTIN NAZCA LOA PU 43,153511162294,CHM-153511162294,PEND-153511162294,26395.16,,,par,par,1.0,0,General,Otros,,,
(NU205_44) BOTIN NAZCA LOA PU 44,153511162295,CHM-153511162295,PEND-153511162295,26395.16,,,par,par,1.0,0,General,Otros,,,
BOTIN DE SEGURIDAD ROBLE BLACK 40,153511163212,CHM-153511163212,PEND-153511163212,8724.76,,,unidad,unidad,1.0,0,General,Otros,,,
BOTIN DE SEGURIDAD ROBLE BLACK 41,153511163213,CHM-153511163213,PEND-153511163213,8724.76,,,unidad,unidad,1.0,0,General,Otros,,,
BOTIN DE SEGURIDAD ROBLE BLACK 42,153511163214,CHM-153511163214,PEND-153511163214,8724.76,,,unidad,unidad,1.0,0,General,Otros,,,
BOTIN DE SEGURIDAD ROBLE BLACK 43,153511163215,CHM-153511163215,PEND-153511163215,13041.96,,,unidad,unidad,1.0,0,General,Otros,,,
BOTIN DE SEGURIDAD ROBLE BLACK 44,153511163216,CHM-153511163216,PEND-153511163216,13041.96,,,unidad,unidad,1.0,0,General,Otros,,,
CODO PVC CELESTE 90° 20MM - PN10,154301,CHM-154301,PEND-154301,110.44,,,unidad,unidad,1.0,0,Gasfiteria,Tuberias y Conexiones,,,
CODO PVC CELESTE 90° 25MM - PN10,154302,CHM-154302,PEND-154302,180.72,,,unidad,unidad,1.0,0,Gasfiteria,Tuberias y Conexiones,,,
CODO PVC CELESTE 90° 32MM - PN10 IMP,154303,CHM-154303,PEND-154303,261.04,,,unidad,unidad,1.0,0,Gasfiteria,Tuberias y Conexiones,,,
CODO PVC CELESTE 90° 40MM - PN10 IMP A02,154304,CHM-154304,PEND-154304,502.0,,,unidad,unidad,1.0,0,Gasfiteria,Tuberias y Conexiones,,,
CODO PVC CELESTE 90° 50MM - PN10,154305,CHM-154305,PEND-154305,522.08,,,unidad,unidad,1.0,0,Gasfiteria,Tuberias y Conexiones,,,
CODO PVC CELESTE 90° 75MM - PN10 IMP,154307,CHM-154307,PEND-154307,1917.64,,,unidad,unidad,1.0,0,Gasfiteria,Tuberias y Conexiones,,,
CODO PVC CELESTE 90° 110MM - PN10,154309,CHM-154309,PEND-154309,6174.6,,,unidad,unidad,1.0,0,Gasfiteria,Tuberias y Conexiones,,,
TEE PVC CELESTE 20MM - PN10,154341,CHM-154341,PEND-154341,140.56,,,un,un,1.0,0,Gasfiteria,Tuberias y Conexiones,,,
TEE PVC CELESTE 25MM - PN10,154342,CHM-154342,PEND-154342,240.96,,,un,un,1.0,0,Gasfiteria,Tuberias y Conexiones,,,
TEE PVC CELESTE 32MM - PN10,154343,CHM-154343,PEND-154343,381.52,,,un,un,1.0,0,Gasfiteria,Tuberias y Conexiones,,,
TEE PVC CELESTE 50MM - PN10,154345,CHM-154345,PEND-154345,1024.08,,,un,un,1.0,0,Gasfiteria,Tuberias y Conexiones,,,
TAPA GORRO PVC CELESTE 110MM PN10 IMP,154369,CHM-154369,PEND-154369,1696.76,,,un,un,1.0,0,Gasfiteria,Tuberias y Conexiones,,,
TERMINAL HI PVC CELESTE 20MMX1/2' - PN10,154380,CHM-154380,PEND-154380,110.44,,,unidad,unidad,1.0,0,Gasfiteria,Tuberias y Conexiones,,,
TERMINAL HI PVC CELESTE 25MMX3/4' - PN10,154382,CHM-154382,PEND-154382,220.88,,,unidad,unidad,1.0,0,Gasfiteria,Tuberias y Conexiones,,,
TERMINAL HI PVC CELESTE 32MMX1' - PN10,154384,CHM-154384,PEND-154384,291.16,,,unidad,unidad,1.0,0,Gasfiteria,Tuberias y Conexiones,,,
TERMINAL HE PVC CELESTE 20MMX1/2' - PN10,154410,CHM-154410,PEND-154410,80.32,,,unidad,unidad,1.0,0,Gasfiteria,Tuberias y Conexiones,,,
TERMINAL HE PVC CELESTE 32MMX 1' - PN10,154414,CHM-154414,PEND-154414,230.92,,,unidad,unidad,1.0,0,Gasfiteria,Tuberias y Conexiones,,,
UNION AMERICANA 20MM - PN10 IMP A61,154431,CHM-154431,PEND-154431,532.12,,,un,un,1.0,0,General,Otros,,,
UNION AMERICANA 32MM - PN10 IMP A61,154433,CHM-154433,PEND-154433,1084.32,,,UN,UN,1.0,0,General,Otros,,,
UNION AMERICANA 50MM - PN10 IMP A61,154435,CHM-154435,PEND-154435,2248.96,,,UN,UN,1.0,0,General,Otros,,,
BUJE REDUC CORTO PVC CELESTE 25X20MM - PN10 IMP A68,154439,CHM-154439,PEND-154439,40.16,,,un,un,1.0,0,Gasfiteria,Tuberias y Conexiones,,,
BUJE REDUC CORTO PVC CELESTE 32X25MM - PN10 IMP A68,154440,CHM-154440,PEND-154440,110.44,,,un,un,1.0,0,Gasfiteria,Tuberias y Conexiones,,,
REDUC LARGA PVC CELESTE 32X20MM PN10 IMP A51,154469,CHM-154469,PEND-154469,230.92,,,un,un,1.0,0,Gasfiteria,Tuberias y Conexiones,,,
REDUC LARGA PVC CELESTE 40X25MM PN10 IMP A51,154471,CHM-154471,PEND-154471,251.0,,,un,un,1.0,0,Gasfiteria,Tuberias y Conexiones,,,
COPLA PVC CELESTE 20MM - PN16 IMP K01,154761,CHM-154761,PEND-154761,90.36,,,un,un,1.0,0,Gasfiteria,Tuberias y Conexiones,,,
COPLA PVC CELESTE 25MM - PN16 IMP K01,154762,CHM-154762,PEND-154762,150.6,,,un,un,1.0,0,Gasfiteria,Tuberias y Conexiones,,,
COPLA PVC CELESTE 32MM - PN16 IMP K01,154763,CHM-154763,PEND-154763,240.96,,,un,un,1.0,0,Gasfiteria,Tuberias y Conexiones,,,
CERR. EMB. NORDICA OVAL B60 ACCESO 1/2 C/TIRADOR NE BT,155021,CHM-155021,PEND-155021,55220.0,,,unidad,unidad,1.0,0,General,Otros,,,
CERR. EMB. NORDICA OVAL B60 POMO ACCESO 1/2 C/TIRADOR  NE BT,155071,CHM-155071,PEND-155071,55220.0,,,unidad,unidad,1.0,0,General,Otros,,,
CODO HI/HI 90° 1/2” - PN 10 IMP M42,155072,CHM-155072,PEND-155072,291.16,,,un,un,1.0,0,Gasfiteria,Tuberias y Conexiones,,,
TAPA GORRO HI 1” - PN 10 IMP M61,155106,CHM-155106,PEND-155106,351.4,,,UN,UN,1.0,0,General,Otros,,,
NIPLE HE/HE 1/2” - PN 10 IMP M40,155152,CHM-155152,PEND-155152,80.32,,,un,un,1.0,0,General,Otros,,,
NIPLE HE/HE 3/4” - PN 10 IMP M40,155154,CHM-155154,PEND-155154,200.8,,,un,un,1.0,0,General,Otros,,,
"NIPLE HE/HE 1"" - PN 10 IMP",155156,CHM-155156,PEND-155156,331.32,,,un,un,1.0,0,General,Otros,,,
"UNION AMERICANA HI 1"" - PN 10 IMP",155196,CHM-155196,PEND-155196,1596.36,,,un,un,1.0,0,General,Otros,,,
BUJE REDUCC HE/HI 1”X3/4” - PN 10 IMP M41,155216,CHM-155216,PEND-155216,271.08,,,un,un,1.0,0,General,Otros,,,
BUJE REDUCC HE/HI 1 1/4”X1” - PN 10 IMP M41,155220,CHM-155220,PEND-155220,662.64,,,un,un,1.0,0,General,Otros,,,
BUJE REDUCC HE/HI 1 1/2”X1 1/4” - PN 10 IMP M41,155226,CHM-155226,PEND-155226,238.952,,,un,un,1.0,0,General,Otros,,,
SALIDA ESTANQUE 25MMX3/4” - PN 10 IMP M60,155504,CHM-155504,PEND-155504,1044.16,,,un,un,1.0,0,General,Otros,,,
SALIDA ESTANQUE 32MMX1? - PN 10 IMP M60,155506,CHM-155506,PEND-155506,1385.52,,,un,un,1.0,0,General,Otros,,,
SALIDA ESTANQUE 40MMX1 1/4' PR PVC,155508,CHM-155508,PEND-155508,2710.8,,,un,un,1.0,0,Gasfiteria,Tuberias y Conexiones,,,
SALIDA ESTANQUE 50MMX1 1/2' PR PVC,155510,CHM-155510,PEND-155510,4367.4,,,un,un,1.0,0,Gasfiteria,Tuberias y Conexiones,,,
TUBERIA PP-RCT BETA  20MM PN16 - 6 M IMP,155640,CHM-155640,PEND-155640,2901.56,,,un,un,1.0,0,General,Otros,,,
TUBERIA PPR 25MM PN16 - 6M IMP,155641,CHM-155641,PEND-155641,6777.0,,,un,un,1.0,0,General,Otros,,,
TUBERIA PP-RCT BETA  32MM PN16 - 6 M IMP,155642,CHM-155642,PEND-155642,10993.8,,,un,un,1.0,0,General,Otros,,,
COPLA PPR GRIS 20MM - IMP,155701,CHM-155701,PEND-155701,80.32,,,un,un,1.0,0,General,Otros,,,
COPLA PPR GRIS 32MM - IMP,155703,CHM-155703,PEND-155703,200.8,,,un,un,1.0,0,General,Otros,,,
CODO 90° PPR GRIS 20MM - IMP,155711,CHM-155711,PEND-155711,140.56,,,un,un,1.0,0,Gasfiteria,Tuberias y Conexiones,,,
CODO 90° PPR GRIS 25MM - IMP,155712,CHM-155712,PEND-155712,200.8,,,unidad,unidad,1.0,0,Gasfiteria,Tuberias y Conexiones,,,
CODO 90° PPR GRIS 32MM - IMP,155713,CHM-155713,PEND-155713,331.32,,,un,un,1.0,0,Gasfiteria,Tuberias y Conexiones,,,
CODO 45° PPR GRIS 20MM - IMP,155721,CHM-155721,PEND-155721,130.52,,,un,un,1.0,0,Gasfiteria,Tuberias y Conexiones,,,
TEE PPR GRIS 20MM - IMP,155731,CHM-155731,PEND-155731,160.64,,,un,un,1.0,0,Gasfiteria,Tuberias y Conexiones,,,
TEE PPR GRIS 32MM - IMP,155733,CHM-155733,PEND-155733,421.68,,,un,un,1.0,0,Gasfiteria,Tuberias y Conexiones,,,
TERMINAL HI PPR GRIS 32MMX1' - IMP,155748,CHM-155748,PEND-155748,2399.56,,,un,un,1.0,0,General,Otros,,,
TERMINAL HE PPR GRIS 20MMX1/2” - IMP,155761,CHM-155761,PEND-155761,1295.16,,,un,un,1.0,0,General,Otros,,,
"TERMINAL HE PPR GRIS 20MMX3/4"" - IMP",155762,CHM-155762,PEND-155762,1315.24,,,un,un,1.0,0,General,Otros,,,
"TERMINAL HE PPR GRIS 32MMX1"" - IMP",155769,CHM-155769,PEND-155769,2861.4,,,un,un,1.0,0,General,Otros,,,
REDUCC LARGA H-H PPR GRIS 32X25MM - IMP,155793,CHM-155793,PEND-155793,200.8,,,un,un,1.0,0,General,Otros,,,
UNION AMERICANA PPR 32MM - IMP,155843,CHM-155843,PEND-155843,963.84,,,un,un,1.0,0,General,Otros,,,
CODO 90° SOLDAR/HI PPR GRIS 20MMX1/2” - IMP,155871,CHM-155871,PEND-155871,1054.2,,,un,un,1.0,0,Gasfiteria,Tuberias y Conexiones,,,
CODO 90° SOLDAR/HI PPR GRIS 25MMX3/4” - IMP,155874,CHM-155874,PEND-155874,1435.72,,,un,un,1.0,0,Gasfiteria,Tuberias y Conexiones,,,
CODO 90° SOLDAR/HE PPR GRIS 20MMX1/2” - IMP,155881,CHM-155881,PEND-155881,1234.92,,,un,un,1.0,0,Gasfiteria,Tuberias y Conexiones,,,
CODO 90° SOLDAR/HE PPR GRIS 32MMX1” - IMP,155885,CHM-155885,PEND-155885,2289.12,,,un,un,1.0,0,Gasfiteria,Tuberias y Conexiones,,,
LLAVE MANILLA ROJA 20MM PPR - IMP,155910,CHM-155910,PEND-155910,4708.76,,,un,un,1.0,0,Gasfiteria,Tuberias y Conexiones,,,
LLAVE MANILLA ROJA 25MM PPR - IMP,155911,CHM-155911,PEND-155911,6144.48,,,un,un,1.0,0,Gasfiteria,Tuberias y Conexiones,,,
LLAVE MANILLA CROMADA 20MM PPR - IMP,155921,CHM-155921,PEND-155921,7901.48,,,un,un,1.0,0,Gasfiteria,Tuberias y Conexiones,,,
LLAVE MANILLA CROMADA PUNTO AZUL 25MM PPR - IMP,155923,CHM-155923,PEND-155923,9076.16,,,un,un,1.0,0,Gasfiteria,Tuberias y Conexiones,,,
PASA TUBO CORTO PPR 20MM,155940,CHM-155940,PEND-155940,532.12,,,un,un,1.0,0,Gasfiteria,Tuberias y Conexiones,,,
MAQ FUSORA 20-63MM HM20 - CON BOQUILLAS,155995,CHM-155995,PEND-155995,65159.6,,,un,un,1.0,0,General,Otros,,,
KIT ACCESORIOS 3 PIEZAS,15618-90,CHM-15618-90,PEND-15618-90,6801.096,,,unidad,unidad,1.0,0,General,Otros,,,
CAÑERIA PE LINEAL 16X1MM - ROLLO 100M,157005,CHM-157005,PEND-157005,16867.2,,,ROLLO,ROLLO,1.0,0,General,Otros,,,
CAÑERIA PE LINEAL NAC 16X1MM - ROLLO 500M,157008,CHM-157008,PEND-157008,62248.0,,,rollo,rollo,1.0,0,General,Otros,,,
CAÑERIA PE PN6 3/4' - ROLLO 100 M,157044,CHM-157044,PEND-157044,56324.4,,,ROLLO,ROLLO,1.0,0,General,Otros,,,
CAÑERIA PE PN6 1' - ROLLO 100 M,157046,CHM-157046,PEND-157046,73794.0,,,rollo,rollo,1.0,0,General,Otros,,,
CAÑERIA PE PN6 1 1/4' - ROLLO 100 M,157048,CHM-157048,PEND-157048,117066.4,,,ROLLO,ROLLO,1.0,0,General,Otros,,,
CAÑERIA PE PN6 1 1/2' - ROLLO 100 M,157050,CHM-157050,PEND-157050,169073.6,,,rollo,rollo,1.0,0,General,Otros,,,
TEE PE 1/2',157102,CHM-157102,PEND-157102,190.76,,,unidad,unidad,1.0,0,Gasfiteria,Tuberias y Conexiones,,,
TEE PE 1',157106,CHM-157106,PEND-157106,1054.2,,,unidad,unidad,1.0,0,Gasfiteria,Tuberias y Conexiones,,,
TEE PE 1 1/2',157110,CHM-157110,PEND-157110,3162.6,,,unidad,unidad,1.0,0,Gasfiteria,Tuberias y Conexiones,,,
CODO PE 1 1/2',157130,CHM-157130,PEND-157130,1977.88,,,unidad,unidad,1.0,0,Gasfiteria,Tuberias y Conexiones,,,
TERMINAL HE PE 1',157146,CHM-157146,PEND-157146,532.12,,,unidad,unidad,1.0,0,General,Otros,,,
TERMINAL HE PE 1 1/4',157148,CHM-157148,PEND-157148,903.6,,,unidad,unidad,1.0,0,General,Otros,,,
TERMINAL HE PE 1 1/2',157150,CHM-157150,PEND-157150,1234.92,,,unidad,unidad,1.0,0,General,Otros,,,
TERMINAL HI PE 1',157166,CHM-157166,PEND-157166,712.84,,,unidad,unidad,1.0,0,General,Otros,,,
UNION DOBLE PE 1/2',157182,CHM-157182,PEND-157182,160.64,,,unidad,unidad,1.0,0,General,Otros,,,
UNION DOBLE PE 3/4',157184,CHM-157184,PEND-157184,256.02,,,unidad,unidad,1.0,0,General,Otros,,,
UNION DOBLE PE 1',157186,CHM-157186,PEND-157186,451.8,,,unidad,unidad,1.0,0,General,Otros,,,
UNION DOBLE PE 1 1/4',157188,CHM-157188,PEND-157188,647.58,,,unidad,unidad,1.0,0,General,Otros,,,
CANDADO POLI S40MM BR BT,157211,CHM-157211,PEND-157211,4206.76,,,unidad,unidad,1.0,0,Hogar,Banio y Decoracion,,,
CANDADO POLI S50MM BR BT,157221,CHM-157221,PEND-157221,6088.256,,,unidad,unidad,1.0,0,Hogar,Banio y Decoracion,,,
REDUCCION PE 1 1/4' X 1',157226,CHM-157226,PEND-157226,692.76,,,unidad,unidad,1.0,0,General,Otros,,,
CANDADO POLI S60MM BR BT,157231,CHM-157231,PEND-157231,8412.516,,,unidad,unidad,1.0,0,Hogar,Banio y Decoracion,,,
CANDADO POLI X50PMM C/HOMBROS NIS BT,157241,CHM-157241,PEND-157241,9298.044,,,unidad,unidad,1.0,0,Hogar,Banio y Decoracion,,,
CANDADO POLI X60PMM C/HOMBROS NIS BT,157251,CHM-157251,PEND-157251,12397.392,,,unidad,unidad,1.0,0,Hogar,Banio y Decoracion,,,
MINI VALVULA 16MM CELESTE - SAB,157430,CHM-157430,PEND-157430,411.64,,,un,un,1.0,0,Gasfiteria,Tuberias y Conexiones,,,
SILIRUB AC+ ALUMINIO,159313,CHM-159313,PEND-159313,2498.956,,,unidad,unidad,1.0,0,General,Otros,,,
LLAVE PASO CAMPANA CR 1/2 BZ,15BZ1511100,CHM-15BZ1511100,PEND-15BZ1511100,5262.968,,,unidad,unidad,1.0,0,Gasfiteria,Tuberias y Conexiones,,,
LLAVE ANGULAR HE HE 1/2X1/2 SIN FLEXIBLE,15TF5222100,CHM-15TF5222100,PEND-15TF5222100,2409.6,,,unidad,unidad,1.0,0,Gasfiteria,Tuberias y Conexiones,,,
"BAJADA ZG 0,35X300X2000",1600010,CHM-1600010,PEND-1600010,2093.34,,,ti,ti,1.0,0,General,Otros,,,
VALVULA BOLA PVC COMPACTA 20MM,160002,CHM-160002,PEND-160002,512.04,,,unidad,unidad,1.0,0,Gasfiteria,Tuberias y Conexiones,,,
VALVULA BOLA PVC COMPACTA 25MM,160004,CHM-160004,PEND-160004,783.12,,,unidad,unidad,1.0,0,Gasfiteria,Tuberias y Conexiones,,,
VALVULA BOLA PVC COMPACTA 32MM,160006,CHM-160006,PEND-160006,1094.36,,,unidad,unidad,1.0,0,Gasfiteria,Tuberias y Conexiones,,,
VALVULA BOLA PVC COMPACTA 40MM,160008,CHM-160008,PEND-160008,1757.0,,,unidad,unidad,1.0,0,Gasfiteria,Tuberias y Conexiones,,,
VALVULA BOLA PVC COMPACTA 50MM,160010,CHM-160010,PEND-160010,2359.4,,,UNIDAD,UNIDAD,1.0,0,Gasfiteria,Tuberias y Conexiones,,,
VALVULA BOLA PVC COMPACTA 1/2',160052,CHM-160052,PEND-160052,532.12,,,UNIDAD,UNIDAD,1.0,0,Gasfiteria,Tuberias y Conexiones,,,
VALVULA BOLA PVC COMPACTA 3/4',160054,CHM-160054,PEND-160054,813.24,,,UNIDAD,UNIDAD,1.0,0,Gasfiteria,Tuberias y Conexiones,,,
VALVULA BOLA PVC COMPACTA 1',160056,CHM-160056,PEND-160056,1335.32,,,UNIDAD,UNIDAD,1.0,0,Gasfiteria,Tuberias y Conexiones,,,
LLAVE BOLA JARDIN ECO ZINC 1/2' X 3/4' - EDR,160537,CHM-160537,PEND-160537,1827.28,,,un,un,1.0,0,Aceros y Techumbre,Planchas,,,
LLAVE DE JARDIN LATON 1/2' X 3/4' - EDR,160544,CHM-160544,PEND-160544,2961.8,,,unidad,unidad,1.0,0,Gasfiteria,Tuberias y Conexiones,,,
LLAVE DE JARDIN LATON 3/4' X 1' - EDR,160545,CHM-160545,PEND-160545,2620.44,,,unidad,unidad,1.0,0,Gasfiteria,Tuberias y Conexiones,,,
LLAVE DE JARDIN LATON 1' X 1 1/4' - EDR,160546,CHM-160546,PEND-160546,4638.48,,,unidad,unidad,1.0,0,Gasfiteria,Tuberias y Conexiones,,,
"REFLECTOR LED IP65 CON SENSOR 10W, 6.500K, NEGRO",1605563,CHM-1605563,PEND-1605563,9437.6,,,Unidad,Unidad,1.0,0,General,Otros,,,
VALVULA FONDO 1' CON FILTRO INOX - EDR,160584,CHM-160584,PEND-160584,2389.52,,,unidad,unidad,1.0,0,Gasfiteria,Tuberias y Conexiones,,,
"REFLECTOR LED IP65, 100W, 2.700K, NEGRO",1605890,CHM-1605890,PEND-1605890,29618.0,,,Unidad,Unidad,1.0,0,General,Otros,,,
VALVULA RETEN VERT 1' ASTO LATON - EDR,160604,CHM-160604,PEND-160604,4016.0,,,unidad,unidad,1.0,0,Gasfiteria,Tuberias y Conexiones,,,
CUBREJUNTA AL. PLATA 0.90 MT,160606100,CHM-160606100,PEND-160606100,3412.596,,,unidad,unidad,1.0,0,General,Otros,,,
"CUBREJUNTA DESNIVEL PLATA 0,9MT",160606510,CHM-160606510,PEND-160606510,3101.18532,,,unidad,unidad,1.0,0,General,Otros,,,
CUBREJUNTA 0.80 MTS BRONCEADA,160629600,CHM-160629600,PEND-160629600,4203.38656,,,unidad,unidad,1.0,0,General,Otros,,,
CUBREJUNTA 1 MTS BRONCEADA,160629710,CHM-160629710,PEND-160629710,4781.06808,,,unidad,unidad,1.0,0,General,Otros,,,
VALVULA RETEN HORZ LATON 1 1/2' - EDR CHAPALETA,160706,CHM-160706,PEND-160706,8624.36,,,unidad,unidad,1.0,0,Gasfiteria,Tuberias y Conexiones,,,
GANCHO PERCHA DOB.BCDO 65. MM,160709040,CHM-160709040,PEND-160709040,2818.70992,,,unidad,unidad,1.0,0,General,Otros,,,
PERCHA DMC SIMPLE BRONCEADA TF-23003,16097502900610,CHM-16097502900610,PEND-16097502900610,431.72,,,unidad,unidad,1.0,0,General,Otros,,,
PERCHA DMC SIMPLE CROMADA TF-23004,16097502900615,CHM-16097502900615,PEND-16097502900615,431.72,,,unidad,unidad,1.0,0,General,Otros,,,
PERCHA DMC DOBLE LISA BRONCEADA TF-23001,16098502900692,CHM-16098502900692,PEND-16098502900692,779.104,,,unidad,unidad,1.0,0,General,Otros,,,
PERCHA DMC DOBLE LISA CROMADA TF-23002,16098502900693,CHM-16098502900693,PEND-16098502900693,779.104,,,unidad,unidad,1.0,0,General,Otros,,,
GUANTE NITRITEX VERDE J710 T/8 STD,16160311,CHM-16160311,PEND-16160311,1094.36,,,par,par,1.0,0,General,Otros,,,
GUANTE NITRI-POL  AZUL-NEGRO PROMAX T/8,16160340,CHM-16160340,PEND-16160340,391.56,,,par,par,1.0,0,General,Otros,,,
GUANTE NITRI-POL  AZUL-NEGRO PROMAX T/9,16160341,CHM-16160341,PEND-16160341,391.56,,,par,par,1.0,0,General,Otros,,,
GUANTE NITRI-POL  AZUL-NEGRO PROMAX T/10,16160342,CHM-16160342,PEND-16160342,391.56,,,un,un,1.0,0,General,Otros,,,
CARRETILLA DESARMABLE ROLLMIX 90 LTS. PACK 50 UNIDADES PALETIZADAS,1621454096002,CHM-1621454096002,PEND-1621454096002,45622.764,,,unidad,unidad,1.0,0,General,Otros,,,
JUNQUILLO 1/4 RODÓN,1622013-Concepción,CHM-1622013-CONCEPCIÓN,PEND-1622013-CONCEPCIÓN,549.188,1350.0,1350.0,un,un,1.0,0,General,Otros,,,
MSD TERMINACIÓN1X3X3200X360 (CONCEPCIÓN),1624241-Concepción,CHM-1624241-CONCEPCIÓN,PEND-1624241-CONCEPCIÓN,1617.444,,,un,un,1.0,0,General,Otros,,,
MSD TERMINACIÓN1X4X3200X264 (CONCEPCIÓN),1624242-Concepción,CHM-1624242-CONCEPCIÓN,PEND-1624242-CONCEPCIÓN,2157.596,,,un,un,1.0,0,General,Otros,,,
MSD TERMINACIÓN2X2X3200X300,1624244-Concepción,CHM-1624244-CONCEPCIÓN,PEND-1624244-CONCEPCIÓN,2122.456,,,un,un,1.0,0,General,Otros,,,
TAPAS 1X4X3200,1659395,CHM-1659395,PEND-1659395,843.36,,,un,un,1.0,0,General,Otros,,,
CEDRAL T04 ALERCE 190X3660X6 MM,166035,CHM-166035,PEND-166035,7587.9308,,,unidad,unidad,1.0,0,General,Otros,,,
DUROLAC BLANCO 3X2440X1520X100 (CONCEPCIÓN),1665104-Concepción,CHM-1665104-CONCEPCIÓN,PEND-1665104-CONCEPCIÓN,7768.952,,,un,un,1.0,0,General,Otros,,,
"10837 FUMIGADOR, 7LTS. (1.8 GAL.) TRUPER",17-37-040,CHM-17-37-040,PEND-17-37-040,12970.676,,,[pza],[pza],1.0,0,General,Otros,,,
"10836 FUMIGADOR, 5LTS. (1.3 GAL) TRUPER",17-37-042,CHM-17-37-042,PEND-17-37-042,10734.768,,,[pza],[pza],1.0,0,General,Otros,,,
ESMALTE AEROSOL BLANCO BRILLANTE (CERESITA),17015012,CHM-17015012,PEND-17015012,1797.16,,,aerosol,aerosol,1.0,0,Pinturas,Aplicacion,,,
AEROSOL ESMALTE ALUMINIO UN,17015612,CHM-17015612,PEND-17015612,2516.024,,,aerosol,aerosol,1.0,0,Pinturas,Aplicacion,,,
ESMALTE AEROSOL NEGRO BRILLANTE (CERESITA),17015712,CHM-17015712,PEND-17015712,2306.188,,,aerosol,aerosol,1.0,0,Pinturas,Aplicacion,,,
ESMALTE AEROSOL NEGRO OPACO (CERESITA),17015812,CHM-17015812,PEND-17015812,1797.16,,,unidad,unidad,1.0,0,Pinturas,Aplicacion,,,
AEROSOL ESMALTE AZUL PACIFICO UN (CERESITA),17021012,CHM-17021012,PEND-17021012,2306.188,,,Aerosol,Aerosol,1.0,0,Pinturas,Aplicacion,,,
AEROSOL ESMALTE ROJO UN (CERESITA),17021612,CHM-17021612,PEND-17021612,2306.188,,,aerosol,aerosol,1.0,0,Pinturas,Aplicacion,,,
AEROSOL ESMALTE CAFE UN (CERESITA),17021812,CHM-17021812,PEND-17021812,2306.188,,,aerosol,aerosol,1.0,0,Pinturas,Aplicacion,,,
AEROSOL ANTIOXIDO ROJO (CERESITA),17022612,CHM-17022612,PEND-17022612,2578.272,,,aerosol,aerosol,1.0,0,General,Otros,,,
MANGUERA SIFLAT AZUL 1' - 6 BAR ROLLO 100M,170302,CHM-170302,PEND-170302,77508.8,,,rollo,rollo,1.0,0,General,Otros,,,
MANGUERA SIFLAT AZUL 1 1/2' - 6 BAR ROLLO 100M,170304,CHM-170304,PEND-170304,106424.0,,,rollo,rollo,1.0,0,General,Otros,,,
MANGUERA BAFLAT AZUL 2' - 4 BAR ROLLO 100M,170306,CHM-170306,PEND-170306,106524.4,,,ROLLO,ROLLO,1.0,0,General,Otros,,,
MANGUERA SIFLAT AZUL 2' - 6 BAR ROLLO 100M,170308,CHM-170308,PEND-170308,143572.0,,,rollo,rollo,1.0,0,General,Otros,,,
MANGUERA SIFLAT AZUL 3' - 4 BAR ROLLO 100M,170310,CHM-170310,PEND-170310,179716.0,,,rollo,rollo,1.0,0,General,Otros,,,
MANG PLANA 1' ALTA PRESION 10 BAR ROJA SIFLAT - ROLLO 100M,170350,CHM-170350,PEND-170350,111644.8,,,ROLLO,ROLLO,1.0,0,General,Otros,,,
MANG PLANA 3' ALTA PRESION 10 BAR ROJA SIFLAT - ROLLO 100M,170356,CHM-170356,PEND-170356,458928.4,,,ROLLO,ROLLO,1.0,0,General,Otros,,,
AEROSOL ALTA TEMP. NEGRO (485 ML),17050012,CHM-17050012,PEND-17050012,3334.284,,,aerosol,aerosol,1.0,0,General,Otros,,,
AEROSOL ALTAS T° ALUMINIO (CERESITA),17050112,CHM-17050112,PEND-17050112,4043.108,,,aerosol,aerosol,1.0,0,General,Otros,,,
JUEGO DE DUCHA EKO CROMO,171-90,CHM-171-90,PEND-171-90,4671.612,,,unidad,unidad,1.0,0,General,Otros,,,
SUPERSELLO FELPA TORN.CAFE BOLSA 20UN (1U) RE,1710100018150,CHM-1710100018150,PEND-1710100018150,54579.448,,,unidad,unidad,1.0,0,General,Otros,,,
SUPERSELLO DOBLE 90CM GRIS CAJA 20 UN(1UN) RET,1710100019850,CHM-1710100019850,PEND-1710100019850,63934.72,,,unidad,unidad,1.0,0,General,Otros,,,
ENCHUFE ACOPLADO MACHO 7 SAL. EUROPEO,171662,CHM-171662,PEND-171662,3577.252,,,unidad,unidad,1.0,0,Electricidad,Cables y Accesorios,,,
ENCHUFE ACOPLADO HEMBRA 7 SAL. EUROPEO,171785,CHM-171785,PEND-171785,3577.252,,,unidad,unidad,1.0,0,Electricidad,Cables y Accesorios,,,
AEROSOL ESMALTE CHOCOLATE UN (CERESITA),17188712,CHM-17188712,PEND-17188712,2306.188,,,aerosol,aerosol,1.0,0,Pinturas,Aplicacion,,,
GALVANIZADO EN FRIO AEROSOL (CERESITA),17205612,CHM-17205612,PEND-17205612,5035.06,,,aerosol,aerosol,1.0,0,General,Otros,,,
ESQUINERO 30X30X3000X20 (CONCEPCIÓN)MADERA,1730352-CONCEPCIÓN,CHM-1730352-CONCEPCIÓN,PEND-1730352-CONCEPCIÓN,1995.952,3150.0,3150.0,Un,Un,1.0,0,General,Otros,,,
LIQUIDO DE FRENOS DOT3 500ML-SP130,173880,CHM-173880,PEND-173880,3202.76,,,unidad,unidad,1.0,0,General,Otros,,,
MANGUERA ORION 1/2' VERDE - ROLLO 15 M,175302,CHM-175302,PEND-175302,7730.8,,,unidad,unidad,1.0,0,General,Otros,,,
MANGUERA ORION 1/2' VERDE - ROLLO 25 M,175304,CHM-175304,PEND-175304,12650.4,,,unidad,unidad,1.0,0,General,Otros,,,
MANGUERA ORION 1/2' VERDE - ROLLO 150 M,175308,CHM-175308,PEND-175308,60350.44,,,unidad,unidad,1.0,0,General,Otros,,,
MANGUERA ORION 3/4' VERDE - ROLLO 75 M,175312,CHM-175312,PEND-175312,61946.8,,,unidad,unidad,1.0,0,General,Otros,,,
TIERRA DE COLOR AZUL PRIMERA 1 KILO (25 UNIDADES),178-1,CHM-178-1,PEND-178-1,1716.84,,,kilo,kilo,1.0,0,General,Otros,,,
"RECT.40X20X2.0X6000 MM ( 10,08 KG)",1781-06000,CHM-1781-06000,PEND-1781-06000,18216.576,,,tira,tira,1.0,0,General,Otros,,,
SACO PAPERO BLANCO 60X90,18.42,CHM-1842,PEND-1842,218.872,,,unidad,unidad,1.0,0,General,Otros,,,
SACO PAPERO 47 X 71 ROJO PARA 25 KILOS,18.45,CHM-1845,PEND-1845,128.512,,,unidad,unidad,1.0,0,General,Otros,,,
SACO ESCOMBRO BLANCO 50X80 CM,18.F1,CHM-18F1,PEND-18F1,171.684,,,unidad,unidad,1.0,0,General,Otros,,,
LIJA METAL #80 IMPORTADA,180104,CHM-180104,PEND-180104,331.32,,,unidad,unidad,1.0,0,General,Otros,,,
PLATO DUCHA 70X70.,180700900-T,CHM-180700900-T,PEND-180700900-T,21399.256,,,unid.,unid.,1.0,0,General,Otros,,,
PLATO DUCHA 80X80.,180800900-T,CHM-180800900-T,PEND-180800900-T,23080.956,,,unid.,unid.,1.0,0,General,Otros,,,
TINA 100X70X36. ECO C/ANTIDESLIZANTE,181001200-T,CHM-181001200-T,PEND-181001200-T,51506.204,,,unid.,unid.,1.0,0,General,Otros,,,
BETONERA BAUMAX 130L,1811000390130,CHM-1811000390130,PEND-1811000390130,169515.36,,,UNIDAD,UNIDAD,1.0,0,General,Otros,,,
TINA 120X70X36. ECO C/ANTIDESLIZANTE,181201200-T,CHM-181201200-T,PEND-181201200-T,56096.492,,,unid.,unid.,1.0,0,General,Otros,,,
TINA 170X70X36 C/ANTIDESLIZANTE,181701400-T,CHM-181701400-T,PEND-181701400-T,72489.804,,,unid.,unid.,1.0,0,General,Otros,,,
"RECT.50X30X2.0X6000 MM ( 13,86 KG)",1818-06000,CHM-1818-06000,PEND-1818-06000,25047.792,,,tira,tira,1.0,0,General,Otros,,,
CAJA MILAN 10 LTS,183-350,CHM-183-350,PEND-183-350,1939.65772,,,unidad,unidad,1.0,0,General,Otros,,,
CONTENEDOR 10 LTS MULTITAPAS T/VAIVEN,183-366,CHM-183-366,PEND-183-366,2301.6097600000003,,,unidad,unidad,1.0,0,General,Otros,,,
PAPELERO VAIVEN 7 LTS PARED C/TAPA,183-404,CHM-183-404,PEND-183-404,1243.61464,,,unidad,unidad,1.0,0,General,Otros,,,
BALDE 11 LTS GRADUADO A/PLAST TRANSP,183-491,CHM-183-491,PEND-183-491,1317.86044,,,unidad,unidad,1.0,0,General,Otros,,,
PISO CUAD. NEGRO,183-507,CHM-183-507,PEND-183-507,2505.7832000000003,,,unidad,unidad,1.0,0,General,Otros,,,
BASURERO FRANKFURT 50 LTS,183-525,CHM-183-525,PEND-183-525,9679.74472,,,unidad,unidad,1.0,0,General,Otros,,,
BALDE 13 LTS C/MANILLA Y PORTA MOPA,183-575,CHM-183-575,PEND-183-575,2440.8143600000003,,,unidad,unidad,1.0,0,Hogar,Banio y Decoracion,,,
"RECT.60X40X2.0X6000 MM ( 17,58 KG)",1836-06000,CHM-1836-06000,PEND-1836-06000,31770.576,,,tira,tira,1.0,0,General,Otros,,,
PAPELERO 60 LTS T/VAIVEN,184-305,CHM-184-305,PEND-184-305,6663.51788,,,unidad,unidad,1.0,0,General,Otros,,,
"RECT.80X40X2.0X6000 MM ( 21,36 KG)",1842-06000,CHM-1842-06000,PEND-1842-06000,38601.792,,,tira,tira,1.0,0,General,Otros,,,
RECT.100X50X2.0X6000 MM ( 27 KG),1850-06000,CHM-1850-06000,PEND-1850-06000,48794.4,,,tira,tira,1.0,0,General,Otros,,,
DESAGÜE PARA TINA CON SISTEMA REBALSE,185000001-T,CHM-185000001-T,PEND-185000001-T,2367.432,,,unid.,unid.,1.0,0,General,Otros,,,
SIFÓN PLÁSTICO PARA TINA,185000002-T,CHM-185000002-T,PEND-185000002-T,1110.424,,,unid.,unid.,1.0,0,General,Otros,,,
"RECT.150X50X2.0X6000 MM ( 36,42 KG)",1853-06000,CHM-1853-06000,PEND-1853-06000,65818.224,,,tira,tira,1.0,0,General,Otros,,,
GUANTE ALGODON PIGMENTADO NORMAL CRUDO,18990120,CHM-18990120,PEND-18990120,281.12,,,PAR,PAR,1.0,0,General,Otros,,,
GUANTE POLI-LATEX GRIS/NEGRO T/9 PROMAX,18990273,CHM-18990273,PEND-18990273,582.32,,,PAR,PAR,1.0,0,General,Otros,,,
GUANTE POLI-LATEX GRIS/NEGRO T/10 PROMAX,18990274,CHM-18990274,PEND-18990274,582.32,,,PAR,PAR,1.0,0,General,Otros,,,
GUANTE TECHNICAL ALTA DESTREZA HI-PERFOR T/M,18993269,CHM-18993269,PEND-18993269,481.92,,,par,par,1.0,0,Construccion,Materiales,,,
GUANTE TECHNICAL ALTA DESTREZA HI-PERFORMANCE,18993270,CHM-18993270,PEND-18993270,446.78,,,un,un,1.0,0,Construccion,Materiales,,,
"SET DESAGÜE PLÁST. 1.1/2"" BORDE CROM.C/SIFÓN Y TUBO REBALSE - DOBLE",190000012-T,CHM-190000012-T,PEND-190000012-T,5536.056,,,unid.,unid.,1.0,0,Gasfiteria,Tuberias y Conexiones,,,
ACOPLE PARA CONECTAR SIFÓN A LAVAPLATOS DOBLES,190000054-T,CHM-190000054-T,PEND-190000054-T,1452.788,,,unid.,unid.,1.0,0,General,Otros,,,
"DESAGÜE 3.1/2""",190000060-T,CHM-190000060-T,PEND-190000060-T,1673.668,,,unid.,unid.,1.0,0,General,Otros,,,
FILTRO MALLA 3/4' Q:5 M3/H 130 MICRON - AZUD ( 17L1A220 ),190022,CHM-190022,PEND-190022,5732.84,,,un,un,1.0,0,General,Otros,,,
FILTRO MALLA 1' Q:5 M3/H 130 MICRON - AZUD ( 17L1B220 ),190025,CHM-190025,PEND-190025,5732.84,,,un,un,1.0,0,General,Otros,,,
AMARRA CARGA TOLSEN 62248,19016400286228,CHM-19016400286228,PEND-19016400286228,3851.846,,,unidad,unidad,1.0,0,General,Otros,,,
CUERDA ELASTICA TOLSEN 2 PZAS 600 MM 62242,19016400286242,CHM-19016400286242,PEND-19016400286242,1177.87272,,,unidad,unidad,1.0,0,General,Otros,,,
CUERDA ELASTICA TOLSEN 2 PZAS 900 MM 62243,19016400286243,CHM-19016400286243,PEND-19016400286243,1503.992,,,set,set,1.0,0,General,Otros,,,
AMARRA CARGA TOLSEN 62246,19016400286246,CHM-19016400286246,PEND-19016400286246,3418.62,,,set,set,1.0,0,General,Otros,,,
AMARRA CARGA TOLSEN 62252,19016400286252,CHM-19016400286252,PEND-19016400286252,10226.744,,,set,set,1.0,0,General,Otros,,,
AMARRA CARGA TOLSEN 62254,19016400286254,CHM-19016400286254,PEND-19016400286254,18818.976,,,set,set,1.0,0,General,Otros,,,
"LPLTO.SS 100X50 (ESP=0,5) C/DESAG. (B+S) SOBREP. ECO - P/MM., SEC.DER.",190502503-T,CHM-190502503-T,PEND-190502503-T,17225.628,,,unid.,unid.,1.0,0,General,Otros,,,
"LPLTO.SS 100X50 (ESP=0,5) C/DESAG. (B+S) SOBREP. ECO - P/MM., SEC.IZQ.",190502504-T,CHM-190502504-T,PEND-190502504-T,17225.628,,,unid.,unid.,1.0,0,General,Otros,,,
"LPLTO.SS 120X50 (ESP=0,5) C/DES. (2B+S) SOBREP. ECO - P/MMDO, SEC.DER.",191482503-T,CHM-191482503-T,PEND-191482503-T,23117.1,,,unid.,unid.,1.0,0,General,Otros,,,
"LPLTO.SS 120X50 (ESP=0,5) C/DES. (2B+S) SOBREP. ECO - P/MMDO, SEC.IZQ.",191482504-T,CHM-191482504-T,PEND-191482504-T,23117.1,,,unid.,unid.,1.0,0,General,Otros,,,
CARBOLINEO ADISOL,1920004,CHM-1920004,PEND-1920004,10029.96,,,balde,balde,1.0,0,General,Otros,,,
CARBOLINEO ADISOL,1920020,CHM-1920020,PEND-1920020,40149.96,,,tineta,tineta,1.0,0,General,Otros,,,
AMP W5W 24V 5W W2.1X9.5D CR STD CAJA,192230,CHM-192230,PEND-192230,157.628,,,unidad,unidad,1.0,0,General,Otros,,,
"CONTENEDOR PEQUEÑO 5"" - 1""X1"" - 8 BAR",193002,CHM-193002,PEND-193002,10592.2,,,unidad,unidad,1.0,0,General,Otros,,,
"CARTUCHO P MALLA 5"" - 80 MICRON - PEQUEÑO",193006,CHM-193006,PEND-193006,3172.64,,,unidad,unidad,1.0,0,General,Otros,,,
"CARTUCHO P HILO PP 5"" - 50 MICRON - PEQUEÑO",193008,CHM-193008,PEND-193008,1807.2,,,unidad,unidad,1.0,0,General,Otros,,,
"CONTENEDOR MEDIANO 10"" - 1""X1"" - 8 BAR",193020,CHM-193020,PEND-193020,13132.32,,,unidad,unidad,1.0,0,General,Otros,,,
"CARTUCHO M MALLA 10"" - 80 MICRON - MEDIANO",193024,CHM-193024,PEND-193024,7058.12,,,unidad,unidad,1.0,0,General,Otros,,,
"CARTUCHO M HILO PP 10"" - 50 MICRON - MEDIANO",193026,CHM-193026,PEND-193026,2821.24,,,unidad,unidad,1.0,0,General,Otros,,,
FUMIGADOR TIPO MOCHILA 16 L (FUM16) FOY,1960013,CHM-1960013,PEND-1960013,30290.68,,,uni,uni,1.0,0,General,Otros,,,
"LAVAPLATOS 80X44 (ESP=0,5) C/DESAG. (B+S) EMP. ECO - P/MMDO, SEC.IZQ.",198432514-T,CHM-198432514-T,PEND-198432514-T,15527.864,,,unid.,unid.,1.0,0,General,Otros,,,
"LAVAPLATOS 80X50 (ESP=0,5) C/DES. (B+S) SOBREP. ECO - P/COMB., SEC.DER.",198502501-T,CHM-198502501-T,PEND-198502501-T,11412.468,,,unid.,unid.,1.0,0,General,Otros,,,
"LPLTO.SS 80X50 (ESP=0,5) C/DES. (B+S) SOBREP. ECO - P/COMB., SEC.IZQ.",198502502-T,CHM-198502502-T,PEND-198502502-T,11412.468,,,unid.,unid.,1.0,0,General,Otros,,,
"LPTO SS 80X50 (ESP=0,5) C/DESAGÜE SOBREP.ECO - P/MM SEC.DER.",198502503-T,CHM-198502503-T,PEND-198502503-T,11412.468,,,unid.,unid.,1.0,0,General,Otros,,,
"LPTO SS 80X50 (ESP=0,5) C/DESAGÜE SOBREP. ECO - P/MM SEC.IZQ.",198502504-T,CHM-198502504-T,PEND-198502504-T,11412.468,,,unid.,unid.,1.0,0,General,Otros,,,
CERRAD.SOB/PONER 1995 ECON.NGRA. C/BAND.,199501,CHM-199501,PEND-199501,37017.48,,,unidad,unidad,1.0,0,General,Otros,,,
PUERTA TERCIADO BATIENTE PINO 60 X 2 MTS,1PLT3P456020LI0N000N,CHM-1PLT3P456020LI0N000N,PEND-1PLT3P456020LI0N000N,12132.336,,,unidad,unidad,1.0,0,General,Otros,,,
PUERTA TERCIADO BATIENTE PINO 70 X 2 MTS,1PLT3P457020LI0N000N,CHM-1PLT3P457020LI0N000N,PEND-1PLT3P457020LI0N000N,13163.444,,,unidad,unidad,1.0,0,General,Otros,,,
PUERTA TERCIADO BATIENTE PINO 75 X 2 MTS,1PLT3P457520LI0N000N,CHM-1PLT3P457520LI0N000N,PEND-1PLT3P457520LI0N000N,15171.444,,,unidad,unidad,1.0,0,General,Otros,,,
PUERTA TERCIADO BATIENTE PINO 80 X 2 MTS,1PLT3P458020LI0N000N,CHM-1PLT3P458020LI0N000N,PEND-1PLT3P458020LI0N000N,14781.892,,,unidad,unidad,1.0,0,General,Otros,,,
PUERTA TERCIADO BATIENTE PINO 90 X 2 MTS,1PLT3P459020LI0N000N,CHM-1PLT3P459020LI0N000N,PEND-1PLT3P459020LI0N000N,16915.392,,,unidad,unidad,1.0,0,General,Otros,,,
ESCOBILLA PLASTICA PARA ROPA UN,2-40-650,CHM-2-40-650,PEND-2-40-650,442.764,,,unidad,unidad,1.0,0,General,Otros,,,
REGULADOR PARA GAS,2000,CHM-2000,PEND-2000,6548.088,,,unidad,unidad,1.0,0,General,Otros,,,
PROYECTOR LED SOLAR 40W INTERLIGHT,20000040,CHM-20000040,PEND-20000040,20280.8,,,UNIDAD,UNIDAD,1.0,0,General,Otros,,,
PROYECTOR LED SOLAR 60W + PANEL INTERLIGHT LUZ FRIA,20000060,CHM-20000060,PEND-20000060,30923.2,,,unidad,unidad,1.0,0,General,Otros,,,
CONDENSADOR PERM DUCATI 10MFD 450V,200002,CHM-200002,PEND-200002,5144.496,,,unidad,unidad,1.0,0,General,Otros,,,
CONDENSADOR PERM DUCATI 16MFD 450V,200005,CHM-200005,PEND-200005,6740.6552,,,unidad,unidad,1.0,0,General,Otros,,,
ELECTRODO 7018-RH 3/32(CAJAS DE 25 KG),2000121,CHM-2000121,PEND-2000121,283476.388,,,caja,caja,1.0,0,General,Otros,,,
ELECTRODO 7018-RH 1/8(CAJAS DE 25 KG),2000122,CHM-2000122,PEND-2000122,112625.457,,,CAJA,CAJA,1.0,0,General,Otros,,,
ESCOBILLON MUNICIPAL C/MANGO 370MM X 90MM X 130MM,20003,CHM-20003,PEND-20003,3307.176,,,unidad,unidad,1.0,0,General,Otros,,,
"DESAGUE 1,1/4"" LAVATORIO CON REBALSE Y COLA",20006,CHM-20006,PEND-20006,1514.032,,,unidad,unidad,1.0,0,General,Otros,,,
ESMALTE SINTETICO PAJARITO BLANCO,20007101,CHM-20007101,PEND-20007101,18577.012,,,galon,galon,1.0,0,Pinturas,Aplicacion,,,
ESMALTE SINTETICO PAJARITO BLANCO,20007104,CHM-20007104,PEND-20007104,5764.968,,,1/4 galon,1/4 galon,1.0,0,Pinturas,Aplicacion,,,
ESM SINT PAJ BCO (SOQUINA),20007108,CHM-20007108,PEND-20007108,2890.516,,,1/8 galon,1/8 galon,1.0,0,General,Otros,,,
ESMALTE SINTETICO PAJARITO BLANCO 200CC,20007116,CHM-20007116,PEND-20007116,1525.076,,,unidad,unidad,1.0,0,Pinturas,Aplicacion,,,
"VOLCANBOARD 1,20X2,40 M X 4 MM",2000719,CHM-2000719,PEND-2000719,8034.51,,,unidad,unidad,1.0,0,General,Otros,,,
"VOLCANBOARD 1,20X2,40 M X 5 MM",2000720,CHM-2000720,PEND-2000720,12246.792,,,unidad,unidad,1.0,0,General,Otros,,,
"VOLCANBOARD 1,20 X 2,40 X 6MM",2000721,CHM-2000721,PEND-2000721,17521.808,,,unidad,unidad,1.0,0,General,Otros,,,
"VOLCANBOARD BACKER VOLCÁN 1,20X2,40 M X 6 MM",2000747,CHM-2000747,PEND-2000747,15404.874,,,unidad,unidad,1.0,0,General,Otros,,,
"VOLCANBOARD RANURADO 1,20X2,40 M X 6 MM",2000748,CHM-2000748,PEND-2000748,18683.436,,,unidad,unidad,1.0,0,General,Otros,,,
"VOLCANBOARD SIDING NATIVA 0,19X3,66 M X 6 MM",2000752,CHM-2000752,PEND-2000752,5346.3,,,unidad,unidad,1.0,0,General,Otros,,,
ESM SINT PAJ AMA.REY (SOQUINA),20007601,CHM-20007601,PEND-20007601,18577.012,,,galon,galon,1.0,0,General,Otros,,,
ESM SINT PAJ AZUL PACIFICO (SOQUINA),20008101,CHM-20008101,PEND-20008101,18577.012,,,galon,galon,1.0,0,General,Otros,,,
ESM SINT PAJ AZUL ULTRAMAR (SOQUINA),20008201,CHM-20008201,PEND-20008201,18577.012,,,galon,galon,1.0,0,General,Otros,,,
ESM SINT PAJ CAFE MORO (SOQUINA),20008401,CHM-20008401,PEND-20008401,18577.012,,,galon,galon,1.0,0,General,Otros,,,
ESM SINT PAJ VERDE REJA (SOQUINA),20009201,CHM-20009201,PEND-20009201,18577.012,,,galon,galon,1.0,0,General,Otros,,,
ESM SINT PAJ VERDE TROPICAL (SOQUINA),20009401,CHM-20009401,PEND-20009401,18577.012,,,galon,galon,1.0,0,Construccion,Materiales,,,
ESMALTE SINTETICO PAJARITO NEGRO (SOQUINA),20009501,CHM-20009501,PEND-20009501,14544.948,,,galon,galon,1.0,0,Pinturas,Aplicacion,,,
ESM SINT PAJ NEGRO (SOQUINA),20009504,CHM-20009504,PEND-20009504,5764.968,,,litro,litro,1.0,0,General,Otros,,,
ESM SINT PAJ NEGRO (SOQUINA),20009508,CHM-20009508,PEND-20009508,2890.516,,,1/8 galon,1/8 galon,1.0,0,General,Otros,,,
ESMALTE SINTETICO PAJARITO NEGRO 200CC (SOQUINA),20009516,CHM-20009516,PEND-20009516,1194.76,,,unidad,unidad,1.0,0,Pinturas,Aplicacion,,,
ESM SINT PAJ GRIS MAQUINA (SOQUINA),20009601,CHM-20009601,PEND-20009601,18577.012,,,galon,galon,1.0,0,General,Otros,,,
ESM SINT PAJ GRIS PERLA (SOQUINA),20009701,CHM-20009701,PEND-20009701,18577.012,,,galon,galon,1.0,0,General,Otros,,,
ESM SINT PAJ ALUMINIO (SOQUINA),20009801,CHM-20009801,PEND-20009801,18577.012,,,galon,galon,1.0,0,General,Otros,,,
LATEX CONSTRUCTOR BLANCO GL (SOQUINA),20010601,CHM-20010601,PEND-20010601,3868.412,,,galon,galon,1.0,0,General,Otros,,,
LATEX CONSTRUCTOR BLANCO 4GL (SOQUINA),20010630,CHM-20010630,PEND-20010630,11897.4,,,tineta 4 galone,tineta 4 galone,1.0,0,General,Otros,,,
LATEX CONSTRUCTOR CREMA,20010901,CHM-20010901,PEND-20010901,3247.94,,,galon,galon,1.0,0,General,Otros,,,
LATEX CONSTRUCTOR DAMASCO,20011301,CHM-20011301,PEND-20011301,3868.412,,,galon,galon,1.0,0,General,Otros,,,
LATEX CONSTRUCTOR CALIPSO,20011701,CHM-20011701,PEND-20011701,3247.94,,,galon,galon,1.0,0,Construccion,Materiales,,,
"DESAGUE LAVATORIO 1 1/4"" CON TAPON",20012,CHM-20012,PEND-20012,1732.904,,,unidad,unidad,1.0,0,General,Otros,,,
"SMART PANEL 11,1MM R8 V BLANCO",2001224111,CHM-2001224111,PEND-2001224111,23841.988,,,unidad,unidad,1.0,0,General,Otros,,,
OLEO SINTETICO CONSTRUCTOR LADRILLO (SOQUINA),20016001,CHM-20016001,PEND-20016001,13030.916,,,galon,galon,1.0,0,Construccion,Materiales,,,
OLEO SINTETICO CONSTRUCTOR LADRILLO (SOQUINA),20016004,CHM-20016004,PEND-20016004,3692.712,,,1/4 galon,1/4 galon,1.0,0,Construccion,Materiales,,,
OLEO SINT. CONSTRUCTOR BLANCO GL (SOQUINA),20016101,CHM-20016101,PEND-20016101,15179.476,,,galon,galon,1.0,0,General,Otros,,,
OLEO SINT. CONSTRUCTOR BLANCO 1/4 (SOQUINA),20016104,CHM-20016104,PEND-20016104,4301.136,,,litro,litro,1.0,0,General,Otros,,,
OLEO SINT. CONSTRUCTOR BCO INV GL (SOQUINA),20016201,CHM-20016201,PEND-20016201,15179.476,,,galon,galon,1.0,0,General,Otros,,,
OLEO SINT. CONSTRUCTOR BCO INV 1/4 (SOQUINA),20016204,CHM-20016204,PEND-20016204,4301.136,,,litro,litro,1.0,0,General,Otros,,,
OLEO SINT. CONSTRUCTOR BCO OSTRA GL (SOQUINA),20016301,CHM-20016301,PEND-20016301,15179.476,,,galon,galon,1.0,0,General,Otros,,,
OLEO SINTETICO CONSTRUCTOR AMARILLO REY (SOQUINA),20016401,CHM-20016401,PEND-20016401,11954.628,,,galon,galon,1.0,0,General,Otros,,,
OLEO SINT. CONSTRUCTOR AMAR REY 1/4 (SOQUINA),20016404,CHM-20016404,PEND-20016404,4301.136,,,litro,litro,1.0,0,General,Otros,,,
OLEO SINTETICO CONSTRUCTOR CREMA (SOQUINA),20016501,CHM-20016501,PEND-20016501,13030.916,,,galon,galon,1.0,0,General,Otros,,,
OLEO SINTETICO CONSTRUCTOR MARFIL (SOQUINA),20016601,CHM-20016601,PEND-20016601,11954.628,,,galon,galon,1.0,0,General,Otros,,,
OLEO SINT. CONSTRUCTOR MARFIL 1/4 (SOQUINA),20016604,CHM-20016604,PEND-20016604,4301.136,,,litro,litro,1.0,0,General,Otros,,,
OLEO SINTETICO CONSTRUCTOR AZUL (SOQUINA),20016701,CHM-20016701,PEND-20016701,15179.476,,,galon,galon,1.0,0,General,Otros,,,
OLEO SINT. CONSTRUCTOR AZUL 1/4 (SOQUINA),20016704,CHM-20016704,PEND-20016704,4301.136,,,litro,litro,1.0,0,General,Otros,,,
OLEO SINTETICO CONSTRUCTOR AZUL MEDIANO (SOQUINA),20016801,CHM-20016801,PEND-20016801,15179.476,,,galon,galon,1.0,0,General,Otros,,,
OLEO SINT. CONSTRUCTOR AZUL MED 1/4 (SOQUINA),20016804,CHM-20016804,PEND-20016804,4301.136,,,litro,litro,1.0,0,General,Otros,,,
OLEO SINT. CONSTRUCTOR CELESTE GL (SOQUINA),20016901,CHM-20016901,PEND-20016901,15179.476,,,galon,galon,1.0,0,General,Otros,,,
OLEO SINT. CONSTRUCTOR CELESTE 1/4 (SOQUINA),20016904,CHM-20016904,PEND-20016904,4301.136,,,litro,litro,1.0,0,General,Otros,,,
OLEO SINTETICO CONSTRUCTOR CAFE MORO (SOQUINA),20017101,CHM-20017101,PEND-20017101,13030.916,,,galon,galon,1.0,0,General,Otros,,,
OLEO SINTETICO CONSTRUCTOR CAFE MORO (SOQUINA),20017104,CHM-20017104,PEND-20017104,3906.564,,,1/4 galon,1/4 galon,1.0,0,General,Otros,,,
OLEO SINTETICO CONSTRUCTOR NARANJA (SOQUINA),20017301,CHM-20017301,PEND-20017301,15179.476,,,galon,galon,1.0,0,General,Otros,,,
OLEO SINT. CONSTRUCTOR NARANJA 1/4 (SOQUINA),20017304,CHM-20017304,PEND-20017304,4301.136,,,litro,litro,1.0,0,General,Otros,,,
OLEO SINTETICO CONSTRUCTOR BERMELLON (SOQUINA),20017501,CHM-20017501,PEND-20017501,15179.476,,,galon,galon,1.0,0,General,Otros,,,
OLEO SINTETICO CONSTRUCTOR BERMELLON (SOQUINA),20017504,CHM-20017504,PEND-20017504,3692.712,,,1/4 galon,1/4 galon,1.0,0,General,Otros,,,
OLEO SINTETICO CONSTRUCTOR DAMASCO (SOQUINA),20017701,CHM-20017701,PEND-20017701,11954.628,,,galon,galon,1.0,0,General,Otros,,,
OLEO SINT. CONSTRUCTOR VDE CLARO1/4 (SOQUINA),20017804,CHM-20017804,PEND-20017804,4301.136,,,litro,litro,1.0,0,General,Otros,,,
OLEO SINTETICO CONSTRUCTOR CALIPSO (SOQUINA),20017901,CHM-20017901,PEND-20017901,13030.916,,,galon,galon,1.0,0,Construccion,Materiales,,,
OLEO SINT. CONSTRUCTOR CALIPSO 1/4 (SOQUINA),20017904,CHM-20017904,PEND-20017904,4301.136,,,litro,litro,1.0,0,Construccion,Materiales,,,
"SIFON REGIO 1 1/4"" SAL./ CURVA STANDARD",20018,CHM-20018,PEND-20018,2111.412,,,unidad,unidad,1.0,0,Gasfiteria,Tuberias y Conexiones,,,
OLEO SINTETICO CONSTRUCTOR NEGRO (SOQUINA),20018001,CHM-20018001,PEND-20018001,15179.476,,,galon,galon,1.0,0,General,Otros,,,
OLEO SINTETICO CONSTRUCTOR NEGRO (SOQUINA),20018004,CHM-20018004,PEND-20018004,3692.712,,,1/4 galon,1/4 galon,1.0,0,General,Otros,,,
OLEO SINT. CONSTRUCTOR GRIS PER GL (SOQUINA),20018101,CHM-20018101,PEND-20018101,15179.476,,,galon,galon,1.0,0,General,Otros,,,
OLEO SINT. CONSTRUCTOR GRIS PER 1/4 (SOQUINA),20018104,CHM-20018104,PEND-20018104,4301.136,,,litro,litro,1.0,0,General,Otros,,,
ESMALTE AL AGUA BLANCO (SOQUINA),20026901,CHM-20026901,PEND-20026901,16152.352,,,galon,galon,1.0,0,Pinturas,Aplicacion,,,
ESM AGUA PAJARITO BLANCO 1/4 (SOQUINA),20026904,CHM-20026904,PEND-20026904,4546.112,,,litro,litro,1.0,0,General,Otros,,,
ESMALTE AL AGUA BLANCO,20026905,CHM-20026905,PEND-20026905,70397.468,,,tineta,tineta,1.0,0,Pinturas,Aplicacion,,,
ELECTRODO E308L 3/32 (DISPLAY 3 BARRAS),2002917,CHM-2002917,PEND-2002917,30506.54,,,bolsa 10 u.,bolsa 10 u.,1.0,0,General,Otros,,,
ELECTRODO ALUM 43 3/32 (DISPLAY 3 BARRAS),2002921,CHM-2002921,PEND-2002921,33777.572,,,bolsa 10 u.,bolsa 10 u.,1.0,0,General,Otros,,,
EQUIPO PINTAR ELEC DP001 600W 200L-MIN FLOWMAK,200300,CHM-200300,PEND-200300,77516.35008,,,unidad,unidad,1.0,0,General,Otros,,,
ARENA DE CUARZO GRUESA SACO X 20 K,20030031,CHM-20030031,PEND-20030031,8358.3,,,1,1,1.0,0,General,Otros,,,
ARENA DE CUARZO FINA SACO X 20 K,20030032,CHM-20030032,PEND-20030032,7906.5,,,1,1,1.0,0,General,Otros,,,
PASTA MURO PM-15 (SOQUINA),20030599,CHM-20030599,PEND-20030599,570.272,,,1 kilo,1 kilo,1.0,0,General,Otros,,,
"SIKAFLEX 11FC BL, CAJA 12 CARTUCHOS (SANTIAGO)",2003876,CHM-2003876,PEND-2003876,85062.896,,,caja,caja,1.0,0,General,Otros,,,
"TRAMPA - SIFON MULTIUSO TIPO S Y P 1 1/2"" - 11/4""",20043,CHM-20043,PEND-20043,2491.928,,,unidad,unidad,1.0,0,Gasfiteria,Tuberias y Conexiones,,,
ELECTRODO E316L 3/32 (3 VARILLAS),2004301,CHM-2004301,PEND-2004301,34878.96,,,bolsa 10 u.,bolsa 10 u.,1.0,0,General,Otros,,,
ELECTRODO SOLWELD E-6011 3/32 (ENVASADO 5KG),2004433,CHM-2004433,PEND-2004433,185579.36,,,caja,caja,1.0,0,General,Otros,,,
ELECTRODO SOLWELD E-6011 1/8 (ENVASADO 5KG),2004434,CHM-2004434,PEND-2004434,172627.76,,,caja,caja,1.0,0,General,Otros,,,
ELECTRODO SOLWELD E-6011 3/32 (ENVASADO 1KG),2004631,CHM-2004631,PEND-2004631,204128.26,,,caja,caja,1.0,0,General,Otros,,,
ELECTRODO 6011 1/8 (1KG) (CAJA 20KG),2004662,CHM-2004662,PEND-2004662,188414.656,,,caja,caja,1.0,0,General,Otros,,,
ELECTRODO 6011 3/32 (1KG) (CAJA 20KG),2004664,CHM-2004664,PEND-2004664,86858.048,,,CAJA,CAJA,1.0,0,General,Otros,,,
ELECTRODO PUNTO VERDE 3/32 (1KG)(CAJA 20KG),2004665,CHM-2004665,PEND-2004665,202319.052,,,caja,caja,1.0,0,General,Otros,,,
"ELECTRODO MYH AC-1 3/32"" (ENV.1KG) 20K",2004738,CHM-2004738,PEND-2004738,193751.92,,,caja,caja,1.0,0,General,Otros,,,
"ELECTRODO MYH AC-1 1/8"" (ENV.1KG) 20KG",2004740,CHM-2004740,PEND-2004740,180222.016,,,caja,caja,1.0,0,General,Otros,,,
SIKAFLEX 11 FC COLOR GRIS CAJA CON 12 CART. 300 ML (SANTIAGO),2004876,CHM-2004876,PEND-2004876,85062.896,,,caja,caja,1.0,0,General,Otros,,,
ESM AGUA PAJARITO DURAZNO GL (SOQUINA),20060301,CHM-20060301,PEND-20060301,16152.352,,,galon,galon,1.0,0,General,Otros,,,
ESM AGUA PAJARITO VAINILLA GL (SOQUINA),20060401,CHM-20060401,PEND-20060401,16152.352,,,galon,galon,1.0,0,General,Otros,,,
ESM AGUA PAJARITO DAMASCO GL,20061301,CHM-20061301,PEND-20061301,16152.352,,,galon,galon,1.0,0,General,Otros,,,
ESM AGUA PAJARITO CELESTE GL (SOQUINA),20061501,CHM-20061501,PEND-20061501,16152.352,,,galon,galon,1.0,0,General,Otros,,,
ESM AGUA PAJARITO BLANCO HUESO GL (SOQUINA),20061701,CHM-20061701,PEND-20061701,16152.352,,,galon,galon,1.0,0,General,Otros,,,
ESMALTE AL AGUA ROJO COLONIAL (SOQUINA),20061801,CHM-20061801,PEND-20061801,12365.264,,,galon,galon,1.0,0,Pinturas,Aplicacion,,,
ESM AGUA PAJARITO OCRE-ORO GL (SOQUINA),20062301,CHM-20062301,PEND-20062301,16152.352,,,galon,galon,1.0,0,General,Otros,,,
BARNIZ MARINO NATURAL (SOQUINA),20083401,CHM-20083401,PEND-20083401,14132.304,,,galon,galon,1.0,0,General,Otros,,,
BARNIZ MARINO NATURAL (SOQUINA),20083404,CHM-20083404,PEND-20083404,3067.22,,,1/4 galon,1/4 galon,1.0,0,General,Otros,,,
BARNIZ MARINO ALERCE (SOQUINA),20084101,CHM-20084101,PEND-20084101,10926.532,,,galon,galon,1.0,0,General,Otros,,,
BARNIZ MARINO ALERCE (SOQUINA),20084104,CHM-20084104,PEND-20084104,3966.804,,,litro,litro,1.0,0,General,Otros,,,
BARNIZ MARINO CAOBA (SOQUINA),20084201,CHM-20084201,PEND-20084201,11909.448,,,galon,galon,1.0,0,General,Otros,,,
BARNIZ MARINO CAOBA (SOQUINA),20084204,CHM-20084204,PEND-20084204,3966.804,,,Litro,Litro,1.0,0,General,Otros,,,
BARNIZ MARINO LADRILLO (SOQUINA),20084301,CHM-20084301,PEND-20084301,14132.304,,,galon,galon,1.0,0,Construccion,Materiales,,,
BARNIZ MARINO LADRILLO (SOQUINA),20084304,CHM-20084304,PEND-20084304,3966.804,,,litro,litro,1.0,0,Construccion,Materiales,,,
BARNIZ MARINO ROBLE (SOQUINA),20084401,CHM-20084401,PEND-20084401,11909.448,,,galon,galon,1.0,0,General,Otros,,,
BARNIZ MARINO ROBLE (SOQUINA),20084404,CHM-20084404,PEND-20084404,3067.22,,,1/4 galon,1/4 galon,1.0,0,General,Otros,,,
BARNIZ MARINO RAULI (SOQUINA),20084601,CHM-20084601,PEND-20084601,10926.532,,,galon,galon,1.0,0,General,Otros,,,
BARNIZ MARINO RAULI (SOQUINA),20084604,CHM-20084604,PEND-20084604,3966.804,,,litro,litro,1.0,0,General,Otros,,,
BARNIZ MARINO COIGUE (SOQUINA),20084701,CHM-20084701,PEND-20084701,14132.304,,,galon,galon,1.0,0,General,Otros,,,
BARNIZ MARINO COIGUE (SOQUINA),20084704,CHM-20084704,PEND-20084704,3966.804,,,litro,litro,1.0,0,General,Otros,,,
BARNIZ MARINO MAPLE GL (SOQUINA),20084901,CHM-20084901,PEND-20084901,14132.304,,,galon,galon,1.0,0,General,Otros,,,
BARNIZ MARINO MAPLE (SOQUINA),20084904,CHM-20084904,PEND-20084904,3067.22,,,1/4 galon,1/4 galon,1.0,0,General,Otros,,,
"GENERADOR GASOLINA 2,2 KW  P/MANUAL MOTOR DE 6,5HP",201-003C,CHM-201-003C,PEND-201-003C,430716.0,,,unidad,unidad,1.0,0,General,Otros,,,
GENERADOR GASOLINA 2.8 KW. PART. MANUAL MOD TG3800CX1J,201-005C,CHM-201-005C,PEND-201-005C,511036.0,,,unidad,unidad,1.0,0,General,Otros,,,
PASTA INDEPP P/SOLDAR LATA 50 GRS.,201-01,CHM-201-01,PEND-201-01,612.44,,,unidad,unidad,1.0,0,General,Otros,,,
PASTA INDEPP P/SOLDAR LATA 100 GRS.,201-02,CHM-201-02,PEND-201-02,983.92,,,unidad,unidad,1.0,0,General,Otros,,,
ESPACIADOR CERAMICA 2MMBLANCO BOLSA 200UN,2010120001050,CHM-2010120001050,PEND-2010120001050,655.612,,,unidad,unidad,1.0,0,General,Otros,,,
ESPACIADOR CERAMICA 3MMBLANCO BOLSA 200UN,2010120003050,CHM-2010120003050,PEND-2010120003050,888.54,,,unidad,unidad,1.0,0,General,Otros,,,
ESPACIADOR CERAMICA 5MMBLANCO BOLSA 200UN,2010120005050,CHM-2010120005050,PEND-2010120005050,1362.428,,,unidad,unidad,1.0,0,General,Otros,,,
"CODO SANITARIO GRIS 40 X 87,5°",20106,CHM-20106,PEND-20106,262.044,,,unidad,unidad,1.0,0,Gasfiteria,Tuberias y Conexiones,,,
"MOTOR ELECT FLOWMAK 1,0HP 220V 4P 1330RPM",201110,CHM-201110,PEND-201110,186297.60152,,,unidad,unidad,1.0,0,General,Otros,,,
CELOSIA VENTILACION PLANA 20 X 20 BLANCO CAJA 50U,2011100020050,CHM-2011100020050,PEND-2011100020050,38586.732,,,unidad,unidad,1.0,0,General,Otros,,,
CELOSIA VENT. PLANA23 X 23 CM BCO CAJA 50U,2011100022050,CHM-2011100022050,PEND-2011100022050,66527.048,,,caja,caja,1.0,0,General,Otros,,,
CELOSIA VENT. PLANA30X30CM BCO CAJA 50UN,2011100026050,CHM-2011100026050,PEND-2011100026050,113096.584,,,caja,caja,1.0,0,General,Otros,,,
COPLA PVC CEM 20 MM,20128,CHM-20128,PEND-20128,79.316,,,unidad,unidad,1.0,0,Gasfiteria,Tuberias y Conexiones,,,
"TERMINAL PVC HE CEM 20 X 1/2""",20129,CHM-20129,PEND-20129,94.376,,,unidad,unidad,1.0,0,Gasfiteria,Tuberias y Conexiones,,,
"TERMINAL PVC HI CEM 20 X 1/2""",20130,CHM-20130,PEND-20130,108.432,,,unidad,unidad,1.0,0,Gasfiteria,Tuberias y Conexiones,,,
"MOTOR ELECT FLOWMAK 0,75HP 220V 4P 1330RPM",201313,CHM-201313,PEND-201313,178769.60952,,,unidad,unidad,1.0,0,General,Otros,,,
CODO PVC 20 MM 90º CEM,20132,CHM-20132,PEND-20132,110.44,,,unidad,unidad,1.0,0,Gasfiteria,Tuberias y Conexiones,,,
"BUJE REDUCCION (BUSHING) 1"" X 3/4""",20135,CHM-20135,PEND-20135,278.108,,,unidad,unidad,1.0,0,General,Otros,,,
TEE PVC CEM 25 MM,20144,CHM-20144,PEND-20144,241.964,,,unidad,unidad,1.0,0,Gasfiteria,Tuberias y Conexiones,,,
ESM SINT PAJ BERMELLON (SOQUINA),20145401,CHM-20145401,PEND-20145401,18577.012,,,galon,galon,1.0,0,General,Otros,,,
BUJE CORTO 25 X 20,20146,CHM-20146,PEND-20146,52.208,,,unidad,unidad,1.0,0,General,Otros,,,
CODO PVC 32 MM 90º CEM,20149,CHM-20149,PEND-20149,241.964,,,unidad,unidad,1.0,0,Gasfiteria,Tuberias y Conexiones,,,
TEE PVC CEM 32 MM,20150,CHM-20150,PEND-20150,275.096,,,unidad,unidad,1.0,0,Gasfiteria,Tuberias y Conexiones,,,
"TERMINAL PVC HE CEM 32 X 1""",20151,CHM-20151,PEND-20151,182.728,,,unidad,unidad,1.0,0,Gasfiteria,Tuberias y Conexiones,,,
BUJE CORTO 32 X 25,20154,CHM-20154,PEND-20154,87.348,,,unidad,unidad,1.0,0,General,Otros,,,
ESMERIL ANGULAR 4.5''18V C-BATERIA 4.0AH+CARGADO,201580,CHM-201580,PEND-201580,156548.7,,,c/u,c/u,1.0,0,Herramientas,Discos y Corte,,,
CODO PVC 50 MM 90º CEM,20160,CHM-20160,PEND-20160,618.464,,,unidad,unidad,1.0,0,Gasfiteria,Tuberias y Conexiones,,,
TEE PVC CEM 50 MM,20165,CHM-20165,PEND-20165,949.784,,,unidad,unidad,1.0,0,Gasfiteria,Tuberias y Conexiones,,,
ABRAZADERA HIDRAULICA 25 MM,20169,CHM-20169,PEND-20169,134.536,,,unidad,unidad,1.0,0,General,Otros,,,
TEE PVC CEM 63 MM,20174,CHM-20174,PEND-20174,3189.708,,,unidad,unidad,1.0,0,Gasfiteria,Tuberias y Conexiones,,,
"UNION DOBLE 3/4"" PP",20185,CHM-20185,PEND-20185,239.956,,,unidad,unidad,1.0,0,General,Otros,,,
"UNION DOBLE 1"" PP",20186,CHM-20186,PEND-20186,415.656,,,unidad,unidad,1.0,0,General,Otros,,,
"UNION DOBLE 1 1/2"" PP",20188,CHM-20188,PEND-20188,740.952,,,unidad,unidad,1.0,0,General,Otros,,,
"UNION DOBLE 2"" PP",20189,CHM-20189,PEND-20189,1263.032,,,unidad,unidad,1.0,0,General,Otros,,,
"TERMINAL HE 1/2"" PP",20191,CHM-20191,PEND-20191,121.484,,,unidad,unidad,1.0,0,General,Otros,,,
"TERMINAL HE 3/4"" PP",20192,CHM-20192,PEND-20192,191.764,,,unidad,unidad,1.0,0,General,Otros,,,
"TERMINAL HE 1"" PP",20193,CHM-20193,PEND-20193,316.26,,,unidad,unidad,1.0,0,General,Otros,,,
LATEX CONSTRUCTOR CELESTE AGUA GL (SOQUINA),20193901,CHM-20193901,PEND-20193901,3868.412,,,galon,galon,1.0,0,General,Otros,,,
OLEO SINT. CONSTRUCTOR OCRE GL (SOQUINA),20194201,CHM-20194201,PEND-20194201,13662.432,,,galon,galon,1.0,0,General,Otros,,,
OLEO SINT. CONSTRUCTOR OCRE 1/4 (SOQUINA),20194204,CHM-20194204,PEND-20194204,4301.136,,,litro,litro,1.0,0,General,Otros,,,
OLEO SINT. CONSTRUCTOR ROBLE GL (SOQUINA),20194301,CHM-20194301,PEND-20194301,15179.476,,,galon,galon,1.0,0,General,Otros,,,
OLEO SINTETICO CONSTRUCTOR ROBLE (SOQUINA),20194301,CHM-20194301,PEND-20194301,15179.476,,,galon,galon,1.0,0,General,Otros,,,
OLEO SINT. CONSTRUCTOR ROBLE 1/4 (SOQUINA),20194304,CHM-20194304,PEND-20194304,4301.136,,,litro,litro,1.0,0,General,Otros,,,
OLEO SINT. CONSTRUCTOR VDE TREB GL (SOQUINA),20194401,CHM-20194401,PEND-20194401,15179.476,,,galon,galon,1.0,0,General,Otros,,,
OLEO SINT. CONSTRUCTOR VDE TREB 1/4 (SOQUINA),20194404,CHM-20194404,PEND-20194404,4301.136,,,litro,litro,1.0,0,General,Otros,,,
"TERMINAL HE 2"" PP",20196,CHM-20196,PEND-20196,794.164,,,unidad,unidad,1.0,0,General,Otros,,,
"TERMINAL HI 1/2"" PP",20197,CHM-20197,PEND-20197,155.62,,,unidad,unidad,1.0,0,General,Otros,,,
FLEXIBLE 1.5MTS METAL CROMO,202-90,CHM-202-90,PEND-202-90,2288.116,,,unidad,unidad,1.0,0,General,Otros,,,
"TERMINAL HI 1 1/2"" PP",20201,CHM-20201,PEND-20201,1397.568,,,unidad,unidad,1.0,0,General,Otros,,,
"TERMINAL HI 2"" PP",20202,CHM-20202,PEND-20202,1889.528,,,unidad,unidad,1.0,0,General,Otros,,,
"TEE 1/2"" PP",20203,CHM-20203,PEND-20203,162.648,,,unidad,unidad,1.0,0,Gasfiteria,Tuberias y Conexiones,,,
"TEE 3/4"" PP",20204,CHM-20204,PEND-20204,411.64,,,unidad,unidad,1.0,0,Gasfiteria,Tuberias y Conexiones,,,
"TEE 1"" PP",20205,CHM-20205,PEND-20205,639.548,,,unidad,unidad,1.0,0,Gasfiteria,Tuberias y Conexiones,,,
"CODOS 1"" PP",20210,CHM-20210,PEND-20210,547.18,,,unidad,unidad,1.0,0,Gasfiteria,Tuberias y Conexiones,,,
"CODOS 1 1/2"" PP",20212,CHM-20212,PEND-20212,1342.348,,,unidad,unidad,1.0,0,Gasfiteria,Tuberias y Conexiones,,,
"REDUCCION 3/4"" X 1/2"" PP",20214,CHM-20214,PEND-20214,197.788,,,unidad,unidad,1.0,0,General,Otros,,,
"REDUCCION 1 1/4"" X 1"" PP",20216,CHM-20216,PEND-20216,639.548,,,unidad,unidad,1.0,0,General,Otros,,,
"REDUCCION 1 1/2"" X 1 1/4"" PP",20217,CHM-20217,PEND-20217,984.924,,,unidad,unidad,1.0,0,General,Otros,,,
"TEE REDUCCION 3/4"" X 1/2"" PP",20219,CHM-20219,PEND-20219,514.048,,,unidad,unidad,1.0,0,Gasfiteria,Tuberias y Conexiones,,,
"TEE REDUCCION 1"" X 1/2"" PP",20220,CHM-20220,PEND-20220,673.684,,,unidad,unidad,1.0,0,Gasfiteria,Tuberias y Conexiones,,,
BOMBAS SUMERGIBLE 3SDM1/22-0.55 - EDR,202204,CHM-202204,PEND-202204,132979.8,,,unidad,unidad,1.0,0,General,Otros,,,
BOMBAS SUMERGIBLE 3SDM1/30-0.75 - EDR,202206,CHM-202206,PEND-202206,156875.0,,,unidad,unidad,1.0,0,General,Otros,,,
"TEE REDUCCION 1"" X 3/4"" PP",20221,CHM-20221,PEND-20221,728.904,,,unidad,unidad,1.0,0,Gasfiteria,Tuberias y Conexiones,,,
"CODO 1/2"" PP",20225,CHM-20225,PEND-20225,125.5,,,unidad,unidad,1.0,0,Gasfiteria,Tuberias y Conexiones,,,
"REDUCCION 2"" X 1 1/2"" PP",20226,CHM-20226,PEND-20226,1621.46,,,unidad,unidad,1.0,0,General,Otros,,,
ADHESIVO TRADICIONAL 240 CC CAJA 24 UNDS.,2025678,CHM-2025678,PEND-2025678,97482.06476,,,caja,caja,1.0,0,General,Otros,,,
ADHESIVO HUMEDAD 240 CC CAJA 24 UNDS.,2025679,CHM-2025679,PEND-2025679,100394.478,,,caja,caja,1.0,0,General,Otros,,,
RUEDA DVP MOLDAJE 20 NEGRO BOLSA 500UN,2027100010950,CHM-2027100010950,PEND-2027100010950,5197.708,,,unidad,unidad,1.0,0,General,Otros,,,
TUBO BAJADA D 80X3M P25 BLANCO,2028228,CHM-2028228,PEND-2028228,6182.632,,,unidad,unidad,1.0,0,Gasfiteria,Tuberias y Conexiones,,,
CANALETA LARGO 4 M P25 BLANCO,2028229,CHM-2028229,PEND-2028229,9364.308,,,unidad,unidad,1.0,0,General,Otros,,,
ADHESIVO NORMAL POMO 25CC (50 UND X CJA),2028750,CHM-2028750,PEND-2028750,36801.369,,,caja,caja,1.0,0,General,Otros,,,
ADHESIVO NORMAL POMO 60CC (50 UND X CJA),2028751,CHM-2028751,PEND-2028751,65019.66248,,,caja,caja,1.0,0,General,Otros,,,
BAJADA CEMENTAR P25 BLANCO,2028869,CHM-2028869,PEND-2028869,3924.636,,,unidad,unidad,1.0,0,General,Otros,,,
"CODO 87,5° M - H P25 BLANCO",2028871,CHM-2028871,PEND-2028871,1634.512,,,unidad,unidad,1.0,0,Gasfiteria,Tuberias y Conexiones,,,
GANCHO TRADICIONAL P25 BLANCO,2028873,CHM-2028873,PEND-2028873,1069.26,,,unidad,unidad,1.0,0,General,Otros,,,
TAPA CANALETA UNIVERSAL P25 BLANCO,2028875,CHM-2028875,PEND-2028875,996.972,,,unidad,unidad,1.0,0,General,Otros,,,
UNION CANALETA P25 BLANCO,2028876,CHM-2028876,PEND-2028876,1167.652,,,unidad,unidad,1.0,0,General,Otros,,,
"FLEXIBLE AGUA METAL 1,75MTS",203-90,CHM-203-90,PEND-203-90,3493.92,,,unidad,unidad,1.0,0,General,Otros,,,
"CANOA LED DOBLE C/ DOSTUBOS T8 2X18W 1,2M 6.000K OPAL",203005173,CHM-203005173,PEND-203005173,3792.108,,,unidad,unidad,1.0,0,Gasfiteria,Tuberias y Conexiones,,,
"DESAGUE 1,1/2"" LAVAPLATOS CON COLA",20305,CHM-20305,PEND-20305,1745.956,,,unidad,unidad,1.0,0,General,Otros,,,
"DESAGUE 1,1/2"" LAVAPLATOS CON COLA",20305,CHM-20305,PEND-20305,1745.956,,,unidad,unidad,1.0,0,General,Otros,,,
ESM AGUA CONSTRUCTOR BLANCO GL (SOQUINA),20310801,CHM-20310801,PEND-20310801,15228.672,,,galon,galon,1.0,0,General,Otros,,,
ESM AGUA CONSTRUCTOR MARFIL GL,20310901,CHM-20310901,PEND-20310901,15228.672,,,galon,galon,1.0,0,General,Otros,,,
ESM AGUA CONSTRUCTOR MELON GL,20311201,CHM-20311201,PEND-20311201,15228.672,,,galon,galon,1.0,0,General,Otros,,,
ESMALTE AL AGUA CONSTRUCTOR ROJO COLONIAL,20311301,CHM-20311301,PEND-20311301,11530.94,,,galon,galon,1.0,0,Pinturas,Aplicacion,,,
TORNILLO SOBERBIO 3/16X2'',203573002,CHM-203573002,PEND-203573002,3915.6,,,ct,ct,1.0,0,Ferreteria,Fijaciones,,,
ANTICORROSIVO GRIS PERLA (SOQUINA),20360001,CHM-20360001,PEND-20360001,11238.776,,,galon,galon,1.0,0,General,Otros,,,
ANTICOR GRIS PERLA (SOQUINA),20360004,CHM-20360004,PEND-20360004,3371.432,,,litro,litro,1.0,0,General,Otros,,,
ANTICORROSIVO AZUL OSCURO (SOQUINA),20360301,CHM-20360301,PEND-20360301,11238.776,,,galon,galon,1.0,0,General,Otros,,,
ANTICORROSIVO NEGRO (SOQUINA),20360401,CHM-20360401,PEND-20360401,9644.424,,,galon,galon,1.0,0,General,Otros,,,
ANTICORROSIVO NEGRO (SOQUINA),20360404,CHM-20360404,PEND-20360404,3062.2,,,1/4 galon,1/4 galon,1.0,0,General,Otros,,,
ANTICORROSIVO OCRE (SOQUINA),20360501,CHM-20360501,PEND-20360501,11238.776,,,galon,galon,1.0,0,General,Otros,,,
ANTICOR OCRE (SOQUINA),20360504,CHM-20360504,PEND-20360504,3371.432,,,litro,litro,1.0,0,General,Otros,,,
CANCAMO ABIERTO N° 0 ZINCADO,203810050,CHM-203810050,PEND-203810050,2685.7,,,ct,ct,1.0,0,Aceros y Techumbre,Planchas,,,
CANCAMO ABIERTO N° 1 ZINCADO,203810100,CHM-203810100,PEND-203810100,3905.56,,,ct,ct,1.0,0,Aceros y Techumbre,Planchas,,,
CANCAMO ABIERTO N° 3 ZINCADO,203810130,CHM-203810130,PEND-203810130,4467.8,,,ct,ct,1.0,0,Aceros y Techumbre,Planchas,,,
CANCAMO ABIERTO N° 5 ZINCADO,203810150,CHM-203810150,PEND-203810150,8212.72,,,ct,ct,1.0,0,Aceros y Techumbre,Planchas,,,
CANCAMO ABIERTO N° 7 ZINCADO,203810170,CHM-203810170,PEND-203810170,9839.2,,,ct,ct,1.0,0,Aceros y Techumbre,Planchas,,,
CANCAMO ABIERTO N 9 (CAJA 100 UNIDADES),203810190,CHM-203810190,PEND-203810190,15556.98,,,ct,ct,1.0,0,General,Otros,,,
CANCAMO CERRADO N° 0 ZINCADO,203812050,CHM-203812050,PEND-203812050,2830.276,,,ct,ct,1.0,0,Aceros y Techumbre,Planchas,,,
CANCAMO CERRADO N°1 ZINCADO,203812100,CHM-203812100,PEND-203812100,4372.42,,,ct,ct,1.0,0,Aceros y Techumbre,Planchas,,,
CANCAMO CERRADO N°3 ZINCADO,203812300,CHM-203812300,PEND-203812300,4994.9,,,ct,ct,1.0,0,Aceros y Techumbre,Planchas,,,
CANCAMO CERRADO N°5 ZINCADO,203812500,CHM-203812500,PEND-203812500,8152.48,,,ct,ct,1.0,0,Aceros y Techumbre,Planchas,,,
CANCAMO CERRADO N°7 ZINCADO,203812700,CHM-203812700,PEND-203812700,15802.96,,,ct,ct,1.0,0,Aceros y Techumbre,Planchas,,,
CANCAMO CERRADO N°9 ZINCADO,203812900,CHM-203812900,PEND-203812900,29367.0,,,ct,ct,1.0,0,Aceros y Techumbre,Planchas,,,
TORNILLO ESCUADRA 1'' (CAJA 100 UND),203814150,CHM-203814150,PEND-203814150,3192.72,,,ct,ct,1.0,0,Ferreteria,Fijaciones,,,
TORNILLO ESCUADRA 1 1/2'',203814168,CHM-203814168,PEND-203814168,4031.06,,,ct,ct,1.0,0,Ferreteria,Fijaciones,,,
TORNILLO ESCUADRA 2'',203814228,CHM-203814228,PEND-203814228,7028.0,,,ct,ct,1.0,0,Ferreteria,Fijaciones,,,
TORNILLO ESCUADRA 2 1/2'',203814231,CHM-203814231,PEND-203814231,10296.02,,,ct,ct,1.0,0,Ferreteria,Fijaciones,,,
TORNILLO ESCUADRA 3'',203814260,CHM-203814260,PEND-203814260,13769.86,,,ct,ct,1.0,0,Ferreteria,Fijaciones,,,
"TARUGO VOLCANITA ""PALOMA"" BOLSA 100 UN",203987020,CHM-203987020,PEND-203987020,3561.188,,,bolsa,bolsa,1.0,0,General,Otros,,,
TARUGO PLUS CLAVO-TORNILLO 6X40MM CAJA 25 UN,203987030,CHM-203987030,PEND-203987030,1927.68,,,caja,caja,1.0,0,Ferreteria,Fijaciones,,,
TARUGO PLUS CLAVO-TORNILLO 6X60MM CAJA 25 UN,203987032,CHM-203987032,PEND-203987032,2477.872,,,caja,caja,1.0,0,Ferreteria,Fijaciones,,,
"TAPA TORNILLO HE PVC 1/2""",20406,CHM-20406,PEND-20406,179.716,,,unidad,unidad,1.0,0,Ferreteria,Fijaciones,,,
ACRILINA G-25 BLANCO 4GL,20407830,CHM-20407830,PEND-20407830,18541.872,,,tineta 4 gl,tineta 4 gl,1.0,0,General,Otros,,,
ACRILINA G-10 BLANCA 4GL (NUEVO) (SOQUINA),20407930,CHM-20407930,PEND-20407930,22028.764,,,tineta,tineta,1.0,0,General,Otros,,,
ACRILINA G-30 BLANCA 4GL (NUEVO),20413830,CHM-20413830,PEND-20413830,17550.924,,,tineta 4 galone,tineta 4 galone,1.0,0,General,Otros,,,
COPLA SANITARIO GRIS 110 MM,20431,CHM-20431,PEND-20431,1545.156,,,unidad,unidad,1.0,0,General,Otros,,,
ANTICORROSIVO GRIS VERDOSO (SOQUINA),20433301,CHM-20433301,PEND-20433301,11238.776,,,galon,galon,1.0,0,General,Otros,,,
ANTICOR GRIS VERDOSO (SOQUINA),20433304,CHM-20433304,PEND-20433304,3371.432,,,litro,litro,1.0,0,General,Otros,,,
ANTICOR ROJO MAESTRANZA (SOQUINA),20433401,CHM-20433401,PEND-20433401,12374.3,,,galon,galon,1.0,0,General,Otros,,,
ANTICOR ROJO MAESTRANZA (SOQUINA),20433404,CHM-20433404,PEND-20433404,3371.432,,,litro,litro,1.0,0,General,Otros,,,
DESAGUE TINA CON REBALSE YSIFON,20434,CHM-20434,PEND-20434,7341.248,,,unidad,unidad,1.0,0,Gasfiteria,Tuberias y Conexiones,,,
DESAGUE LAVAPLATO C/REBALSE,20435,CHM-20435,PEND-20435,5707.74,,,unidad,unidad,1.0,0,General,Otros,,,
CEMENTO ESPECIAL PUZ. SC. 25 KG ( 72 SACOS / PALLET ) / CONCEPCION,204365-CONCEPCION,CHM-204365-CONCEPCION,PEND-204365-CONCEPCION,3502.03232,,,Unidad,Unidad,1.0,0,Construccion,Materiales,,,
"CODO SANITARIO GRIS 110 X 87,5",20439,CHM-20439,PEND-20439,1874.468,,,unidad,unidad,1.0,0,Gasfiteria,Tuberias y Conexiones,,,
TEE SANITARIO GRIS 110 X 110 MM,20440,CHM-20440,PEND-20440,2437.712,,,unidad,unidad,1.0,0,Gasfiteria,Tuberias y Conexiones,,,
TEE SANITARIO GRIS 110 X 75 MM,20443,CHM-20443,PEND-20443,1795.152,,,unidad,unidad,1.0,0,Gasfiteria,Tuberias y Conexiones,,,
TEE SANITARIO GRIS 50 X 40 MM,20444,CHM-20444,PEND-20444,584.328,,,unidad,unidad,1.0,0,Gasfiteria,Tuberias y Conexiones,,,
COPLA SANITARIO GRIS 50 MM,20448,CHM-20448,PEND-20448,374.492,,,unidad,unidad,1.0,0,General,Otros,,,
REDUCCION SANITARIO GRIS 50X40 MM,20450,CHM-20450,PEND-20450,332.324,,,unidad,unidad,1.0,0,General,Otros,,,
TAPA GORRO SANITARIO GRIS 110 MM,20451,CHM-20451,PEND-20451,495.976,,,unidad,unidad,1.0,0,General,Otros,,,
REDUCCION SANITARIO GRIS 75X50 MM,20460,CHM-20460,PEND-20460,547.18,,,unidad,unidad,1.0,0,General,Otros,,,
CODO SANITARIO GRIS 75 X 45,20464,CHM-20464,PEND-20464,682.72,,,unidad,unidad,1.0,0,Gasfiteria,Tuberias y Conexiones,,,
CODO SANITARIO GRIS 110 X 45,20465,CHM-20465,PEND-20465,1445.76,,,unidad,unidad,1.0,0,Gasfiteria,Tuberias y Conexiones,,,
TEE SANITARIO GRIS 75 X 75 MM,20468,CHM-20468,PEND-20468,1301.184,,,unidad,unidad,1.0,0,Gasfiteria,Tuberias y Conexiones,,,
VEE SANITARIO GRIS 110 X 110 MM,20472,CHM-20472,PEND-20472,2971.84,,,unidad,unidad,1.0,0,General,Otros,,,
TAPA GORRO SANITARIO GRIS 50 MM,20474,CHM-20474,PEND-20474,339.352,,,unidad,unidad,1.0,0,General,Otros,,,
TAPA GORRO SANITARIO GRIS 75 MM,20475,CHM-20475,PEND-20475,444.772,,,unidad,unidad,1.0,0,General,Otros,,,
"DESAGUE 1,1/2"" CON TAPON SIN CADENA (LAVAPLATO / TINA / RECEPTAC.)",20477,CHM-20477,PEND-20477,2036.112,,,unidad,unidad,1.0,0,General,Otros,,,
ESM AGUA PAJARITO VERDE LIMA GL (SOQUINA),20495101,CHM-20495101,PEND-20495101,16152.352,,,galon,galon,1.0,0,General,Otros,,,
ESM AGUA PAJARITO AZUL PQTE VELA GL (SOQUINA),20497201,CHM-20497201,PEND-20497201,16152.352,,,galon,galon,1.0,0,General,Otros,,,
LINOLIN (ACEITE TIPO LINAZA) TB. 200 LT. (ENVASE INCLUIDO),205111E,CHM-205111E,PEND-205111E,389943.56,,,tambor,tambor,1.0,0,General,Otros,,,
ECONOL (ACEITE TIPO LINAZA) TB. 200 LT. (ENVASE INCLUIDO),20520111E,CHM-20520111E,PEND-20520111E,303408.8,,,tambor,tambor,1.0,0,General,Otros,,,
"REJILLA PILETA DE 4"" REDONDA BLANCO",20531,CHM-20531,PEND-20531,723.884,,,unidad,unidad,1.0,0,General,Otros,,,
"TAPA GORRO PVC HI 20 X 1/2""",20539,CHM-20539,PEND-20539,119.476,,,unidad,unidad,1.0,0,Gasfiteria,Tuberias y Conexiones,,,
LATEX CONSTRUCTOR ROJO COLONIAL,20539201,CHM-20539201,PEND-20539201,3868.412,,,galon,galon,1.0,0,General,Otros,,,
AMPOLLETA LED A60 CLASICA 9W/6400K E-27 LUZ FRIA,20600964,CHM-20600964,PEND-20600964,632.52,,,unidad,unidad,1.0,0,General,Otros,,,
AMP. LED A60 CLASICA 13W/6400K E-27 LUZ FRIA,20601364,CHM-20601364,PEND-20601364,853.4,,,unidad,unidad,1.0,0,General,Otros,,,
PILETA SANITARIA UNIVERSAL GRIS 110 75 50/40 50/40 50/40 MM CUADRADA,20613,CHM-20613,PEND-20613,4608.36,,,unidad,unidad,1.0,0,General,Otros,,,
ESM AGUA CP-70 BASE MEDIA 5GL PERLA,20637305,CHM-20637305,PEND-20637305,54288.288,,,TINETA,TINETA,1.0,0,General,Otros,,,
"CODO PVC HI 90º CEM 20 X 1/2""",20641,CHM-20641,PEND-20641,241.964,,,unidad,unidad,1.0,0,Gasfiteria,Tuberias y Conexiones,,,
"SIFON LOA 1 1/2"" - 1/4"" SAL./CURVA STANDARD",20646,CHM-20646,PEND-20646,2218.84,,,unidad,unidad,1.0,0,Gasfiteria,Tuberias y Conexiones,,,
KIT INSTALACION WC,20648,CHM-20648,PEND-20648,5685.652,,,unidad,unidad,1.0,0,General,Otros,,,
ESM AGUA CP 70 BASE BLANCA COLOR 8142W TINETA,20658105,CHM-20658105,PEND-20658105,54288.288,,,Unidad,Unidad,1.0,0,General,Otros,,,
ESMALTE AL AGUA CP-70 BASE FUERTE 5GL,20658605,CHM-20658605,PEND-20658605,54288.288,,,TINETA,TINETA,1.0,0,Pinturas,Aplicacion,,,
ESM AGUA CP-70 BASE FUERTE 5GL VERDE MUZGO CARTILLA PYF,20668105,CHM-20668105,PEND-20668105,58465.932,,,tineta,tineta,1.0,0,General,Otros,,,
LATEX CONSTRUCTOR SANDIA GL (SOQUINA),20669601,CHM-20669601,PEND-20669601,3868.412,,,galon,galon,1.0,0,General,Otros,,,
LATEX CONSTRUCTOR VERDE ALEGRE,20669701,CHM-20669701,PEND-20669701,3868.412,,,galon,galon,1.0,0,General,Otros,,,
LATEX CONSTRUCTOR AZUL COLONIAL GL (SOQUINA),20669801,CHM-20669801,PEND-20669801,3868.412,,,galon,galon,1.0,0,General,Otros,,,
LATEX CONSTRUCTOR AMARILLO,20670501,CHM-20670501,PEND-20670501,3868.412,,,galon,galon,1.0,0,General,Otros,,,
JUEGO DE LLAVES TORX LARGA 9 PIEZAS,207809,CHM-207809,PEND-207809,5936.22028,,,unidad,unidad,1.0,0,Gasfiteria,Tuberias y Conexiones,,,
KIT HIDRONEUMATICO VERT 24 LT,208008,CHM-208008,PEND-208008,25110.04,,,unidad,unidad,1.0,0,General,Otros,,,
MEMBRANA BUTYL 24 LT,208104,CHM-208104,PEND-208104,9236.8,,,unidad,unidad,1.0,0,General,Otros,,,
JUEGO DE LLAVES ALLEN 10 PIEZAS,208510,CHM-208510,PEND-208510,2480.09084,,,unidad,unidad,1.0,0,Gasfiteria,Tuberias y Conexiones,,,
INT. NIVEL EDR CON 3M DE CABLE,208636,CHM-208636,PEND-208636,5923.6,,,unidad,unidad,1.0,0,Electricidad,Cables y Accesorios,,,
INT. NIVEL EDR CON 5M DE CABLE,208638,CHM-208638,PEND-208638,7931.6,,,unidad,unidad,1.0,0,Electricidad,Cables y Accesorios,,,
INT. NIVEL EDR CON 10M DE CABLE,208640,CHM-208640,PEND-208640,12931.52,,,unidad,unidad,1.0,0,Electricidad,Cables y Accesorios,,,
CONTROL BOMBA AUTOM YT-1 AZUL CON CABLE - EDR PUMP,208704,CHM-208704,PEND-208704,25802.8,,,UNIDAD,UNIDAD,1.0,0,Electricidad,Cables y Accesorios,,,
CAJA ESTANCA 100X100X70MM,2090220001,CHM-2090220001,PEND-2090220001,1506.0,,,unidad,unidad,1.0,0,General,Otros,,,
CAJA ESTANCA 80X80X50MM,2090220003,CHM-2090220003,PEND-2090220003,920.668,,,unidad,unidad,1.0,0,General,Otros,,,
CAJA ESTANCA 150X110X70MM,2090220004,CHM-2090220004,PEND-2090220004,2028.08,,,unidad,unidad,1.0,0,General,Otros,,,
GAB.METAL P/TAB. 300X200X150(DB-2315),2091030002,CHM-2091030002,PEND-2091030002,15574.048,,,unidad,unidad,1.0,0,General,Otros,,,
FLAPPER PARA ESTANQUE WC C/CADENA METÁLICA,210000100-T,CHM-210000100-T,PEND-210000100-T,488.948,,,unid.,unid.,1.0,0,General,Otros,,,
VALVULA DE CARGA TIPO FM,210000200-T,CHM-210000200-T,PEND-210000200-T,1758.004,,,unid.,unid.,1.0,0,Gasfiteria,Tuberias y Conexiones,,,
VALVULA DE CARGA PARA ESTANQUE WC C/ FLOTADOR,210000210-T,CHM-210000210-T,PEND-210000210-T,1958.804,,,unid.,unid.,1.0,0,Gasfiteria,Tuberias y Conexiones,,,
VÁLVULA DE CARGA SIMPLE,210000220-T,CHM-210000220-T,PEND-210000220-T,2245.948,,,unid.,unid.,1.0,0,General,Otros,,,
SELLO ANTIFUGA,210000600-T,CHM-210000600-T,PEND-210000600-T,593.364,,,unid.,unid.,1.0,0,General,Otros,,,
MANILLA DE ACCIONAMIENTO WC CROMADA,210000700-T,CHM-210000700-T,PEND-210000700-T,815.248,,,unid.,unid.,1.0,0,Hogar,Banio y Decoracion,,,
KIT CARGA - DESCARGA - FIJS.ESTANQUE,210000800-T,CHM-210000800-T,PEND-210000800-T,4941.688,,,unid.,unid.,1.0,0,General,Otros,,,
KIT ANCLAJE - ANTIFUGA - ADMISIÓN,210000810-T,CHM-210000810-T,PEND-210000810-T,5242.888,,,unid.,unid.,1.0,0,Ferreteria,Fijaciones,,,
ASIENTO WC COLOMBA,210001000-T,CHM-210001000-T,PEND-210001000-T,2949.752,,,unid.,unid.,1.0,0,General,Otros,,,
ASIENTO WC FUNSTER,210001010-T,CHM-210001010-T,PEND-210001010-T,4709.764,,,unid.,unid.,1.0,0,General,Otros,,,
ASIENTO WC MODERN,210001020-T,CHM-210001020-T,PEND-210001020-T,5191.684,,,unid.,unid.,1.0,0,General,Otros,,,
SIKABOND MONTAJE PACK 4 CAJAS CON 12 CART. 300 ML,2115881,CHM-2115881,PEND-2115881,128888.5,,,unidad,unidad,1.0,0,General,Otros,,,
JUEGO DE PUNTAS 10 PIEZAS,212005,CHM-212005,PEND-212005,2489.92,,,UNIDAD,UNIDAD,1.0,0,General,Otros,,,
ACRILINA CRUDA G-25 4GL (SOQUINA),21549630,CHM-21549630,PEND-21549630,20222.568,,,tineta 24 kg,tineta 24 kg,1.0,0,General,Otros,,,
LLAVE ANGULAR Y FLEXIBLE 1/2 35CM,216-35,CHM-216-35,PEND-216-35,3543.116,,,unidad,unidad,1.0,0,Gasfiteria,Tuberias y Conexiones,,,
REMACHE TIPO POP 1.000 PIEZAS 4X12.7MM,216213,CHM-216213,PEND-216213,12879.18148,,,unidad,unidad,1.0,0,Ferreteria,Fijaciones,,,
ENGRAPADORA PARA USO PESADO,217014,CHM-217014,PEND-217014,8486.038919999999,,,unidad,unidad,1.0,0,General,Otros,,,
FLEXIBLE AGUA VINILICO HI-HI 1/2 30 CM,218-30,CHM-218-30,PEND-218-30,1279.096,,,unidad,unidad,1.0,0,General,Otros,,,
FLEXIBLE AGUA VINILICO HI-HI 1/2 40 CM,218-40,CHM-218-40,PEND-218-40,1307.208,,,unidad,unidad,1.0,0,General,Otros,,,
FLEXIBLE AGUA VINILICO HI-HI 1/2 50 CM,218-50,CHM-218-50,PEND-218-50,1376.484,,,unidad,unidad,1.0,0,General,Otros,,,
CORCHETE 1.000 PIEZAS 0.7X6X11.3MM,218006,CHM-218006,PEND-218006,537.16008,,,unidad,unidad,1.0,0,General,Otros,,,
CORCHETE 1000 PIEZAS 0.7X8X11.3MM,218008,CHM-218008,PEND-218008,571.2559200000001,,,unidad,unidad,1.0,0,General,Otros,,,
LLAVE LAVATORIO CRUZ,219-10,CHM-219-10,PEND-219-10,7377.392,,,unidad,unidad,1.0,0,Gasfiteria,Tuberias y Conexiones,,,
LLAVE LAVATORIO COMPACTA,219-20,CHM-219-20,PEND-219-20,6067.172,,,unidad,unidad,1.0,0,Gasfiteria,Tuberias y Conexiones,,,
FLEXIBLE AGUA VINILICO HI-M10 1/2 35 CM,219-35,CHM-219-35,PEND-219-35,2490.924,,,unidad,unidad,1.0,0,General,Otros,,,
LATEX CONSTRUCTOR ROSA GL,21957301,CHM-21957301,PEND-21957301,3868.412,,,galon,galon,1.0,0,General,Otros,,,
LATEX CONSTRUCTOR TURQUESA GL,21957401,CHM-21957401,PEND-21957401,3868.412,,,galon,galon,1.0,0,General,Otros,,,
LATEX CONSTRUCTOR VERDE CITRICO GL,21957501,CHM-21957501,PEND-21957501,3868.412,,,galon,galon,1.0,0,General,Otros,,,
ROLLO PISO CARPA AZUL/PLATA 4 MTS X 50 MTS,22.50,CHM-2250,PEND-2250,151122.08,,,unidad,unidad,1.0,0,General,Otros,,,
LLAVE DE PASO 1/2,220-30,CHM-220-30,PEND-220-30,2337.312,,,unidad,unidad,1.0,0,Gasfiteria,Tuberias y Conexiones,,,
LLAVE DE PASO 1/2 MANGO ZINC,220-50,CHM-220-50,PEND-220-50,5742.88,,,unidad,unidad,1.0,0,Aceros y Techumbre,Planchas,,,
SELLADOR PARA MADERAS CJA 12 X 1/4 GL,220013N04,CHM-220013N04,PEND-220013N04,53513.2,,,1/4 galon,1/4 galon,1.0,0,General,Otros,,,
LACA PARA MADERAS CJA 12 X 1/4 GL,220014N04,CHM-220014N04,PEND-220014N04,53513.2,,,1/4 galon,1/4 galon,1.0,0,General,Otros,,,
SIKA TAPAGOTERAS + GRIS CAJA 12 CART 300 ML (SANTIAGO) VENTA MINIMA 4 UNIDADES,2200881,CHM-2200881,PEND-2200881,31560.74,,,caja,caja,1.0,0,General,Otros,,,
SIKACRYL + BLANCO CAJA 12 CARTUCHOS 300 ML (SANTIAGO),2201881,CHM-2201881,PEND-2201881,29623.02,,,caja,caja,1.0,0,General,Otros,,,
PAILA DE HUEVO 14 CM. ALUMINIO LIJADO,2210314,CHM-2210314,PEND-2210314,1987.92,,,unidad,unidad,1.0,0,General,Otros,,,
PAILA DE HUEVO 16 CM. ALUMINIO LIJADO,2210316,CHM-2210316,PEND-2210316,2228.88,,,unidad,unidad,1.0,0,General,Otros,,,
MALLA HARNERO Nº6 BWG 23=0.64 (0.6X1.5) VENTA MINIMA 21 UNIDADES,221226,CHM-221226,PEND-221226,5651.516,,,rollo,rollo,1.0,0,General,Otros,,,
GUANTE CABRITILLA BLACK BULL BASIC T/9,221310200000,CHM-221310200000,PEND-221310200000,893.56,,,PAR,PAR,1.0,0,General,Otros,,,
"MOSQUITERO Nº 14 X BWG 33 = 0,21MM. 1,2 X 30 MTS.",221320,CHM-221320,PEND-221320,1479.2936000000002,,,ml,ml,1.0,0,General,Otros,,,
LENTE ANTARTIC FLEX PLUS CLARO,22140112,CHM-22140112,PEND-22140112,1485.92,,,un,un,1.0,0,General,Otros,,,
LENTE ANTARTIC FLEX PLUS GRIS,22140113,CHM-22140113,PEND-22140113,1485.92,,,unidad,unidad,1.0,0,General,Otros,,,
"MALLA HEXAGONAL GALV. 3/4 "" X 0,60 X 50 MTS.",221601,CHM-221601,PEND-221601,467.64312,,,ml,ml,1.0,0,General,Otros,,,
"HEXAG. GALV. 3/4 "" X BWG 22 = 0,71 MM. 1 X 50 MTS.",221603,CHM-221603,PEND-221603,1221.868,,,ml,ml,1.0,0,General,Otros,,,
"HEXAG. GALV. 1 "" X BWG 21 = 0,81 MM. 0,60 X 50 MTS.",221616,CHM-221616,PEND-221616,820.268,,,ml,ml,1.0,0,General,Otros,,,
MALLA HEXAGONAL GALVANIZADA 3/4BWG22=0.71(0.6X10) VENTA MINIMA 6 UNIDADES,221671,CHM-221671,PEND-221671,13720.664,,,rollo,rollo,1.0,0,General,Otros,,,
MALLA HEXAGONAL GALVANIZADA 3/4BWG22=0.71(1.0X10) VENTA MINIMA 5 UNIDADES,221673,CHM-221673,PEND-221673,18930.42,,,rollo,rollo,1.0,0,General,Otros,,,
ARROCERA 24 CM ALUMINIO CON ASA A/INOX.,2220224,CHM-2220224,PEND-2220224,8614.32,,,unidad,unidad,1.0,0,General,Otros,,,
SET ADAPTADOR PARA TUERCA MAGNETICO 12 MM - 65 MM,222412,CHM-222412,PEND-222412,4335.98484,,,unidad,unidad,1.0,0,Ferreteria,Fijaciones,,,
SET ADAPTADOR PARA TUERCA MAGNETICO 13 MM - 65 MM,222413,CHM-222413,PEND-222413,4306.216240000001,,,unidad,unidad,1.0,0,Ferreteria,Fijaciones,,,
FLEXIBLE METAL 1.75 MTS MATTE BLACK,223-80,CHM-223-80,PEND-223-80,5511.96,,,unidad,unidad,1.0,0,General,Otros,,,
CACEROLA 30 CM ALUMINIO HOTEL,2230130,CHM-2230130,PEND-2230130,17841.08,,,unidad,unidad,1.0,0,Aceros y Techumbre,Planchas,,,
CACEROLA 36 CM. ALUMINIO HOTEL,2230136,CHM-2230136,PEND-2230136,25722.48,,,unidad,unidad,1.0,0,Aceros y Techumbre,Planchas,,,
FONDO 30 CM. ALUMINIO HOTEL,2232430,CHM-2232430,PEND-2232430,20571.96,,,unidad,unidad,1.0,0,General,Otros,,,
FONDO 34 CM. ALUMINIO HOTEL,2232434,CHM-2232434,PEND-2232434,26505.6,,,unidad,unidad,1.0,0,General,Otros,,,
FONDO 38 CM. ALUMINIO HOTEL,2232438,CHM-2232438,PEND-2232438,37348.8,,,unidad,unidad,1.0,0,General,Otros,,,
FONDO 40 CM. ALUMINIO HOTEL,2232440,CHM-2232440,PEND-2232440,38724.28,,,unidad,unidad,1.0,0,General,Otros,,,
ARROCERA 40 CM ALUMINIO HOTEL,2235140,CHM-2235140,PEND-2235140,28021.64,,,unidad,unidad,1.0,0,General,Otros,,,
AMP C5W 11 X 35 MM 12V 5W SV85 CR STD CAJA,227058,CHM-227058,PEND-227058,247.988,,,unidad,unidad,1.0,0,General,Otros,,,
CASQUETE P/PROTECTOR FACIAL AMARILLO,22993200,CHM-22993200,PEND-22993200,1194.76,,,unidad,unidad,1.0,0,General,Otros,,,
BANDEJA PARA PINTAR NEGRA,23002,CHM-23002,PEND-23002,767.056,,,unidad,unidad,1.0,0,General,Otros,,,
TAPON REHUSABLE CON CORD EN BOLSA 900473 LIB/PROS,23010496,CHM-23010496,PEND-23010496,140.56,,,unidad,unidad,1.0,0,General,Otros,,,
"MOSQUITERAS VERDE OSCURO 0,90 X 50 MTS.",230401,CHM-230401,PEND-230401,856.412,,,ml,ml,1.0,0,General,Otros,,,
REACTIVO DETERMINADOR DE CLORO. 20 CC,231000,CHM-231000,PEND-231000,1419.37488,,,unidad,unidad,1.0,0,General,Otros,,,
CORDEL PLASTICO 4 MM. ROLLO 8 KG. APROXIMADO,233-4040,CHM-233-4040,PEND-233-4040,2911.6,,,KG,KG,1.0,0,General,Otros,,,
"O"" RING 6"" FILTRO UNIVERSAL",233006,CHM-233006,PEND-233006,2750.96,,,unidad,unidad,1.0,0,General,Otros,,,
SUPER ECO FAROL TRABAJO 16LED 48W 12-24V CUADRADO 25MM,234109,CHM-234109,PEND-234109,7389.44,,,unidad,unidad,1.0,0,General,Otros,,,
HACHA 4 LBS. S/MANGO (410/40) - CASCO,2351001,CHM-2351001,PEND-2351001,14603.18,,,un,un,1.0,0,General,Otros,,,
HACHA 4.1/2 LBS. S/MANGO (410/45) - CASCO,2351005,CHM-2351005,PEND-2351005,15552.964,,,un,un,1.0,0,General,Otros,,,
HACHA 1250 GRS. C/MANGO LARGO (10112) - CASCO,2351020,CHM-2351020,PEND-2351020,15813.0,,,un,un,1.0,0,General,Otros,,,
CANASTO CON MANIJA SKIMMERS,237000,CHM-237000,PEND-237000,5510.956,,,Unidad,Unidad,1.0,0,General,Otros,,,
CORDEL PLASTICO 6 MM. ROLLO 10 KG. APROX.,239-4048,CHM-239-4048,PEND-239-4048,2911.6,,,KG,KG,1.0,0,General,Otros,,,
ESTUFA VITTALE 40 CP,240054769,CHM-240054769,PEND-240054769,113385.736,,,UNIDAD,UNIDAD,1.0,0,General,Otros,,,
"LAVADORAS AUTOMÁTICAS EFFICACE 11,5 BZG",240077053,CHM-240077053,PEND-240077053,215303.784,,,UNIDAD,UNIDAD,1.0,0,General,Otros,,,
"CABEZA DE SERVICIO METÁLICA 1"", CON ABRAZADERA",2406100,CHM-2406100,PEND-2406100,1757.0,,,unidad,unidad,1.0,0,General,Otros,,,
TIERRA DE COLOR ROJO PRIMERA 1 KILO,241-1,CHM-241-1,PEND-241-1,845.368,,,kilo,kilo,1.0,0,General,Otros,,,
"RODILLO ESTAMPA 7"" TEXTURADO ESPUMA/MALLA",2416437,CHM-2416437,PEND-2416437,2893.528,,,un,un,1.0,0,Pinturas,Aplicacion,,,
"BANDEJA ESTAMPA 6"" HMP0064 P/PINTURA 38,5X23CM",2416592,CHM-2416592,PEND-2416592,1267.048,,,un,un,1.0,0,Pinturas,Aplicacion,,,
"SERRUCHO BARRACUDA 22"" 7DTES.X PULG.",244P-22-U7-HP,CHM-244P-22-U7-HP,PEND-244P-22-U7-HP,15464.612,,,unidad,unidad,1.0,0,General,Otros,,,
CAJA ESTANCO 100X100X70,24520042,CHM-24520042,PEND-24520042,2432.692,,,un,un,1.0,0,General,Otros,,,
PROYECTOR PAR 300 W /12 V,247030,CHM-247030,PEND-247030,18765.262,,,unidad,unidad,1.0,0,General,Otros,,,
JOCKEY SEGURIDAD ISP CHILEMAT,2503510160415,CHM-2503510160415,PEND-2503510160415,8122.36,,,unidad,unidad,1.0,0,General,Otros,,,
CALDERO FUNDIDO 24 CM,25062,CHM-25062,PEND-25062,10971.09956,,,UNIDAD,UNIDAD,1.0,0,Construccion,Materiales,,,
CORDEL PLASTICO 10 MM ROLLO 25 KG. APROXIMADO,251-4064,CHM-251-4064,PEND-251-4064,2911.6,,,KG,KG,1.0,0,General,Otros,,,
SOPORTE FIJO PARA DUCHA CROMO,251-90,CHM-251-90,PEND-251-90,1415.64,,,unidad,unidad,1.0,0,General,Otros,,,
MARTILLO CARPINTERO 16OZ,251216,CHM-251216,PEND-251216,2951.76,,,UNIDAD,UNIDAD,1.0,0,Herramientas,Discos y Corte,,,
CORDON RV-K 2X1.5MM,25180057,CHM-25180057,PEND-25180057,663.644,,,metros,metros,1.0,0,General,Otros,,,
KRAFTER PARTIDOR DE LEÑA 22TON 196CC.KOHLER,2535000000022,CHM-2535000000022,PEND-2535000000022,1927680.0,,,unidad,unidad,1.0,0,General,Otros,,,
INFLADOR NEUMATICOS C/MANOMETRO (G - 52) - MUZI,2551400,CHM-2551400,PEND-2551400,6789.048,,,un,un,1.0,0,General,Otros,,,
RALLADOR ACERO UTILITA ROJO SOPORTE GOMA,25695170,CHM-25695170,PEND-25695170,5224.414400000001,,,unidad,unidad,1.0,0,Aceros y Techumbre,Planchas,,,
CORDEL PLASTICO 12 MM. ROLLO 17 KG. APROXIMADO,257-4072,CHM-257-4072,PEND-257-4072,2911.6,,,KG,KG,1.0,0,General,Otros,,,
"CABO DE VIDA TECHNICAL 1 MOSQ 1 ESCALA 1,8MTS",25990020,CHM-25990020,PEND-25990020,7319.16,,,UNIDAD,UNIDAD,1.0,0,Construccion,Materiales,,,
FAJA LUMBAR M,25991902,CHM-25991902,PEND-25991902,3805.16,,,UNIDAD,UNIDAD,1.0,0,General,Otros,,,
FAJA LUMBAR L,25991903,CHM-25991903,PEND-25991903,3805.16,,,UNIDAD,UNIDAD,1.0,0,General,Otros,,,
FAJA LUMBAR XL,25991904,CHM-25991904,PEND-25991904,3805.16,,,UNIDAD,UNIDAD,1.0,0,General,Otros,,,
RODILLERA ACOLCHADA,25992100,CHM-25992100,PEND-25992100,3102.36,,,PAR,PAR,1.0,0,General,Otros,,,
SERRUCHO PROFESIONAL + MARTILLO CARPINTERO,2600-19-428-16,CHM-2600-19-428-16,PEND-2600-19-428-16,21579.976,,,unidad,unidad,1.0,0,Herramientas,Discos y Corte,,,
"CABLE PUENTE BATERIA PRETUL (TRUPER) 2,5 MTS. # CAP-2510P",261224,CHM-261224,PEND-261224,8395.448,,,unidad,unidad,1.0,0,Electricidad,Cables y Accesorios,,,
MUEBLE DE BANO CEREZO 500X820X430,2620F50H82290A3P2,CHM-2620F50H82290A3P2,PEND-2620F50H82290A3P2,62583.336,,,unidad,unidad,1.0,0,General,Otros,,,
MUEBLE DE BANO BLANCO 500X820X430,2620F50H82DS10P2,CHM-2620F50H82DS10P2,PEND-2620F50H82DS10P2,62583.336,,,unidad,unidad,1.0,0,General,Otros,,,
"NAVAJA 3""",26300003,CHM-26300003,PEND-26300003,2224.864,,,unidad,unidad,1.0,0,General,Otros,,,
"NAVAJA 3""",26301003,CHM-26301003,PEND-26301003,2482.892,,,unidad,unidad,1.0,0,General,Otros,,,
"GRILLETE PARA CABLE 1/4"" GALVANIZADA (S0401) - SANLI",2641001,CHM-2641001,PEND-2641001,203.812,,,un,un,1.0,0,Electricidad,Cables y Accesorios,,,
"GRILLETE PARA CABLE 5/16"" GALVANIZADA (S0403) - SANLI",2641003,CHM-2641003,PEND-2641003,273.088,,,un,un,1.0,0,Electricidad,Cables y Accesorios,,,
"GRILLETE PARA CABLE 3/8"" GALVANIZADA (S0404) - SANLI",2641005,CHM-2641005,PEND-2641005,375.496,,,un,un,1.0,0,Electricidad,Cables y Accesorios,,,
"GRILLETE PARA CABLE 1/2"" GALVANIZADA (S0405) - SANLI",2641010,CHM-2641010,PEND-2641010,529.108,,,un,un,1.0,0,Electricidad,Cables y Accesorios,,,
"GRILLETE PARA CABLE 5/8"" GALVANIZADA (S0406) - SANLI",2641015,CHM-2641015,PEND-2641015,968.86,,,un,un,1.0,0,Electricidad,Cables y Accesorios,,,
"ABRAZADERA 3/8"" P/CABLE GALVAN. (C0106) - SANLI",2642020,CHM-2642020,PEND-2642020,280.116,,,un,un,1.0,0,Electricidad,Cables y Accesorios,,,
"ABRAZADERA 5/8"" P/CABLE GALVAN. (C0110) - SANLI",2642040,CHM-2642040,PEND-2642040,600.392,,,un,un,1.0,0,Electricidad,Cables y Accesorios,,,
"ABRAZADERA 3/4"" P/CABLE GALVAN. (C0111) - SANLI",2642045,CHM-2642045,PEND-2642045,906.612,,,un,un,1.0,0,Electricidad,Cables y Accesorios,,,
BEKRON-AC 25K,2698526,CHM-2698526,PEND-2698526,25731.62644,,,unidad,unidad,1.0,0,General,Otros,,,
AGOREX-60 CJ. 48X1/32 GL.,284614,CHM-284614,PEND-284614,108811.512,,,caja,caja,1.0,0,General,Otros,,,
AGOREX-60 CJ. 48X20 CC. EST.,284628,CHM-284628,PEND-284628,88274.692,,,caja,caja,1.0,0,General,Otros,,,
AGOREX-60 CJ. 48X120 CC. EST.,284633,CHM-284633,PEND-284633,165522.452,,,caja,caja,1.0,0,General,Otros,,,
AMP H1 12V 55W P14.5S T2.5 CR STD CAJA,286694,CHM-286694,PEND-286694,982.916,,,unidad,unidad,1.0,0,General,Otros,,,
AMP H4 24V 75/50W P43T T4.625 CR STD CAJA,286960,CHM-286960,PEND-286960,1888.524,,,unidad,unidad,1.0,0,General,Otros,,,
RODILLO DE ESPONJA ECOSA 5 CMS,29-04-110,CHM-29-04-110,PEND-29-04-110,229.916,,,unidad,unidad,1.0,0,Pinturas,Aplicacion,,,
RODILLO DE ESPONJA ECOSA 9 CMS,29-04-112,CHM-29-04-112,PEND-29-04-112,666.656,,,unidad,unidad,1.0,0,Pinturas,Aplicacion,,,
RODILLO DE ESPONJA ECOSA 18 CMS,29-04-116,CHM-29-04-116,PEND-29-04-116,1022.072,,,unidad,unidad,1.0,0,Pinturas,Aplicacion,,,
SIMPL MARM RAPOLANO BEIGE C/EGI 6MM 20UN,300040,CHM-300040,PEND-300040,56968.00416,,,unidad,unidad,1.0,0,General,Otros,,,
SIMPL MARM BOTTICINO GRAFITO 6MM 20UN,300042,CHM-300042,PEND-300042,56968.00416,,,Unidad,Unidad,1.0,0,General,Otros,,,
SIMPL PIEDRA AZTECA AMARILLA 6MM 20UN,300053,CHM-300053,PEND-300053,56968.00416,,,unidad,unidad,1.0,0,General,Otros,,,
SIMPLISIMA PIEDRA AZTECA GRIS 6MM 20UN,300057,CHM-300057,PEND-300057,56968.00416,,,unidad,unidad,1.0,0,General,Otros,,,
SIMPLISIMA MADERA RÚSTICA SOFT 6MM 20UN,300060,CHM-300060,PEND-300060,56968.00416,,,unidad,unidad,1.0,0,General,Otros,,,
SIMPL PIEDRA TERRAZO MARFIL 6MM 20 UN,300067,CHM-300067,PEND-300067,56968.00416,,,Unidad,Unidad,1.0,0,General,Otros,,,
SIMPL LADRILLO FOSIL GRAFITO 20 UN,300070,CHM-300070,PEND-300070,56968.00416,,,Unidad,Unidad,1.0,0,Construccion,Materiales,,,
CUCHILLO CARTONERO 18X100MM,300228,CHM-300228,PEND-300228,983.92,,,UNIDAD,UNIDAD,1.0,0,General,Otros,,,
CEMENTO ESPECIAL 25 K. TOME-CONCEPCIÓN,300394-TOME,CHM-300394-TOME,PEND-300394-TOME,2811.2,,,Saco,Saco,1.0,0,Construccion,Materiales,,,
CEMENTO LA UNION ALTA RESISTENCIA 25 KG. SAN ANTONIO,300399-AR-SANT,CHM-300399-AR-SANT,PEND-300399-AR-SANT,3303.16,,,saco,saco,1.0,0,Construccion,Materiales,,,
"DESMALEZADORA TBC33X 32,6CC EJE RECTO",301-023,CHM-301-023,PEND-301-023,185740.0,,,unidad,unidad,1.0,0,General,Otros,,,
"DESMALEZADORA TBC43X 42,7CC EJE RECTO",301-024,CHM-301-024,PEND-301-024,200800.0,,,unidad,unidad,1.0,0,General,Otros,,,
DESMALEZADORA TBC52X 52CC EJE RECTO,301-025,CHM-301-025,PEND-301-025,210840.0,,,unidad,unidad,1.0,0,General,Otros,,,
BISAGRA CIERRE SUAVERECTA CLASSIC,3010111012,CHM-3010111012,PEND-3010111012,965.28576,,,un,un,1.0,0,Hogar,Banio y Decoracion,,,
AMPOLLETA LED 45W BRIGHT FAN E27 6500K LUZ FRIA,3010700,CHM-3010700,PEND-3010700,3413.6,,,unidad,unidad,1.0,0,General,Otros,,,
POLICARB ALVEOLAR 1050X2900X4MM TRANSPARENTE,3012100006060,CHM-3012100006060,PEND-3012100006060,12199.2024,,,unidad,unidad,1.0,0,General,Otros,,,
POLICARB ALVEOLAR 2100X2900X4MM TRANSPARENTE,3012100015060,CHM-3012100015060,PEND-3012100015060,24398.4048,,,unidad,unidad,1.0,0,General,Otros,,,
"POLICARB ROLLO 1,22MTX10MTX0,7MM TRANSPAR",3012120080060,CHM-3012120080060,PEND-3012120080060,78468.624,,,unidad,unidad,1.0,0,General,Otros,,,
"POLIC ONDULADO 0,5MM CORRUGAL 0,81X2,5M TRAN",3012130004060,CHM-3012130004060,PEND-3012130004060,6403.83328,,,unidad,unidad,1.0,0,General,Otros,,,
"POLIC ONDULADO STD CORRUGAL 0,81X2M TRANS",3012130005060,CHM-3012130005060,PEND-3012130005060,5863.36,,,unidad,unidad,1.0,0,General,Otros,,,
"POLIC ONDULADO 0,5MM CORRUGAL 0,81X3,66M TRANS",3012130007060,CHM-3012130007060,PEND-3012130007060,9374.46848,,,unidad,unidad,1.0,0,General,Otros,,,
"POLICARBONATO ONDULADO 0,5MM INTERPLAS 0,81X3M TRANSPARENTE",3012130008060,CHM-3012130008060,PEND-3012130008060,8790.02,,,unidad,unidad,1.0,0,General,Otros,,,
ALERO LISTO DVP 1.00X1.2,3012150027060,CHM-3012150027060,PEND-3012150027060,26992.54,,,unidad,unidad,1.0,0,General,Otros,,,
ALERO LISTO DVP 1.00X1.2,3012150028420,CHM-3012150028420,PEND-3012150028420,26992.54,,,unidad,unidad,1.0,0,General,Otros,,,
BISAGRA STD RECTA 35MM (22),3013100000,CHM-3013100000,PEND-3013100000,421.68,,,un,un,1.0,0,Hogar,Banio y Decoracion,,,
SIKADUR 31 HI-MOD GEL CAJA CON 6 JUEGOS X 1 KG (SANTIAGO),3017790,CHM-3017790,PEND-3017790,61952.824,,,caja,caja,1.0,0,General,Otros,,,
"AMP H1 12V 55W P14,5S T2.5 CR STD CAJA",302397,CHM-302397,PEND-302397,2008.0,,,unidad,unidad,1.0,0,General,Otros,,,
MOLDURA NOMASTYL F 230 ML,3027982,CHM-3027982,PEND-3027982,431.19792,,,metro,metro,1.0,0,General,Otros,,,
FILTRO EN Y KLN DE ANILLAS 1'' BSP,303975,CHM-303975,PEND-303975,11093.50724,,,unidad,unidad,1.0,0,General,Otros,,,
SIKADUR 32 GEL PACK 6 X 1 KG (SANTIAGO),3051790,CHM-3051790,PEND-3051790,76628.292,,,pack,pack,1.0,0,General,Otros,,,
AGUARRAS MINERAL CJ 21 X 1 LT.,3054P29,CHM-3054P29,PEND-3054P29,33413.12,,,botella lt.,botella lt.,1.0,0,General,Otros,,,
AGUARRAS MINERAL CAJA 6 BIDONES 5 LTS,3054P6B,CHM-3054P6B,PEND-3054P6B,44617.76,,,bidon,bidon,1.0,0,General,Otros,,,
DILUYENTE ACRILICO DA302 CJ 21 X 1 LT,305503P29,CHM-305503P29,PEND-305503P29,33270.552,,,botella lt.,botella lt.,1.0,0,Pinturas,Aplicacion,,,
DILUYENTE SINTETICO DS303 CJ 21 X 1 LT,305504P29,CHM-305504P29,PEND-305504P29,34125.96,,,botella lt.,botella lt.,1.0,0,Pinturas,Aplicacion,,,
PROYECTOR LED 30W TELCO FLAT PRO 4500K,3060030,CHM-3060030,PEND-3060030,3604.36,,,unidad,unidad,1.0,0,General,Otros,,,
PROYECTOR LED 50W TELCO FLAT PRO 6000K LUZ FRIA,3060050,CHM-3060050,PEND-3060050,5773.0,,,unidad,unidad,1.0,0,General,Otros,,,
TUB. CONDUIT 16 CIV X 3 MT,306016-3,CHM-306016-3,PEND-306016-3,805.208,,,tira,tira,1.0,0,General,Otros,,,
TUB. CONDUIT 20 CIV X 3 MT,306026-3,CHM-306026-3,PEND-306026-3,1334.316,,,tira,tira,1.0,0,General,Otros,,,
TUB. CONDUIT 25 CIII X 3 MT,306031-3,CHM-306031-3,PEND-306031-3,1839.328,,,tira,tira,1.0,0,General,Otros,,,
INGLETE CON SERRUCHO 300MM,306112,CHM-306112,PEND-306112,9828.26644,,,unidad,unidad,1.0,0,General,Otros,,,
RODILLO ESPONJA POLIURETANO 7 CM,307,CHM-307,PEND-307,1621.7913199999998,,,unidad,unidad,1.0,0,Pinturas,Aplicacion,,,
DESOXIDANTE INDUSTRIAL,3101001,CHM-3101001,PEND-3101001,2936.7,,,botella,botella,1.0,0,General,Otros,,,
SERRUCHO CARPINTERO 450MM,310218,CHM-310218,PEND-310218,2690.72,,,UNIDAD,UNIDAD,1.0,0,General,Otros,,,
CERRAD. DE SOBREPONER GRIS,3106020110,CHM-3106020110,PEND-3106020110,13955.6,,,unidad,unidad,1.0,0,General,Otros,,,
CERR. SOBREP. SAFER 210 CIL/AJUST NEGRA BL,3106020111,CHM-3106020111,PEND-3106020111,14487.72,,,unidad,unidad,1.0,0,General,Otros,,,
CERR. TUB. BS IBIZA ACCESO PREMIUM BL,3106042007,CHM-3106042007,PEND-3106042007,13162.44,,,unidad,unidad,1.0,0,General,Otros,,,
CERR. TUB. BS IBIZA DORM/OFIC PREMIUM  BL,3106042008,CHM-3106042008,PEND-3106042008,13152.4,,,unidad,unidad,1.0,0,General,Otros,,,
CERR. TUB POMO B. SATIN BASH 440 BAÑO/DORM BL,3106042009,CHM-3106042009,PEND-3106042009,12208.64,,,unidad,unidad,1.0,0,General,Otros,,,
CERR. TUB. BS IBIZA LOGIA/PATIO PREMIUM BL,3106042010,CHM-3106042010,PEND-3106042010,14788.92,,,unidad,unidad,1.0,0,General,Otros,,,
CERR. TUB. SS IBIZA DORM/OFIC PREMIUM  BL,3106042108,CHM-3106042108,PEND-3106042108,11696.6,,,unidad,unidad,1.0,0,General,Otros,,,
CERR. TUB POMO INOX BASH 440 BAÑO/DORM BL,3106042109,CHM-3106042109,PEND-3106042109,11134.36,,,unidad,unidad,1.0,0,General,Otros,,,
CERR. TUB. SS IBIZA LOGIA/PATIO PREMIUM BL,3106042110,CHM-3106042110,PEND-3106042110,14146.36,,,unidad,unidad,1.0,0,General,Otros,,,
CHALECO BLACK BULL GEOLOGO CANVAS T/XL AZUL,311109094415,CHM-311109094415,PEND-311109094415,4947.712,,,unidad,unidad,1.0,0,General,Otros,,,
"TIJERA CORTA PASTO MANGO TELESCOPICO 30""",311830,CHM-311830,PEND-311830,10430.67648,,,unidad,unidad,1.0,0,General,Otros,,,
"TIJERA CORTA PASTO 22""",311922,CHM-311922,PEND-311922,9597.738,,,unidad,unidad,1.0,0,General,Otros,,,
RODILLO ESPONJA POLIURETANO 12 CM,312,CHM-312,PEND-312,2046.11184,,,unidad,unidad,1.0,0,Pinturas,Aplicacion,,,
"EXTRACTOR DE AIRE 8"" REDO.",3130431158,CHM-3130431158,PEND-3130431158,11915.472,,,unidad,unidad,1.0,0,General,Otros,,,
"EXTRACTOR DE AIRE 4"" CUAD.",3130431539,CHM-3130431539,PEND-3130431539,7145.93988,,,unidad,unidad,1.0,0,General,Otros,,,
TAPA PPR 25MM,31503,CHM-31503,PEND-31503,89.356,,,unidad,unidad,1.0,0,General,Otros,,,
"RODILLO ESPONJA 7"" O 18 CM",318,CHM-318,PEND-318,1298.172,,,unidad,unidad,1.0,0,Pinturas,Aplicacion,,,
"MALLA CERCO T3G LIS 5.00X1.85 6-15 3.7X3.7 GA (18,207KG)",320061537375001,CHM-320061537375001,PEND-320061537375001,40160.0,,,unidad,unidad,1.0,0,General,Otros,,,
"CODO PPR 20MM 1/2"" HI CON SOPORTE DOBLE",32101,CHM-32101,PEND-32101,2223.86,,,unidad,unidad,1.0,0,Gasfiteria,Tuberias y Conexiones,,,
"RODILLO ESPUMA DE POLIESTER 6"" - 15 CM LIZCAL",3215,CHM-3215,PEND-3215,1328.292,,,UNIDAD,UNIDAD,1.0,0,Construccion,Materiales,,,
ESCALERA TIJERA SIMPLE 1.52 M FIBRA DE VIDRIO 5 PELDAÑOS,3217-05,CHM-3217-05,PEND-3217-05,62549.2,,,unidad,unidad,1.0,0,Construccion,Materiales,,,
"RODILLO ESPUMA DE POLIESTER EXT. 49MM 7"" - 18 CM",3218,CHM-3218,PEND-3218,1806.196,,,UNIDAD,UNIDAD,1.0,0,Pinturas,Aplicacion,,,
OLLA PRESIÓN 6 LTS. ALUMINIO C/MANGO,3220203,CHM-3220203,PEND-3220203,17358.156,,,UNIDAD,UNIDAD,1.0,0,General,Otros,,,
"TETERA AGUA 2,0 LT. ALUMINIO PULIDO",3221718,CHM-3221718,PEND-3221718,5983.84,,,unidad,unidad,1.0,0,General,Otros,,,
DILUYENTE AR-200 PISCINA Y TRAFICO 6-410/K-45 (CHILCORROFIN),32290304,CHM-32290304,PEND-32290304,5190.68,,,litro,litro,1.0,0,Pinturas,Aplicacion,,,
"CODO PPR 25 MM 1/2"" HE ROSCA METALICO",32303,CHM-32303,PEND-32303,1318.252,,,unidad,unidad,1.0,0,Gasfiteria,Tuberias y Conexiones,,,
"ASADERA 53X36X7,3 CM- AL.HOTEL ASA ABATIBLE",3240752,CHM-3240752,PEND-3240752,20290.84,,,unidad,unidad,1.0,0,General,Otros,,,
SUPERCAUCHO AZUL PISCINA 4GL (CHILCORROFIN),32602130,CHM-32602130,PEND-32602130,91427.252,,,tineta 4 galone,tineta 4 galone,1.0,0,General,Otros,,,
SUPER CAUCHO AZUL TAHITI (CHILCORROFIN),32602201,CHM-32602201,PEND-32602201,25314.856,,,galon,galon,1.0,0,General,Otros,,,
"AMPOLLETA LED A60 CLASICA 9,5W/6400K E-27 LUZ FRIA",3301657,CHM-3301657,PEND-3301657,702.8,,,unidad,unidad,1.0,0,General,Otros,,,
PAPELERO VAIVEN CHICO PARED C/T 9 LTS(30UN)(28140),33079,CHM-33079,PEND-33079,3164.608,,,unidad,unidad,1.0,0,General,Otros,,,
CAJA ELECTRICA UNIVERSAL 16-20-25 (C/COD),33095058,CHM-33095058,PEND-33095058,196.784,,,unidad,unidad,1.0,0,General,Otros,,,
SALIDA CAJA/CONDUIT 16MM C/CEM (C/COD),33095805,CHM-33095805,PEND-33095805,52.208,,,unidad,unidad,1.0,0,General,Otros,,,
PAPELERO PEDAL 26 LITROS (5UN) (28110),33208,CHM-33208,PEND-33208,11313.072,,,unidad,unidad,1.0,0,General,Otros,,,
PLOMADA RECTA ESTUCADOR DE 200 GRS. APROX.,332301,CHM-332301,PEND-332301,1999.968,,,unidad,unidad,1.0,0,General,Otros,,,
PAPELERO VAIVEN CHICO PARED C/T 7 LTS(30UN)(28130),33248,CHM-33248,PEND-33248,2457.792,,,unidad,unidad,1.0,0,General,Otros,,,
PAPELERO PEDAL 10 LITROS (5UN) (28100),33318,CHM-33318,PEND-33318,6712.744,,,unidad,unidad,1.0,0,General,Otros,,,
"NIPLE TAPON 7/16""HE,P/TEE REGULADOR GAS 45 KGS",335530,CHM-335530,PEND-335530,715.852,,,Unidad,Unidad,1.0,0,Gasfiteria,Tuberias y Conexiones,,,
ABRAZ 2PT 5/8 ZN,337567037,CHM-337567037,PEND-337567037,31.79668,,,unidad,unidad,1.0,0,General,Otros,,,
"PERFIL CUADRADO 15X15X1.50 MM (3,54 KG.)",34000070,CHM-34000070,PEND-34000070,5615.5728,,,unidad,unidad,1.0,0,Aceros y Techumbre,Planchas,,,
"PERFIL CUADRADO 20X20X2.00 MM (6,3 KG.)",34000073,CHM-34000073,PEND-34000073,9677.556,,,unidad,unidad,1.0,0,Aceros y Techumbre,Planchas,,,
"PERFIL CUADRADO 25X25X2.00 MM (8,16 KG.)",34000075,CHM-34000075,PEND-34000075,12534.7392,,,unidad,unidad,1.0,0,Aceros y Techumbre,Planchas,,,
"PERFIL CUADRADO 30X30X2.00 MM (10,08 KG.)",34000077,CHM-34000077,PEND-34000077,15484.0896,,,unidad,unidad,1.0,0,Aceros y Techumbre,Planchas,,,
"PERFIL CUADRADO 40X40X2.00 MM (13,86 KG.)",34000080,CHM-34000080,PEND-34000080,21290.6232,,,unidad,unidad,1.0,0,Aceros y Techumbre,Planchas,,,
"PERFIL CUADRADO 40X40X3.00 MM (19,8 KG.)",34000081,CHM-34000081,PEND-34000081,30415.176,,,unidad,unidad,1.0,0,Aceros y Techumbre,Planchas,,,
"PERFIL CUADRADO 50X50X2.00 MM (17,58 KG.)",34000083,CHM-34000083,PEND-34000083,27004.9896,,,unidad,unidad,1.0,0,Aceros y Techumbre,Planchas,,,
CUADRADO 50X50X3MM 6MTS,34000084,CHM-34000084,PEND-34000084,39171.06,,,unidad,unidad,1.0,0,General,Otros,,,
PERFIL CUADRADO 75X75X2.00 MM (27 KG.),34000087,CHM-34000087,PEND-34000087,41475.24,,,unidad,unidad,1.0,0,Aceros y Techumbre,Planchas,,,
"PERFIL CUADRADO 75X75X3.00 MM (39,6 KG.)",34000088,CHM-34000088,PEND-34000088,60830.352,,,unidad,unidad,1.0,0,Aceros y Techumbre,Planchas,,,
"PERFIL RECTANGULAR 30X20X2.00 MM (8,16 KG.)",34000100,CHM-34000100,PEND-34000100,12534.7392,,,unidad,unidad,1.0,0,Aceros y Techumbre,Planchas,,,
"PERFIL RECTANGULAR 40X20X2.00 MM (10,08 KG.)",34000103,CHM-34000103,PEND-34000103,15484.0896,,,unidad,unidad,1.0,0,Aceros y Techumbre,Planchas,,,
"PERFIL RECTANGULAR 40X30X2.00 MM (11,94 KG.)",34000105,CHM-34000105,PEND-34000105,18341.2728,,,unidad,unidad,1.0,0,Aceros y Techumbre,Planchas,,,
"PERFIL RECTANGULAR 50X20X2.00 MM (11,94 KG.)",34000107,CHM-34000107,PEND-34000107,18341.2728,,,unidad,unidad,1.0,0,Aceros y Techumbre,Planchas,,,
"PERFIL RECTANGULAR 60X40X2.00 MM (17,58 KG.)",34000111,CHM-34000111,PEND-34000111,27004.9896,,,unidad,unidad,1.0,0,Aceros y Techumbre,Planchas,,,
"PERFIL RECTANGULAR 80X40X2.00 MM (21,36 KG.)",34000115,CHM-34000115,PEND-34000115,32811.5232,,,unidad,unidad,1.0,0,Aceros y Techumbre,Planchas,,,
PERFIL RECTANGULAR 100X50X2.00 MM (27 KG.),34000118,CHM-34000118,PEND-34000118,41475.24,,,unidad,unidad,1.0,0,Aceros y Techumbre,Planchas,,,
"CODO SANITARIO GRIS 110 X 87,5 REFORZADO",341110,CHM-341110,PEND-341110,1326.284,,,unidad,unidad,1.0,0,Gasfiteria,Tuberias y Conexiones,,,
PASTA EXTERIOR A-1,34111004,CHM-34111004,PEND-34111004,26199.67116,,,tineta,tineta,1.0,0,General,Otros,,,
PASTA EXTERIOR A-1,34111010,CHM-34111010,PEND-34111010,1286.16416,,,kilo,kilo,1.0,0,General,Otros,,,
CODO SANITARIO GRIS 110 X 45 REFORZADO,341210,CHM-341210,PEND-341210,1054.2,,,unidad,unidad,1.0,0,Gasfiteria,Tuberias y Conexiones,,,
TEE SANITARIO GRIS 110 X 110 MM REFORZADO,341310,CHM-341310,PEND-341310,1700.776,,,unidad,unidad,1.0,0,Gasfiteria,Tuberias y Conexiones,,,
TAPA GORRO SANITARIO GRIS 110 MM,341510,CHM-341510,PEND-341510,396.58,,,unidad,unidad,1.0,0,General,Otros,,,
VEE SANITARIO GRIS 75 X 50 MM REFORZADO,341713,CHM-341713,PEND-341713,962.836,,,unidad,unidad,1.0,0,General,Otros,,,
BUJE REDUCCION PPR 25MM X 20MM,35003,CHM-35003,PEND-35003,93.372,,,unidad,unidad,1.0,0,General,Otros,,,
"POLYSTEEL 6,0 MM TORCIDO X ROLLOS 220 METROS",35006,CHM-35006,PEND-35006,14056.0,,,unidad,unidad,1.0,0,Gasfiteria,Tuberias y Conexiones,,,
"POLYSTEEL 8,0 MM TORCIDO X ROLLOS 220 METROS",35008,CHM-35008,PEND-35008,24598.0,,,unidad,unidad,1.0,0,Gasfiteria,Tuberias y Conexiones,,,
MANGUERA BICOLOR EXTRA 3/4. (100 MTS.),350236,CHM-350236,PEND-350236,734.928,,,mts,mts,1.0,0,General,Otros,,,
"MANGUERA BICOLOR EXTRA 1"". (100 MTS.)",350237,CHM-350237,PEND-350237,1011.028,,,mts,mts,1.0,0,General,Otros,,,
MANGUERA ESPECIAL AMARILLA 10 MM,350400,CHM-350400,PEND-350400,628.504,,,mts,mts,1.0,0,General,Otros,,,
ESPATULA MANGO DE GOMA 100MM,350404,CHM-350404,PEND-350404,1645.01384,,,unidad,unidad,1.0,0,General,Otros,,,
ESPATULA MANGO DE GOMA 125MM,350405,CHM-350405,PEND-350405,1954.51692,,,unidad,unidad,1.0,0,General,Otros,,,
ESPATULA MANGO DE GOMA 150MM,350406,CHM-350406,PEND-350406,2179.49324,,,unidad,unidad,1.0,0,General,Otros,,,
"MANGUERA MALLAFLEX JAR.VER.1"". (50 MTS.)",350541,CHM-350541,PEND-350541,1561.22,,,mts,mts,1.0,0,General,Otros,,,
MANGUERA MALLAFLEX JAR.VER.1/2. (100 MTS.),350544,CHM-350544,PEND-350544,439.752,,,mts,mts,1.0,0,General,Otros,,,
MANGUERA MALLAFLEX JAR.VER.3/4. (100 MTS.),350547,CHM-350547,PEND-350547,804.204,,,mts,mts,1.0,0,General,Otros,,,
MANGUERA LIQUIFLEX AMAR.50MM. (50 MTS.),350634,CHM-350634,PEND-350634,3696.728,,,mts,mts,1.0,0,General,Otros,,,
MANGUERA SWIMBOY AZUL 38MM (10 MTS.),350720-10,CHM-350720-10,PEND-350720-10,24174.312,,,unidad,unidad,1.0,0,General,Otros,,,
MANGUERA SWIMBOY AZUL 38MM (15 MTS.),350740-15,CHM-350740-15,PEND-350740-15,36261.468,,,unidad,unidad,1.0,0,General,Otros,,,
MANGUERA SWIMBOY AZUL 38MM (20 MTS.),350750-20,CHM-350750-20,PEND-350750-20,48327.54,,,unidad,unidad,1.0,0,General,Otros,,,
SET MANGUERA BICOLOR 10 MT. C/ACCESORIOS,350889,CHM-350889,PEND-350889,5755.932,,,unidad,unidad,1.0,0,General,Otros,,,
SET ESTRIADA BICOLOR 20.MT.C/A. (20 MTS.),350898,CHM-350898,PEND-350898,8089.228,,,unidad,unidad,1.0,0,General,Otros,,,
TUBERIA FLEXADREN AGRICOLA 100MM.,351048,CHM-351048,PEND-351048,2683.692,,,mts,mts,1.0,0,General,Otros,,,
BUJE REDUCCION HE - HI PVC 1 X 1/2¨,351603,CHM-351603,PEND-351603,245.98,,,unidad,unidad,1.0,0,Gasfiteria,Tuberias y Conexiones,,,
"RODILLO ACRILICO 10""",351710,CHM-351710,PEND-351710,3639.9016,,,unidad,unidad,1.0,0,Pinturas,Aplicacion,,,
"MANGUERA EXTRA DUOCOLOR 1/2"" (100 MTS)",351900,CHM-351900,PEND-351900,381.52,,,mts,mts,1.0,0,General,Otros,,,
MANGUERA MALLAFLEX PRESIÓN STANDARD 12MM (100MT.)1/2,352508,CHM-352508,PEND-352508,394.51176,,,MTS,MTS,1.0,0,General,Otros,,,
LLANA DENTADA 280X120MM,355002,CHM-355002,PEND-355002,5090.26996,,,unidad,unidad,1.0,0,General,Otros,,,
CORTA VIDRIO RULETA 130MM,356013,CHM-356013,PEND-356013,1924.03548,,,unidad,unidad,1.0,0,General,Otros,,,
LIJA WURTH SANDPAPER/MADERA G120,358301120CL31,CHM-358301120CL31,PEND-358301120CL31,90.36,,,caja,caja,1.0,0,General,Otros,,,
LIJA WURTH SANDPAPER/MADERA G220,358301220CL31,CHM-358301220CL31,PEND-358301220CL31,90.36,,,caja,caja,1.0,0,General,Otros,,,
LIJA WURTH SANDPAPER/MADERA G80,35830180CL31,CHM-35830180CL31,PEND-35830180CL31,90.36,,,caja,caja,1.0,0,General,Otros,,,
SET TIZADOR MÁS TIZA 30MT,358701,CHM-358701,PEND-358701,4509.00416,,,unidad,unidad,1.0,0,General,Otros,,,
SET LAPIZ CARPINTERO 12 PIEZAS,358812,CHM-358812,PEND-358812,2070.47892,,,unidad,unidad,1.0,0,General,Otros,,,
SET LAPIZ CARPINTERO BICOLOR 12 PIEZAS,358912,CHM-358912,PEND-358912,2275.35516,,,unidad,unidad,1.0,0,General,Otros,,,
FLEXIBLE VINILO 35CM LL/ANG HI 1/2X15/16,35TF3512210,CHM-35TF3512210,PEND-35TF3512210,2796.35084,,,unidad,unidad,1.0,0,General,Otros,,,
LLAVE ANGULAR 1/2X1/2 Y FLEXIBLE  VINILO TECHNOFLEX 35 CM. 1/2X15/16,35TF7007104,CHM-35TF7007104,PEND-35TF7007104,3889.3454,,,unidad,unidad,1.0,0,Gasfiteria,Tuberias y Conexiones,,,
"MALLA MOSQUITERA VERDE OSCURO 1,20M X 30M",36-03-112,CHM-36-03-112,PEND-36-03-112,26878.084,,,rollo,rollo,1.0,0,General,Otros,,,
ANGULO LAMINADO 40X40X3.00 MM 6000,36000382,CHM-36000382,PEND-36000382,15406.9824,,,unidad,unidad,1.0,0,General,Otros,,,
"ANGULO LAMINADO 25X25X3,0 MM 6000 ( 6.72KG)",36000386,CHM-36000386,PEND-36000386,9378.1632,,,unidad,unidad,1.0,0,General,Otros,,,
MARMOLINA R-1 BLANCO TINETA 25 KG,36111004,CHM-36111004,PEND-36111004,22145.228,,,tineta,tineta,1.0,0,General,Otros,,,
CLORO TABLETA 90% X 1 KG (CAJAS 20 KILOS),362001,CHM-362001,PEND-362001,5622.4,,,unidad,unidad,1.0,0,General,Otros,,,
CLORO GRANULAR 60% X 1 KG (CAJAS 20 KILOS),362101,CHM-362101,PEND-362101,2853.7696,,,UNIDAD,UNIDAD,1.0,0,General,Otros,,,
"CLORO TRIPLE ACCION , POTE X 1 KG ,  TABLETA, CAJA X 20 KILOS",362201,CHM-362201,PEND-362201,2928.8688,,,UNIDAD,UNIDAD,1.0,0,General,Otros,,,
ALGUICIDA CLARIFICANTE X 1 LITRO (CAJAS 20 LITROS),362311,CHM-362311,PEND-362311,1998.40176,,,unidad,unidad,1.0,0,General,Otros,,,
ALGUICIDA CLARIFICANTE X 5 LITRO (CAJAS 4 BIDONES ),362312,CHM-362312,PEND-362312,7217.23392,,,unidad,unidad,1.0,0,General,Otros,,,
BAJA PH 1KG. (CAJAS 20 KILOS),362321,CHM-362321,PEND-362321,1857.4,,,unidad,unidad,1.0,0,General,Otros,,,
SUBE PH 1 KG. (CAJAS 20 KILOS),362322,CHM-362322,PEND-362322,1706.8,,,unidad,unidad,1.0,0,General,Otros,,,
BOTIN A. SHOE DKR LISBOA PRO 2110 N°36,36513656,CHM-36513656,PEND-36513656,37544.58,,,par,par,1.0,0,General,Otros,,,
BOTIN A. SHOE DKR LISBOA PRO 2110 N°38,36513658,CHM-36513658,PEND-36513658,37544.58,,,par,par,1.0,0,General,Otros,,,
BOTIN A.SHOE DKR KAYES PRO 2410 Nº36,36513956,CHM-36513956,PEND-36513956,34477.36,,,un,un,1.0,0,General,Otros,,,
BOTIN A.SHOE DKR KAYES PRO 2410 Nº39,36513959,CHM-36513959,PEND-36513959,34477.36,,,un,un,1.0,0,General,Otros,,,
BOTIN A.SHOE DKR KAYES PRO 2410 Nº41,36513961,CHM-36513961,PEND-36513961,34477.36,,,un,un,1.0,0,General,Otros,,,
BOTIN A.SHOE PANZER 7200 N 39,36521939,CHM-36521939,PEND-36521939,21488.612,,,un,un,1.0,0,General,Otros,,,
BOTIN A.SHOE PANZER 7200 N 40,36521940,CHM-36521940,PEND-36521940,21488.612,,,un,un,1.0,0,General,Otros,,,
BOTIN A.SHOE PANZER 7200 N 41,36521941,CHM-36521941,PEND-36521941,21488.612,,,un,un,1.0,0,General,Otros,,,
BOTÍN A. SHOE SUMMIT HUNTER 8300 N°36,36522336,CHM-36522336,PEND-36522336,36449.216,,,par,par,1.0,0,General,Otros,,,
"AGUJA SACO 4"" (DISPLAY 25 UNIDADES)",380101,CHM-380101,PEND-380101,45128.796,,,display,display,1.0,0,General,Otros,,,
"SEPARADOR CERAMICA TILE CRAFT 4,0 MM - BOLSA 100 PZAS. # 380804 (OF)",380804,CHM-380804,PEND-380804,2136.512,,,unidad,unidad,1.0,0,General,Otros,,,
BARRA PARA HORMIGON RES A-630 8 X 6000,380A63000800006,CHM-380A63000800006,PEND-380A63000800006,813.24,,,KILO,KILO,1.0,0,Construccion,Materiales,,,
BARRA PARA HORMIGON RES A-630 10 X 6000,380A63001000006,CHM-380A63001000006,PEND-380A63001000006,848.38,,,KILO,KILO,1.0,0,Construccion,Materiales,,,
PASTA MURO SUPER F-6 KL,38111010,CHM-38111010,PEND-38111010,551.196,,,kilo,kilo,1.0,0,General,Otros,,,
BROCHA DE 3/4 DON TEO(MANGO CAFE),38162,CHM-38162,PEND-38162,325.296,,,unidad,unidad,1.0,0,Pinturas,Aplicacion,,,
"BROCHA DON TEO HOGAR 1""",38163,CHM-38163,PEND-38163,368.97,,,unidad,unidad,1.0,0,Pinturas,Aplicacion,,,
BROCHA DON TEO HOGAR 11/2,38164,CHM-38164,PEND-38164,789.58576,,,unidad,unidad,1.0,0,Pinturas,Aplicacion,,,
"BROCHA DE 2"" DON TEO",38165,CHM-38165,PEND-38165,952.796,,,unidad,unidad,1.0,0,Pinturas,Aplicacion,,,
BROCHA DON TEO HOGAR 21/2,38166,CHM-38166,PEND-38166,1492.47612,,,unidad,unidad,1.0,0,Pinturas,Aplicacion,,,
BROCHA DON TEO HOGAR 3,38167,CHM-38167,PEND-38167,1688.48704,,,unidad,unidad,1.0,0,Pinturas,Aplicacion,,,
BROCHA DON TEO HOGAR 4,38168,CHM-38168,PEND-38168,2333.08516,,,unidad,unidad,1.0,0,Pinturas,Aplicacion,,,
BARRA PARA HORMIGÓN LISO A-440 6 X 6000,381A44000600006,CHM-381A44000600006,PEND-381A44000600006,1149.078,,,KILO,KILO,1.0,0,General,Otros,,,
SERRUCHO PODA M/METAL 5 UNP,384-5T,CHM-384-5T,PEND-384-5T,36160.064,,,unidad,unidad,1.0,0,General,Otros,,,
"BROCHA DON TEO  HOGAR 1 1/2""",38964,CHM-38964,PEND-38964,462.844,,,unidad,unidad,1.0,0,Pinturas,Aplicacion,,,
"BROCHA DON TEO  HOGAR 2""",38965,CHM-38965,PEND-38965,558.726,,,unidad,unidad,1.0,0,Pinturas,Aplicacion,,,
"BROCHA DON TEO  HOGAR 2 1/2""",38966,CHM-38966,PEND-38966,953.8,,,unidad,unidad,1.0,0,Pinturas,Aplicacion,,,
"BROCHA DON TEO  HOGAR 3""",38967,CHM-38967,PEND-38967,1079.3,,,unidad,unidad,1.0,0,Pinturas,Aplicacion,,,
"BROCHA DON TEO  HOGAR 4""",38968,CHM-38968,PEND-38968,1429.696,,,unidad,unidad,1.0,0,Pinturas,Aplicacion,,,
WD-40 BIKE LUBRICANTE CADENA AEROSOL  (6 UND),39023,CHM-39023,PEND-39023,9296.3372,,,unidad,unidad,1.0,0,General,Otros,,,
"HOJA SIERRA SANDFLEX 12""X24DPP",3906-300-24-100,CHM-3906-300-24-100,PEND-3906-300-24-100,552.2,,,UNIDAD,UNIDAD,1.0,0,Herramientas,Discos y Corte,,,
PASTA MURO F-15 GALON,39111001,CHM-39111001,PEND-39111001,2876.46,,,GALON,GALON,1.0,0,General,Otros,,,
PASTA MURO F-15 TINETA 25 KG,39111004,CHM-39111004,PEND-39111004,9387.4,,,tineta,tineta,1.0,0,General,Otros,,,
"PASTA MURO F-15 BP2, TAJAMAR",39111020,CHM-39111020,PEND-39111020,8467.97696,,,BALDE PLASTICO,BALDE PLASTICO,1.0,0,General,Otros,,,
RODILLO CONDOR CORTAGOTAS POLIAMIDA 18 CM,39308,CHM-39308,PEND-39308,2348.3058,,,UNIDAD,UNIDAD,1.0,0,Pinturas,Aplicacion,,,
RODILLO EXCELSIOR DE POLIESTER 18 CM,39311,CHM-39311,PEND-39311,1355.9622399999998,,,UNIDAD,UNIDAD,1.0,0,Pinturas,Aplicacion,,,
"PULVERIZADOR 1,5L W-MAX",39641001506011,CHM-39641001506011,PEND-39641001506011,5847.296,,,und,und,1.0,0,General,Otros,,,
PULVERIZADOR 5L W-MAX,39641005006011,CHM-39641005006011,PEND-39641005006011,18780.824,,,und,und,1.0,0,General,Otros,,,
BOCINA 12V 2X60W 335/435HZ UNIVRESAL 92,397130,CHM-397130,PEND-397130,10677.54,,,unidad,unidad,1.0,0,General,Otros,,,
BATERIA BOSCH AGM MOTO 12V 10 AH PI,39BTX12-BS,CHM-39BTX12-BS,PEND-39BTX12-BS,41332.74228,,,unidad,unidad,1.0,0,General,Otros,,,
BATERIA BOSCH AGM MOTO 12V 12 AH PI,39BTX14-BS,CHM-39BTX14-BS,PEND-39BTX14-BS,55675.59512,,,unidad,unidad,1.0,0,General,Otros,,,
BATERIA BOSCH AGM MOTO 12V 6 AH PD,39BTX7L-BS,CHM-39BTX7L-BS,PEND-39BTX7L-BS,21927.70136,,,unidad,unidad,1.0,0,General,Otros,,,
BATERIA ROCKET 90AH PD 105D31R / NX120-7 / 95D31R,39NX120-7RK,CHM-39NX120-7RK,PEND-39NX120-7RK,97860.47236,,,unidad,unidad,1.0,0,General,Otros,,,
"LIMA MILL BASTARD 10"" C/MANGO",4-138-10-1-2,CHM-4-138-10-1-2,PEND-4-138-10-1-2,13036.94,,,unidad,unidad,1.0,0,General,Otros,,,
"LIMA ACHAFLANADA 6"" C/MANGO",4-272-06-3-2,CHM-4-272-06-3-2,PEND-4-272-06-3-2,10089.196,,,UNIDAD,UNIDAD,1.0,0,General,Otros,,,
"ACA 3/4 ZA 0,35X851X2000 AZ150 (U:762 MM)",400013,CHM-400013,PEND-400013,5474.3602,,,PL,PL,1.0,0,General,Otros,,,
ROLLO LIBRE 50MM R100/122 1.2X12,4000154,CHM-4000154,PEND-4000154,22165.308,,,rollo,rollo,1.0,0,General,Otros,,,
"CAÑERIA PEBD 1/2""",40004,CHM-40004,PEND-40004,168.672,,,metro,metro,1.0,0,General,Otros,,,
"ACA 3/4 PP 0,35X851X2000 NEGRO RAL 9017 (U:762 MM)",400056,CHM-400056,PEND-400056,7946.66,,,pl,pl,1.0,0,General,Otros,,,
"ACA 3/4 PP 0,35X851X2500 NEGRO RAL 9017 (U:762 MM)",400057,CHM-400057,PEND-400057,9939.6,,,pl,pl,1.0,0,General,Otros,,,
"ACA 3/4 PP 0,35X851X3000 NEGRO RAL 9017 (U:762 MM)",400058,CHM-400058,PEND-400058,13067.06,,,pl,pl,1.0,0,General,Otros,,,
"ACA 3/4 PP 0,35X851X3660 NEGRO RAL 9017 (U:762 MM)",400059,CHM-400059,PEND-400059,14542.94,,,pl,pl,1.0,0,General,Otros,,,
"CAÑERIA PEBD 1""",40006,CHM-40006,PEND-40006,570.272,,,metro,metro,1.0,0,General,Otros,,,
"CAÑERIA PEBD 3/4""",40008,CHM-40008,PEND-40008,376.5,,,metro,metro,1.0,0,General,Otros,,,
"ACA 3/4 ZA 0,30X851X2000 AZ80 ECONOMICA (U:762 MM)",400098,CHM-400098,PEND-400098,5567.18,,,pl,pl,1.0,0,General,Otros,,,
"ACA 3/4 ZA 0,30X851X3000 AZ80 ECONOMICA (U:762 MM)",400100,CHM-400100,PEND-400100,10050.04,,,pl,pl,1.0,0,General,Otros,,,
ECHONA / HOZ DENTADA DE 18 (1008 - 1) - PAJARITA,4001005,CHM-4001005,PEND-4001005,3279.064,,,un,un,1.0,0,General,Otros,,,
"ACA 3/4 ZA 0,30X851X3660 AZ80 ECONOMICA (U:762 MM)",400101,CHM-400101,PEND-400101,10562.08,,,pl,pl,1.0,0,General,Otros,,,
ECHONA / HOZ DENTADA DE 20 (1008 - 2) - PAJARITA,4001010,CHM-4001010,PEND-4001010,3370.428,,,un,un,1.0,0,General,Otros,,,
DESMOLDANTE MADERA,4001020,CHM-4001020,PEND-4001020,17142.296,,,TINETA,TINETA,1.0,0,General,Otros,,,
"ACA 3/4 ZA 0,35X851X2000 AZ80 ECONOMICA (U:762 MM)",400105,CHM-400105,PEND-400105,7193.66,,,pl,pl,1.0,0,General,Otros,,,
"ACA 3/4 ZA 0,35X851X2500 AZ80 ECONOMICA (U:762 MM)",400106,CHM-400106,PEND-400106,8990.82,,,pl,pl,1.0,0,General,Otros,,,
"ACA 3/4 ZA 0,35X851X3000 AZ80 ECONOMICA (U:762 MM)",400107,CHM-400107,PEND-400107,9663.5,,,pl,pl,1.0,0,General,Otros,,,
"ACA 3/4 ZA 0,35X851X3660 AZ80 ECONOMICA (U:762 MM)",400108,CHM-400108,PEND-400108,10572.12,,,pl,pl,1.0,0,General,Otros,,,
"TIJERA VENDIMIA RECTA ""LA PAJARITA (1027) - PAJARITA",4001100,CHM-4001100,PEND-4001100,4149.532,,,un,un,1.0,0,General,Otros,,,
TERCIADO RANURADO COLONIAL 9MM,40012209,CHM-40012209,PEND-40012209,13586.128,,,unidad,unidad,1.0,0,General,Otros,,,
"MANGUERA 1/2"" BICOLOR STANDARD NEGRA/VERDE",40027,CHM-40027,PEND-40027,494.972,,,metro,metro,1.0,0,General,Otros,,,
"MANGUERA 1/2"" BICOLOR STANDARD BLANCA/VERDE",40044,CHM-40044,PEND-40044,545.172,,,metro,metro,1.0,0,General,Otros,,,
"MANGUERA 1/2"" NIVEL (TRANSPARENTE)",40045,CHM-40045,PEND-40045,275.096,,,metro,metro,1.0,0,General,Otros,,,
TUBO PVC CONDUIT 20 MM CLASE IV (3 MTS) C/CEMENTAR,40056,CHM-40056,PEND-40056,1339.336,,,unidad,unidad,1.0,0,Gasfiteria,Tuberias y Conexiones,,,
DISCO RESPALDO VELCRO 41/2 M14.,400588,CHM-400588,PEND-400588,3726.848,,,unidad,unidad,1.0,0,Herramientas,Discos y Corte,,,
CORREDERA TL 350MM STD 35MM ZINCADA,4010031212,CHM-4010031212,PEND-4010031212,2409.4795200000003,,,par,par,1.0,0,Aceros y Techumbre,Planchas,,,
CORREDERA TL 400MM STD 35MM ZINCADA,4010031213,CHM-4010031213,PEND-4010031213,2746.33156,,,par,par,1.0,0,Aceros y Techumbre,Planchas,,,
CORREDERA TL 450MM STD 35MM ZINCADA,4010031214,CHM-4010031214,PEND-4010031214,3092.38024,,,par,par,1.0,0,Aceros y Techumbre,Planchas,,,
CORREDERA TL 500MM STD 35MM ZINCADA,4010031215,CHM-4010031215,PEND-4010031215,3434.75428,,,par,par,1.0,0,Aceros y Techumbre,Planchas,,,
RUEDA CON BASE 50MM,4010045400,CHM-4010045400,PEND-4010045400,5102.428400000001,,,un,un,1.0,0,General,Otros,,,
RUEDA CON BASE 60MM,4010045401,CHM-4010045401,PEND-4010045401,6317.29852,,,un,un,1.0,0,General,Otros,,,
RUEDA CON BASE 70MM,4010045402,CHM-4010045402,PEND-4010045402,8261.07264,,,un,un,1.0,0,General,Otros,,,
TIRADOR CANELO 96MM ACERO INOX,4010082100,CHM-4010082100,PEND-4010082100,2113.39992,,,un,un,1.0,0,Aceros y Techumbre,Planchas,,,
TIRADOR CANELO 128MM ACERO INOX,4010082101,CHM-4010082101,PEND-4010082101,2266.06816,,,UN,UN,1.0,0,Aceros y Techumbre,Planchas,,,
TIRADOR CANELO 160MM ACERO INOX,4010082102,CHM-4010082102,PEND-4010082102,2418.7364,,,un,un,1.0,0,Aceros y Techumbre,Planchas,,,
TIRADOR MAÑIO 96MM ACERO INOX,4010082110,CHM-4010082110,PEND-4010082110,2963.54696,,,un,un,1.0,0,Aceros y Techumbre,Planchas,,,
TIRADOR MAÑIO 128MM ACERO INOX,4010082111,CHM-4010082111,PEND-4010082111,3176.09376,,,un,un,1.0,0,Aceros y Techumbre,Planchas,,,
TIRADOR MAÑIO 160MM ACERO INOX,4010082112,CHM-4010082112,PEND-4010082112,3598.17536,,,un,un,1.0,0,Aceros y Techumbre,Planchas,,,
POMEL 5/8X86MM,40100932510,CHM-40100932510,PEND-40100932510,1069.28008,,,par,par,1.0,0,General,Otros,,,
POMEL 3/4X95MM,40100932515,CHM-40100932515,PEND-40100932515,1748.6668,,,par,par,1.0,0,General,Otros,,,
POMEL 1X120MM,40100932520,CHM-40100932520,PEND-40100932520,3599.41028,,,par,par,1.0,0,General,Otros,,,
ROLLO MANGUERA REFORZADA 3/4' 50MTS VERDE RETAIL,4010100014550,CHM-4010100014550,PEND-4010100014550,27770.64,,,rollo,rollo,1.0,0,General,Otros,,,
MANGUERA NIVEL ECONOMIC.ROLLO 100MT TRANSPARENTE,4010130002060,CHM-4010130002060,PEND-4010130002060,26204.4,,,unidad,unidad,1.0,0,General,Otros,,,
HELIJARDIN FLEX 3/4 50MTS VERDE,4011100006550,CHM-4011100006550,PEND-4011100006550,33052.684,,,unidad,unidad,1.0,0,General,Otros,,,
HIGH POWER T LED 60W 6000K E40 CON ADAPTADOR E27 LUZ FRIA,4020001,CHM-4020001,PEND-4020001,10542.0,,,unidad,unidad,1.0,0,General,Otros,,,
RX3/INT. DIF. 2P 25A AC 30MA,402024,CHM-402024,PEND-402024,10585.3728,,,unidad,unidad,1.0,0,General,Otros,,,
HUINCHA FIBRA DE VIDRIO 5 CMS X 20 M.,4054599,CHM-4054599,PEND-4054599,1295.16,,,unidad,unidad,1.0,0,General,Otros,,,
HUINCHA FIBRA DE VIDRIO 5 CMS X 45 M.,4054600,CHM-4054600,PEND-4054600,2320.244,,,unidad,unidad,1.0,0,General,Otros,,,
TUBO PVC CONDUIT 25 MM CLASE III (3 MTS) C/CEMENTAR,40798,CHM-40798,PEND-40798,792.156,,,unidad,unidad,1.0,0,Gasfiteria,Tuberias y Conexiones,,,
"RUEDA NEGRA C/BASE 1 1/2""",4091506500020,CHM-4091506500020,PEND-4091506500020,402.604,,,unidad,unidad,1.0,0,General,Otros,,,
"RUEDA NEGRA C/BASE 2""",4091506500022,CHM-4091506500022,PEND-4091506500022,626.496,,,unidad,unidad,1.0,0,General,Otros,,,
CHAQUETA SOLDADOR DESCARNE T/L,41010100,CHM-41010100,PEND-41010100,13845.16,,,UN,UN,1.0,0,General,Otros,,,
CHAQUETA SOLDADOR DESCARNE T/XL,41010101,CHM-41010101,PEND-41010101,13845.16,,,un,un,1.0,0,General,Otros,,,
PANTALON SOLDADOR DESCARNE T/L,41020100,CHM-41020100,PEND-41020100,13845.16,,,un,un,1.0,0,General,Otros,,,
PANTALON SOLDADOR DESCARNE T/XL,41020101,CHM-41020101,PEND-41020101,13845.16,,,UNIDAD,UNIDAD,1.0,0,General,Otros,,,
COLETO SOLDADOR DESCARNE0.60 X 0.90,41030100,CHM-41030100,PEND-41030100,5009.96,,,un,un,1.0,0,General,Otros,,,
PARRILLA RODEO,410900375,CHM-410900375,PEND-410900375,29944.51084,,,UNIDAD,UNIDAD,1.0,0,General,Otros,,,
SET ACCESORIOS PARRILLEROS GRILLTECH,410901652,CHM-410901652,PEND-410901652,23081.96,,,unidad,unidad,1.0,0,General,Otros,,,
"MANGUERA 1/2"" BICOLOR STANDARD BLANCA/AZUL",41210,CHM-41210,PEND-41210,215.59896,,,metro,metro,1.0,0,General,Otros,,,
"MANGUERA 3/4"" BICOLOR STANDARD BLANCA/VERDE",41214,CHM-41214,PEND-41214,1402.588,,,metro,metro,1.0,0,General,Otros,,,
"ACCESORIO PARA UNIR SIFON CON LAVAPLATOS DE 2 TAZAS 1,1/2""",41218,CHM-41218,PEND-41218,3742.912,,,unidad,unidad,1.0,0,Gasfiteria,Tuberias y Conexiones,,,
"MANGUERA 1"" BICOLOR STANDARD BLANCA/VERDE",41219,CHM-41219,PEND-41219,1950.772,,,metro,metro,1.0,0,General,Otros,,,
TUBO SANITARIO GRIS 40 MM CLASE 4 (6MTS),41223,CHM-41223,PEND-41223,5603.324,,,unidad,unidad,1.0,0,Gasfiteria,Tuberias y Conexiones,,,
TUBO SANITARIO GRIS 75 MM CLASE 4 (6MTS),41224,CHM-41224,PEND-41224,10783.964,,,unidad,unidad,1.0,0,Gasfiteria,Tuberias y Conexiones,,,
TUBO SANITARIO GRIS 50 MM CLASE 4 (6MTS),41225,CHM-41225,PEND-41225,3857.368,,,unidad,unidad,1.0,0,Gasfiteria,Tuberias y Conexiones,,,
TUBO SANITARIO GRIS 110 MM CLASE 4 (6MTS),41238,CHM-41238,PEND-41238,17346.108,,,unidad,unidad,1.0,0,Gasfiteria,Tuberias y Conexiones,,,
TUBO PVC CONDUIT 75 MM CLASEII (6 MTS) C/GOMA,41331,CHM-41331,PEND-41331,21481.584,,,unidad,unidad,1.0,0,Gasfiteria,Tuberias y Conexiones,,,
TUBO PVC CONDUIT 110 MM CLASEII (6 MTS) C/GOMA,41333,CHM-41333,PEND-41333,45247.268,,,unidad,unidad,1.0,0,Gasfiteria,Tuberias y Conexiones,,,
TUBO PVC CONDUIT 16 MM CLASE IV (3 MTS) C/CEMENTAR,41365,CHM-41365,PEND-41365,779.104,,,unidad,unidad,1.0,0,Gasfiteria,Tuberias y Conexiones,,,
ACRIZINC ROJO COLONIAL (SIPA),41593201,CHM-41593201,PEND-41593201,14656.392,,,galon,galon,1.0,0,Aceros y Techumbre,Planchas,,,
SN 2 TUBERIA COLECTOR PVC-U 200 MM. X 6 MTS.,41600,CHM-41600,PEND-41600,59938.8,,,unidad,unidad,1.0,0,Gasfiteria,Tuberias y Conexiones,,,
ESM SINTETICO BLANCO GALON,41600001,CHM-41600001,PEND-41600001,16726.64,,,galon,galon,1.0,0,General,Otros,,,
ESM SINTETICO BLANCO TARRO 1/4 GL. (SIPA),41600004,CHM-41600004,PEND-41600004,6174.6,,,litro,litro,1.0,0,General,Otros,,,
ESM SINTETICO NEGRO TARRO 1/4 GL. (SIPA),41601304,CHM-41601304,PEND-41601304,6174.6,,,litro,litro,1.0,0,General,Otros,,,
WATER PROOF ACR. PRINCESA GALON (SIPA),41738301,CHM-41738301,PEND-41738301,15672.44,,,galon,galon,1.0,0,General,Otros,,,
WATER PROOF ACR. HABANO GALON (SIPA),41738401,CHM-41738401,PEND-41738401,15672.44,,,galon,galon,1.0,0,General,Otros,,,
WATER PROOF ACR. LADRILLO GALON (SIPA),41738501,CHM-41738501,PEND-41738501,15672.44,,,galon,galon,1.0,0,Construccion,Materiales,,,
WATER PROOF ACR. ALERCE GALON (SIPA),41738601,CHM-41738601,PEND-41738601,15672.44,,,galon,galon,1.0,0,General,Otros,,,
WATER PROOF ACR. INCOLORO GALON (SIPA),41738801,CHM-41738801,PEND-41738801,15672.44,,,galon,galon,1.0,0,General,Otros,,,
VITRIFICANTE PARA PISOS (SIPA),41773104,CHM-41773104,PEND-41773104,7813.128,,,litro,litro,1.0,0,General,Otros,,,
RX3/DISYUNTOR 1P C10 6000A,419838,CHM-419838,PEND-419838,2022.8592,,,unidad,unidad,1.0,0,General,Otros,,,
RX3/DISYUNTOR 1P C16 6000A,419840,CHM-419840,PEND-419840,2305.5052800000003,,,unidad,unidad,1.0,0,General,Otros,,,
RX3/DISYUNTOR 1P C20 6000A,419841,CHM-419841,PEND-419841,2022.8592,,,Unidad,Unidad,1.0,0,General,Otros,,,
RX3/DISYUNTOR 1P C25 6000A,419842,CHM-419842,PEND-419842,2305.5052800000003,,,unidad,unidad,1.0,0,General,Otros,,,
"PLANCHA TEJA CONTINUA PP NEGRA, LARGO 3.66 METROS",42000037,CHM-42000037,PEND-42000037,21275.764,,,UNIDAD,UNIDAD,1.0,0,Aceros y Techumbre,Planchas,,,
"TOLEDANA ZA 0,30 X 3000 AZ80",42001187,CHM-42001187,PEND-42001187,10391.4,,,unidad,unidad,1.0,0,General,Otros,,,
"TOLEDANA ZA 0,30 X 3660 AZ80",42001188,CHM-42001188,PEND-42001188,12677.508,,,unidad,unidad,1.0,0,General,Otros,,,
"TOLEDANA 0,35 MM ZA 2000 AZ80",42001189,CHM-42001189,PEND-42001189,7590.24,,,unidad,unidad,1.0,0,General,Otros,,,
"TOLEDANA 0,35 MM ZA 3000 AZ80",42001244,CHM-42001244,PEND-42001244,11385.36,,,unidad,unidad,1.0,0,General,Otros,,,
"TOLEDANA 0,35 MM ZA 3660 AZ80",42001245,CHM-42001245,PEND-42001245,13890.1392,,,unidad,unidad,1.0,0,General,Otros,,,
"PL ZINC  5V 0,30 ZA 2000 AZ80",42001250,CHM-42001250,PEND-42001250,6927.6,6700.0,6700.0,PL,PL,1.0,0,Aceros y Techumbre,Planchas,,,
"PL ZINC  5V 0,30 ZA 2500 AZ80",42001251,CHM-42001251,PEND-42001251,8659.5,8500.0,8500.0,PL,PL,1.0,0,Aceros y Techumbre,Planchas,,,
"PLANCHA ACANALADA 5V 0,30 ZA 3000 AZ80",42001252,CHM-42001252,PEND-42001252,10391.4,,,unidad,unidad,1.0,0,Aceros y Techumbre,Planchas,,,
"PL  ZINC  5V 0,35 ZA 2000 AZ80",42001254,CHM-42001254,PEND-42001254,7590.24,7600.0,7600.0,PL,PL,1.0,0,Aceros y Techumbre,Planchas,,,
"PL ZINC 5V  0,35 ZA 2500 AZ80",42001256,CHM-42001256,PEND-42001256,9487.8,8980.0,8980.0,PL,PL,1.0,0,Aceros y Techumbre,Planchas,,,
"PL  ZINC 5V 0,35 ZA 3000 AZ80",42001257,CHM-42001257,PEND-42001257,11385.36,10980.0,10980.0,unidad,unidad,1.0,0,Aceros y Techumbre,Planchas,,,
SECADOR PARA CALEFACTOR,420406000,CHM-420406000,PEND-420406000,13180.512,,,unidad,unidad,1.0,0,Construccion,Materiales,,,
TENDEDERO SUPER,420407000,CHM-420407000,PEND-420407000,12761.844,,,UNIDAD,UNIDAD,1.0,0,General,Otros,,,
TERMO ELÉCTRICO DIGITAL EWH-50 VED,42080320,CHM-42080320,PEND-42080320,187478.29548,,,unidad,unidad,1.0,0,General,Otros,,,
TERMO ELÉCTRICO DIGITAL EWH-100 VED,42080340,CHM-42080340,PEND-42080340,234348.75036,,,unidad,unidad,1.0,0,General,Otros,,,
TRAJE ANTIACIDO ALASKA VERDE PU PESC.T/S,42150157,CHM-42150157,PEND-42150157,14748.76,,,unidad,unidad,1.0,0,General,Otros,,,
TRAJE ANTIACIDO ALASKA VERDE PU PESC.T/M,42150158,CHM-42150158,PEND-42150158,14748.76,,,unidad,unidad,1.0,0,General,Otros,,,
TRAJE ANTIACIDO ALASKA VERDE PU PESC.T/L,42150159,CHM-42150159,PEND-42150159,14748.76,,,unidad,unidad,1.0,0,General,Otros,,,
TRAJE ANTIACIDO ALASKA VERDE PU PESC.T/XL,42150160,CHM-42150160,PEND-42150160,14748.76,,,unidad,unidad,1.0,0,General,Otros,,,
TRAJE ANTIACIDO ALASKA VERDE PU PESC.T/XXL,42150161,CHM-42150161,PEND-42150161,14748.76,,,unidad,unidad,1.0,0,General,Otros,,,
"SERRUCHO PROF M/MADERA 16"" 9 DTS NICHOLSON-80016N",42155,CHM-42155,PEND-42155,8835.2,,,un,un,1.0,0,General,Otros,,,
TALADRO PERCUTOR 13MM 550W MOD.TE-ID 500 E CON MALETA,4259610,CHM-4259610,PEND-4259610,18072.0,,,UNIDAD,UNIDAD,1.0,0,Herramientas,Discos y Corte,,,
PINTURA PISCINA SIPA BLANCO GL (SIPA),42604501,CHM-42604501,PEND-42604501,22909.272,,,galon,galon,1.0,0,Pinturas,Aplicacion,,,
PINTURA PISCINA SIPA CELESTE GL,42604601,CHM-42604601,PEND-42604601,16603.148,,,galon,galon,1.0,0,Pinturas,Aplicacion,,,
PINTURA PISCINA SIPA CELESTE 4GL (SIPA),42604630,CHM-42604630,PEND-42604630,84813.904,,,tineta 4 galone,tineta 4 galone,1.0,0,Pinturas,Aplicacion,,,
PINTURA PISCINA SIPA AZUL GL (SIPA),42604701,CHM-42604701,PEND-42604701,22909.272,,,galon,galon,1.0,0,Pinturas,Aplicacion,,,
PINTURA PISCINA SIPA AZUL 4GL,42604730,CHM-42604730,PEND-42604730,84813.904,,,4 galones,4 galones,1.0,0,Pinturas,Aplicacion,,,
LAPIZ CARPINTERO UNIDAD NICHOLSON NLC072C,42967,CHM-42967,PEND-42967,450.41448,,,un,un,1.0,0,General,Otros,,,
"MASTIL BANDERA 3,0",43-C,CHM-43-C,PEND-43-C,6526.0,,,bulto,bulto,1.0,0,General,Otros,,,
"ANGULO 20X20X2.00 MM (3,48 KG.)",43000000,CHM-43000000,PEND-43000000,5205.940799999999,,,unidad,unidad,1.0,0,General,Otros,,,
"ANGULO 25X25X2.00 MM (4,38 KG.)",43000002,CHM-43000002,PEND-43000002,6552.3048,,,unidad,unidad,1.0,0,General,Otros,,,
"PERFIL ANGULO 30X30X3,00 MM 6000",43000005,CHM-43000005,PEND-43000005,8387.416,,,unidad,unidad,1.0,0,Aceros y Techumbre,Planchas,,,
ANGULO LAMINADO 30X30X3 MM X 6 MT,43000486,CHM-43000486,PEND-43000486,11387.7696,,,unidad,unidad,1.0,0,General,Otros,,,
LAVAPLATO INOX. BRILL. 800X500 SEC. IZQ. PERF. MONOM. + DESAGUE,430700570,CHM-430700570,PEND-430700570,26872.06,,,pack,pack,1.0,0,General,Otros,,,
LAVAPLATO INOX. BRILL. 800 X 500 SEC. DER. PERF. COMB. + DESAGUE,430700580,CHM-430700580,PEND-430700580,26872.06,,,pack,pack,1.0,0,General,Otros,,,
RECEPTACULO DE DUCHA 700 X 700 X 130 BLANCA,430701020,CHM-430701020,PEND-430701020,40114.82,,,unidad,unidad,1.0,0,General,Otros,,,
RECEPTACULO DE DUCHA 800 X 800 X 130 BLANCA,430701024,CHM-430701024,PEND-430701024,43950.1,,,unidad,unidad,1.0,0,General,Otros,,,
TAPAGOTERAS ASFALTICA CJ 24 SACH X 250GR,4316N25,CHM-4316N25,PEND-4316N25,33473.36,,,sachet 250 gr.,sachet 250 gr.,1.0,0,General,Otros,,,
OVEROL CANVAS AZUL C/CINTA T/L,43991832,CHM-43991832,PEND-43991832,6003.92,,,un,un,1.0,0,General,Otros,,,
OVEROL CANVAS AZUL C/CINTA T/XL,43991833,CHM-43991833,PEND-43991833,6003.92,,,un,un,1.0,0,General,Otros,,,
OVEROL CANVAS NARANJO C/CINTA T/M,43991846,CHM-43991846,PEND-43991846,6003.92,,,un,un,1.0,0,General,Otros,,,
OVEROL POPLIN AZUL T.M C/CINTA REFLECTANTE,43993146,CHM-43993146,PEND-43993146,4608.36,,,un,un,1.0,0,General,Otros,,,
OVEROL POPLIN AZUL T.L C/CINTA REFLECTANTE,43993150,CHM-43993150,PEND-43993150,5009.96,,,unidad,unidad,1.0,0,General,Otros,,,
OVEROL POPLIN AZUL T.XL C/CINTA REFLECTANTE,43993154,CHM-43993154,PEND-43993154,5009.96,,,unidad,unidad,1.0,0,General,Otros,,,
OVEROL POPLIN AZUL T.XXL C/CINTA REFLECTANTE,43993158,CHM-43993158,PEND-43993158,5009.96,,,unidad,unidad,1.0,0,General,Otros,,,
ESCALERA RECTA SIMPLE ALUM. 3.05 M.,440-10,CHM-440-10,PEND-440-10,69577.2,,,unidad,unidad,1.0,0,Construccion,Materiales,,,
EMBUDO GRANDE 14.5 CM DIAMETRO 17 CM ALTO (2521),44077,CHM-44077,PEND-44077,457.824,,,unidad,unidad,1.0,0,General,Otros,,,
PAILA HUEVO 16 CM TEFLÓN SILVER,4410316,CHM-4410316,PEND-4410316,2971.84,,,unidad,unidad,1.0,0,General,Otros,,,
SARTÉN 20 CM TEFLÓN SILVER,4410420,CHM-4410420,PEND-4410420,5291.08,,,unidad,unidad,1.0,0,General,Otros,,,
SARTÉN 24 CM TEFLÓN SILVER,4410424,CHM-4410424,PEND-4410424,6576.2,,,unidad,unidad,1.0,0,General,Otros,,,
SARTÉN 28 CM TEFLÓN SILVER,4410428,CHM-4410428,PEND-4410428,7971.76,,,unidad,unidad,1.0,0,General,Otros,,,
MANGO DUCHA MOTALA CROMO,443-90,CHM-443-90,PEND-443-90,6007.936,,,unidad,unidad,1.0,0,General,Otros,,,
COMBO SOLDADORA INV. DW 160BLACK + ESMERIL,4435110650160,CHM-4435110650160,PEND-4435110650160,56123.6,,,UNIDAD,UNIDAD,1.0,0,Herramientas,Discos y Corte,,,
COLUMNA DUCHA ABISKO,444-90,CHM-444-90,PEND-444-90,43674.0,,,unidad,unidad,1.0,0,General,Otros,,,
SARTÉN 30 CM CERÁM. ROJO REMACHADO,4440430,CHM-4440430,PEND-4440430,6206.728,,,UNIDAD,UNIDAD,1.0,0,General,Otros,,,
TUBO PRESION 40 MM PN 6 X 6 MTS,45000,CHM-45000,PEND-45000,3223.844,,,unidad,unidad,1.0,0,Gasfiteria,Tuberias y Conexiones,,,
TUBO PRESION 50 MM PN 6 X 6 MTS,45001,CHM-45001,PEND-45001,7777.988,,,unidad,unidad,1.0,0,Gasfiteria,Tuberias y Conexiones,,,
TUBO PRESION 75 MM PN 6 X 6 MTS,45003,CHM-45003,PEND-45003,18215.572,,,unidad,unidad,1.0,0,Gasfiteria,Tuberias y Conexiones,,,
TUBO PRESION 90 MM PN 6 X 6 MTS,45004,CHM-45004,PEND-45004,25993.56,,,unidad,unidad,1.0,0,Gasfiteria,Tuberias y Conexiones,,,
TUBO PRESION 110 MM PN 6 X 6 MTS,45005,CHM-45005,PEND-45005,31107.936,,,unidad,unidad,1.0,0,Gasfiteria,Tuberias y Conexiones,,,
TUBO PRESION 125 MM PN 8 X 6 M,45027,CHM-45027,PEND-45027,55714.972,,,unidad,unidad,1.0,0,Gasfiteria,Tuberias y Conexiones,,,
TUBERIA PRESION 32 MM PN 10 (6MTS) C/CEMENTAR,45040,CHM-45040,PEND-45040,4916.588,,,unidad,unidad,1.0,0,General,Otros,,,
CHALECO GEOLOGO POPLIN C/CINTA AZUL L,450400300136,CHM-450400300136,PEND-450400300136,4036.08,,,unidad,unidad,1.0,0,General,Otros,,,
CHALECO GEOLOGO POPLIN C/CINTA AZUL XL,450400300137,CHM-450400300137,PEND-450400300137,4036.08,,,unidad,unidad,1.0,0,General,Otros,,,
FIELTRO DYNAFLEX CREPADO 15LB 40MT,450404167,CHM-450404167,PEND-450404167,37830.72,,,rollo,rollo,1.0,0,General,Otros,,,
FIELTRO LISO CORRIENTE 10/16 16 MT.,450409166,CHM-450409166,PEND-450409166,4507.96,,,rollo,rollo,1.0,0,General,Otros,,,
FIELTRO LISO CORRIENTE 10/40 40 MT.,450409167,CHM-450409167,PEND-450409167,7971.76,,,rollo,rollo,1.0,0,General,Otros,,,
FIELTRO LISO 15 L.B.S. 40 MT.,450409168,CHM-450409168,PEND-450409168,16887.28,,,rollo,rollo,1.0,0,General,Otros,,,
TUBERIA PRESION 110 MM PN 10 (6MTS) C/GOMA,45046,CHM-45046,PEND-45046,47553.456,,,unidad,unidad,1.0,0,General,Otros,,,
"TUBERIA PRESION 25 MM PN 12,5 (6MTS) C/CEMENTAR",45060,CHM-45060,PEND-45060,1923.664,,,unidad,unidad,1.0,0,General,Otros,,,
TRAJE AGUA OSLO NY200 AZUL T/M,45060032,CHM-45060032,PEND-45060032,6013.96,,,unidad,unidad,1.0,0,General,Otros,,,
TRAJE AGUA OSLO NY200 AZUL T/L,45060033,CHM-45060033,PEND-45060033,6013.96,,,unidad,unidad,1.0,0,General,Otros,,,
TRAJE AGUA OSLO NY200 AZUL T/XL,45060034,CHM-45060034,PEND-45060034,6013.96,,,unidad,unidad,1.0,0,General,Otros,,,
TRAJE AGUA OSLO NY200 AZUL T/XXL,45060035,CHM-45060035,PEND-45060035,6013.96,,,unidad,unidad,1.0,0,General,Otros,,,
TUBERIA PRESION 20 MM PN 16 (6MTS) C/CEMENTAR,45080,CHM-45080,PEND-45080,2866.42,,,unidad,unidad,1.0,0,General,Otros,,,
RAFIA T-1000 (HILO PLASTICO) OVILLOS DE 100 GRS. X KG,453-7024,CHM-453-7024,PEND-453-7024,5169.596,,,kg,kg,1.0,0,General,Otros,,,
RAFIA T-1000 (HILO PLASTICO) OVILLO DE 150 GRS. X KG.,457-7032,CHM-457-7032,PEND-457-7032,4682.656,,,kg,kg,1.0,0,General,Otros,,,
ARNES DE SEGURIDAD,458501,CHM-458501,PEND-458501,16467.5076,,,unidad,unidad,1.0,0,General,Otros,,,
TRAJE AGUA PIERNERA VIKINGO AMARILLO T/M,45991071,CHM-45991071,PEND-45991071,9226.76,,,unidad,unidad,1.0,0,General,Otros,,,
TRAJE AGUA PIERNERA VIKINGO AMARILLO T/L,45991072,CHM-45991072,PEND-45991072,9226.76,,,unidad,unidad,1.0,0,General,Otros,,,
TRAJE AGUA PIERNERA VIKINGO AMARILLO T/XL,45991073,CHM-45991073,PEND-45991073,9226.76,,,unidad,unidad,1.0,0,General,Otros,,,
TRAJE AGUA PIERNERA VIKINGO AMARILLO T/XXL,45991074,CHM-45991074,PEND-45991074,9226.76,,,unidad,unidad,1.0,0,General,Otros,,,
RAFIA T-1000 (HILO PLASTICO) OVILLO DE 250 GRS. X KG,461-7028,CHM-461-7028,PEND-461-7028,4406.556,,,kg,kg,1.0,0,General,Otros,,,
BARNIZ VITRIFICANTE P/U BRILLANTE (SIPA),46274001,CHM-46274001,PEND-46274001,25287.748,,,galon,galon,1.0,0,General,Otros,,,
BARNIZ VITRIFICANTE P/U BRILLANTE (SIPA),46274004,CHM-46274004,PEND-46274004,7464.74,,,1/4 galon,1/4 galon,1.0,0,General,Otros,,,
BARNIZ VITRIFICANTE SEMI BRILLO (SIPA),46274104,CHM-46274104,PEND-46274104,9754.864,,,litro,litro,1.0,0,General,Otros,,,
MANGO EUROSPRAY BLANCO,465-10,CHM-465-10,PEND-465-10,3961.784,,,unidad,unidad,1.0,0,General,Otros,,,
RAFIA T-1000 (HILO PLASTICO) BOBINAS DE 1 KG,465-7000,CHM-465-7000,PEND-465-7000,3887.488,,,kg,kg,1.0,0,General,Otros,,,
MANGO EUROSPRAY CROMO,465-90,CHM-465-90,PEND-465-90,3551.148,,,unidad,unidad,1.0,0,General,Otros,,,
BUZO COVERALL BLANCO T/M,46990112,CHM-46990112,PEND-46990112,1696.76,,,un,un,1.0,0,General,Otros,,,
BUZO COVERALL TECHNICAL BLANCO T/XL,46990114,CHM-46990114,PEND-46990114,1696.76,,,un,un,1.0,0,Construccion,Materiales,,,
BUZO DESECHABLE BLANCO T/L PROMAX,46990232,CHM-46990232,PEND-46990232,1395.56,,,un,un,1.0,0,General,Otros,,,
BUZO DESECHABLE BLANCO T/XL PROMAX,46990233,CHM-46990233,PEND-46990233,1395.56,,,un,un,1.0,0,General,Otros,,,
MANGO DUCHA EKO CROMO,471-90,CHM-471-90,PEND-471-90,2150.568,,,unidad,unidad,1.0,0,General,Otros,,,
MANGO EUROMIX CROMO,473-90,CHM-473-90,PEND-473-90,5170.6,,,unidad,unidad,1.0,0,General,Otros,,,
HILO SISAL OVILLO 100 GRS. X KG.,477-8044,CHM-477-8044,PEND-477-8044,5455.736,,,kg,kg,1.0,0,General,Otros,,,
HILO SISAL OVILLO 250 GRS. X KG.,479-8048,CHM-479-8048,PEND-479-8048,5323.208,,,kg,kg,1.0,0,General,Otros,,,
CABLE COAXIAL RG 59 XMT NEGRO,479905323,CHM-479905323,PEND-479905323,151.42328,,,unidad,unidad,1.0,0,Electricidad,Cables y Accesorios,,,
CABLE COAXIAL RG 59 XMT BLANCO,479905423,CHM-479905423,PEND-479905423,151.42328,,,unidad,unidad,1.0,0,Electricidad,Cables y Accesorios,,,
OVEROL POPLIN AZUL C/CINTA NAC T.M,48000803,CHM-48000803,PEND-48000803,5009.96,,,unidad,unidad,1.0,0,General,Otros,,,
OVEROL POPLIN AZUL C/CINTA NAC T.L,48000804,CHM-48000804,PEND-48000804,5009.96,,,unidad,unidad,1.0,0,General,Otros,,,
OVEROL POPLIN AZUL CON CINTA REFLECTANTE T/ XL,48000805,CHM-48000805,PEND-48000805,5009.96,,,unidad,unidad,1.0,0,General,Otros,,,
OVEROL POPLIN AZUL CON CINTA REFLECTANTE T/ XXL,48000806,CHM-48000806,PEND-48000806,5009.96,,,unidad,unidad,1.0,0,General,Otros,,,
MANGO ATLANTIC CROMO,483-90,CHM-483-90,PEND-483-90,4968.796,,,unidad,unidad,1.0,0,General,Otros,,,
ESCOBILLA ALAMBRE AC. 3 HILERAS C/MANGO (100.031) - LESSMANN,4831520,CHM-4831520,PEND-4831520,1207.812,,,un,un,1.0,0,Electricidad,Cables y Accesorios,,,
"TOR VOLC/METAL P/FINA CINCADO 6 X 1.1/4"" MF",48795,CHM-48795,PEND-48795,16.064,,,un,un,1.0,0,General,Otros,,,
"TUERCA HEX GR.2 NC 1/4"" MF",48992,CHM-48992,PEND-48992,24.6482,,,Unidad,Unidad,1.0,0,Ferreteria,Fijaciones,,,
ESC. DE EXTENSIÓN DE ALUMINIO 24PELD - 150KG,494-24,CHM-494-24,PEND-494-24,148150.24,,,unidad,unidad,1.0,0,General,Otros,,,
"PER COCHE NEGRO UNC 1/4-20 X 2""  MF",49599,CHM-49599,PEND-49599,145.40932,,,unidad,unidad,1.0,0,General,Otros,,,
TUBO LED T8 18W 6000K GLASS 1200MM LUZ DIA MEGABRIGHT,5000220,CHM-5000220,PEND-5000220,1074.28,,,unidad,unidad,1.0,0,Gasfiteria,Tuberias y Conexiones,,,
TUBO LED T8 9W 6000K GLASS 600MM LUZ FRIA,5000231,CHM-5000231,PEND-5000231,1104.4,,,unidad,unidad,1.0,0,Gasfiteria,Tuberias y Conexiones,,,
VOLCANITA ST BR 10 X 1.2 X 2.4,5000313,CHM-5000313,PEND-5000313,2279.08,,,m2,m2,1.0,0,General,Otros,,,
"VOLCANITA ST BR 12,5 X 1,2 X 2,4",5000534,CHM-5000534,PEND-5000534,3099.20744,,,m2,m2,1.0,0,General,Otros,,,
"VOLCANITA RH BR 12,5 X 1,2 X 2,4",5000598,CHM-5000598,PEND-5000598,6139.46,,,m2,m2,1.0,0,General,Otros,,,
"VOLCANITA ST. 15MM X 1,20 X 2,40 MT",5000811,CHM-5000811,PEND-5000811,4220.816,,,m2,m2,1.0,0,General,Otros,,,
REGLETA CONECCION 4MM TRANSPARENTE 2 UND,5000RC0201,CHM-5000RC0201,PEND-5000RC0201,1120.464,,,unidad,unidad,1.0,0,General,Otros,,,
REGLETA CONECCION 6MM TRANSPARENTE 2 UND,5000RC0202,CHM-5000RC0202,PEND-5000RC0202,1120.464,,,unidad,unidad,1.0,0,General,Otros,,,
ADHESIVO PVC HOFFENS 240 CC SEC RAPID LATA C/APLICADOR,50038,CHM-50038,PEND-50038,2684.696,,,unidad,unidad,1.0,0,Gasfiteria,Tuberias y Conexiones,,,
ADHESIVO PVC HOFFENS 240 C.C. LATA HUMEDAD C/APLICADOR,50039,CHM-50039,PEND-50039,2763.008,,,unidad,unidad,1.0,0,Gasfiteria,Tuberias y Conexiones,,,
FILTRO DE AIRE FELPA 61/288,501 8071-05,CHM-501-8071-05,PEND-501-8071-05,13234.728,,,unidad,unidad,1.0,0,General,Otros,,,
"CADENA H30 0.325 X 1.3 ESPADA 15"" 32 DIENTES",501 8406-64,CHM-501-8406-64,PEND-501-8406-64,25646.176,,,unidad,unidad,1.0,0,General,Otros,,,
MONOMANDO LAVATORIO UPSALA,501-90,CHM-501-90,PEND-501-90,29067.808,,,unidad,unidad,1.0,0,General,Otros,,,
PINTURA TRAFICO ACRILICA CONTRASTE AMARILLO SOLVENTE 6 GALONES X CJA.,5013009,CHM-5013009,PEND-5013009,20681.396,,,galon,galon,1.0,0,Pinturas,Aplicacion,,,
PINTURA TRAFICO CONTRASTE BLANCO GL CAJA 4 UNS,5013010,CHM-5013010,PEND-5013010,20681.396,,,galon,galon,1.0,0,Pinturas,Aplicacion,,,
"ESCUADRA CARPINTERO 10""",501610,CHM-501610,PEND-501610,5719.75788,,,unidad,unidad,1.0,0,General,Otros,,,
MONOMANDO TINA DUCHA UPSALA,502-90,CHM-502-90,PEND-502-90,41313.596,,,unidad,unidad,1.0,0,General,Otros,,,
TERMINAL HEMBRA SEGURO COR.MAX 20A,502008,CHM-502008,PEND-502008,63.252,,,unidad,unidad,1.0,0,General,Otros,,,
"BUJE REDUCCION (BUSHING) 3/4"" X 1/2""",50257,CHM-50257,PEND-50257,138.552,,,unidad,unidad,1.0,0,General,Otros,,,
"SALIDA ESTANQUE CEM 50 X 1 1/2""",50263,CHM-50263,PEND-50263,3405.568,,,unidad,unidad,1.0,0,General,Otros,,,
TERCIADO ESTRUCTURAL 15X 2440X1220X65 (CONCEPCIÓN),502676-Concepción,CHM-502676-CONCEPCIÓN,PEND-502676-CONCEPCIÓN,16972.62,,,un,un,1.0,0,General,Otros,,,
"CADENA ROLLO H-35 3/8"" ESPECIAL 1.3MM",503 3069-01,CHM-503-3069-01,PEND-503-3069-01,477731.814,,,unidad,unidad,1.0,0,General,Otros,,,
FILTRO COMBUSTIBLE 61/340/350/365/55/334T/265RX,503 4432-01,CHM-503-4432-01,PEND-503-4432-01,3192.72,,,unidad,unidad,1.0,0,General,Otros,,,
CAJA DISTRIBUCIÓN EMBUTIDA RECTANGULAR,503L,CHM-503L,PEND-503L,349.15104,,,unidad,unidad,1.0,0,General,Otros,,,
CAJA DISTRIBUCIÓN EMBUTIDA/TABIQUE,503T,CHM-503T,PEND-503T,315.89856,,,unidad,unidad,1.0,0,General,Otros,,,
PANEL LED CUADRADO SOBREPUESTO  25W 6000K LUZ FRIA,50400006,CHM-50400006,PEND-50400006,6977.8,,,unidad,unidad,1.0,0,General,Otros,,,
FOCO LED CUADRADO SOBREPUESTO 18W 6000K C/DRIVER MEGABRIGHT,50400011,CHM-50400011,PEND-50400011,4216.8,,,unidad,unidad,1.0,0,General,Otros,,,
PANEL LED REDONDO EMBUTIDO 18W/6000K LUZ FRIA,50400019,CHM-50400019,PEND-50400019,3413.6,,,unidad,unidad,1.0,0,General,Otros,,,
PANEL LED REDONDO SOBREPUESTO  25W/6000K LUZ FRIA,50400025,CHM-50400025,PEND-50400025,6726.8,,,unidad,unidad,1.0,0,General,Otros,,,
PANEL LED REDONDO SOBREPUESTO  12W/6000K LUZ FRIA,50400036,CHM-50400036,PEND-50400036,2961.8,,,unidad,unidad,1.0,0,General,Otros,,,
PANEL LED REDONDO SOBREPUESTO  18W/3000K LUZ CALIDA,50400037,CHM-50400037,PEND-50400037,4166.6,,,unidad,unidad,1.0,0,Construccion,Materiales,,,
FOCO LED REDONDO SOBREPUESTO 18W/5000K C/DRIVER MEGABRIGHT,50400038,CHM-50400038,PEND-50400038,3805.16,,,UNIDAD,UNIDAD,1.0,0,General,Otros,,,
PANEL LED CUADRADO SOBREPUESTO  12W 6000K LUZ FRIA,50400091,CHM-50400091,PEND-50400091,2961.8,,,unidad,unidad,1.0,0,General,Otros,,,
REGLETA LED BATTEN 18W/6000K LUZ FRIA,5040064,CHM-5040064,PEND-5040064,2309.2,,,unidad,unidad,1.0,0,General,Otros,,,
"AMPOLLETA LED A60 CLASICA 9,5W/3000K E-27 LUZ CALIDA",5040088,CHM-5040088,PEND-5040088,702.8,,,unidad,unidad,1.0,0,Construccion,Materiales,,,
CANOA SIMPLE 2X18W 120CMS LARGO CON ALETA,5040208,CHM-5040208,PEND-5040208,2801.16,,,unidad,unidad,1.0,0,General,Otros,,,
SIKABOND MONTAJE CAJA CON 12 CART. 300 ML,504474,CHM-504474,PEND-504474,42208.16,,,caja,caja,1.0,0,General,Otros,,,
"CURVA PVC CONDUIT 16 MM. (1/2"")",50459,CHM-50459,PEND-50459,156.624,,,unidad,unidad,1.0,0,Gasfiteria,Tuberias y Conexiones,,,
CURVA PVC CONDUIT 20 MM,50494,CHM-50494,PEND-50494,165.66,,,unidad,unidad,1.0,0,Gasfiteria,Tuberias y Conexiones,,,
CURVA PVC CONDUIT 25 MM,50495,CHM-50495,PEND-50495,198.792,,,unidad,unidad,1.0,0,Gasfiteria,Tuberias y Conexiones,,,
ABRAZADERA CONDUIT 16 MM,50508,CHM-50508,PEND-50508,70.28,,,unidad,unidad,1.0,0,General,Otros,,,
"TERMO AGUA 1,8 LT. COLOR",5063218,CHM-5063218,PEND-5063218,6445.68,,,unidad,unidad,1.0,0,General,Otros,,,
TAPA GORRO PVC CEM 110 MM,50661,CHM-50661,PEND-50661,5699.708,,,unidad,unidad,1.0,0,Gasfiteria,Tuberias y Conexiones,,,
"CODO SANITARIO GRIS 50 X 87,5°",50745,CHM-50745,PEND-50745,463.848,,,unidad,unidad,1.0,0,Gasfiteria,Tuberias y Conexiones,,,
ESPONJA MULTIUSO - FRAGÜE,508ESMU,CHM-508ESMU,PEND-508ESMU,1051.188,,,unidad,unidad,1.0,0,General,Otros,,,
COMBINACIÓN LAVAPLATO 8 DUKAN,512-90,CHM-512-90,PEND-512-90,13041.96,,,unidad,unidad,1.0,0,General,Otros,,,
RODILLO ANTIGOTA 12 CM,5124AG,CHM-5124AG,PEND-5124AG,2672.70824,,,unidad,unidad,1.0,0,Pinturas,Aplicacion,,,
ABRAZADERA SANITARIA GRIS 40 MM.,51260,CHM-51260,PEND-51260,260.036,,,unidad,unidad,1.0,0,General,Otros,,,
ABRAZADERA SANITARIA GRIS 75 MM.,51262,CHM-51262,PEND-51262,802.196,,,unidad,unidad,1.0,0,General,Otros,,,
"PULVERIZADOR DE ESPALDA TOYAMA 56,5 CC MOTOR 2 TIEMPOS CAPACIDAD 14 LTS",513-001,CHM-513-001,PEND-513-001,322284.0,,,unidad,unidad,1.0,0,General,Otros,,,
CAJA ELECTRICA TABIQUE C/OREJA METAL GRIS 16-20 MM.,51576,CHM-51576,PEND-51576,139.556,,,unidad,unidad,1.0,0,General,Otros,,,
CAJA ELECTRICA TABIQUE C/OREJA METAL NARANJA 16-20 MM.,51577,CHM-51577,PEND-51577,234.936,,,unidad,unidad,1.0,0,General,Otros,,,
CAJA ELECTRICA LOZA C/OREJA METAL GRIS 16-20 MM.,51578,CHM-51578,PEND-51578,238.952,,,unidad,unidad,1.0,0,General,Otros,,,
CAJA ELECTRICA LOZA C/OREJA METAL NARANJA 16-20 MM.,51579,CHM-51579,PEND-51579,259.032,,,unidad,unidad,1.0,0,General,Otros,,,
CAJA ELECTRICA CORRIENTE NARANJA 16-20 MM.,51580,CHM-51580,PEND-51580,186.744,,,unidad,unidad,1.0,0,General,Otros,,,
CAJA CHUQUI BLANCA PVC CANALETA Y TUBO,51581,CHM-51581,PEND-51581,596.376,,,unidad,unidad,1.0,0,Gasfiteria,Tuberias y Conexiones,,,
TAPA CAJA CIEGA PVC BLANCA 116 X T4 MM C/TORNILLOS,51582,CHM-51582,PEND-51582,71.284,,,unidad,unidad,1.0,0,Ferreteria,Fijaciones,,,
CADENA GRANDE BLANCA 1 MTS.,51591,CHM-51591,PEND-51591,1162.632,,,metro,metro,1.0,0,General,Otros,,,
CADENA GRANDE NEGRA 1 MTS.,51593,CHM-51593,PEND-51593,1057.212,,,metro,metro,1.0,0,General,Otros,,,
ABRAZADERA HIDRAULICA 20 MM,51594,CHM-51594,PEND-51594,96.384,,,unidad,unidad,1.0,0,General,Otros,,,
ADHESIVO PVC HOFFENS  20  C.C.  TAPA ROSCA HERMETICA,51638,CHM-51638,PEND-51638,473.888,,,unidad,unidad,1.0,0,Gasfiteria,Tuberias y Conexiones,,,
ADHESIVO PVC HOFFENS  60  C.C.  TAPA ROSCA HERMETICA,51639,CHM-51639,PEND-51639,859.424,,,unidad,unidad,1.0,0,Gasfiteria,Tuberias y Conexiones,,,
ADHESIVO TRADICIONAL  470 CC,51641,CHM-51641,PEND-51641,3822.228,,,unidad,unidad,1.0,0,General,Otros,,,
ADHESIVO GRANDES DIAMETROS  470 CC,51642,CHM-51642,PEND-51642,7385.424,,,unidad,unidad,1.0,0,General,Otros,,,
ADHESIVO PVC LATA SECADO RAPIDO 118 CC HOFFENS C/APLICADOR,51646,CHM-51646,PEND-51646,1493.952,,,caja,caja,1.0,0,Gasfiteria,Tuberias y Conexiones,,,
ADHESIVO PVC LATA SECADO RAPIDO 59 CC HOFFENS C/APLICADOR,51647,CHM-51647,PEND-51647,951.792,,,caja,caja,1.0,0,Gasfiteria,Tuberias y Conexiones,,,
"MANGUERA 1/2"" ENMALLADA EXTRA VERDE LINEA ROJA 100 MTS.",51783,CHM-51783,PEND-51783,601.396,,,unidad,unidad,1.0,0,General,Otros,,,
"MANGUERA 3/4"" ENMALLADA EXTRA VERDE LINEA ROJA 100 MTS.",51784,CHM-51784,PEND-51784,1096.368,,,unidad,unidad,1.0,0,General,Otros,,,
MONOMANDO LAVATORIO UPSALA MATTE BLACK,518-90,CHM-518-90,PEND-518-90,31974.388,,,unidad,unidad,1.0,0,General,Otros,,,
"MANGUERA ESPIRALADA AMARILLA 38MM DIAM 1 1/2"" (ROLLO 50 MT)",51803,CHM-51803,PEND-51803,2201.772,,,metros,metros,1.0,0,General,Otros,,,
"MANGUERA ESPIRALADA AMARILLA 50MM DIAM 2"" (ROLLO 50 MT)",51804,CHM-51804,PEND-51804,2793.128,,,metros,metros,1.0,0,General,Otros,,,
"MANGUERA ESPIRALADA AMARILLA 63MM DIAM 2 1/2"" (ROLLO 25 MT)",51805,CHM-51805,PEND-51805,4515.992,,,metros,metros,1.0,0,General,Otros,,,
"MANGUERA ESPIRALADA AMARILLA 75MM DIAM 3"" (ROLLO 25 MT)",51806,CHM-51806,PEND-51806,6170.584,,,metro,metro,1.0,0,General,Otros,,,
"MANGUERA ESPIRALADA AMARILLA 100MM DIAM 4"" (ROLLO 25 MT)",51807,CHM-51807,PEND-51807,10517.904,,,metros,metros,1.0,0,General,Otros,,,
"RODILLO TERMOFUSION FIBRA 20MM 7"" - 18 CM LIZCAL",5181,CHM-5181,PEND-5181,1251.3354,,,unidad,unidad,1.0,0,Construccion,Materiales,,,
SOPORTE ONDA TRANSPARENTE (BOLSA 25U.),518126001,CHM-518126001,PEND-518126001,1859.408,,,bolsa,bolsa,1.0,0,General,Otros,,,
"RODILLO TERMOFUSION 100% LANA 7"" - 18 CM LIZCAL",5183,CHM-5183,PEND-5183,1605.5466,,,unidad,unidad,1.0,0,Construccion,Materiales,,,
RODILLO ANTIGOTA   18 CM,5184AG,CHM-5184AG,PEND-5184AG,1922.66,,,UNIDAD,UNIDAD,1.0,0,Pinturas,Aplicacion,,,
CANALETA ELÉCTRICA 20 X 10 X 200,51850,CHM-51850,PEND-51850,277.104,,,unidad,unidad,1.0,0,General,Otros,,,
CANALETA ELÉCTRICA ADHESIVO 20 X 10 X 200,51851,CHM-51851,PEND-51851,341.36,,,unidad,unidad,1.0,0,General,Otros,,,
CURVA EXTERNA 20X10 MM,51852,CHM-51852,PEND-51852,97.388,,,unidad,unidad,1.0,0,General,Otros,,,
UNIÓN PLANA 20X10 MM,51853,CHM-51853,PEND-51853,90.36,,,unidad,unidad,1.0,0,General,Otros,,,
TAPA FINAL 20X10 MM,51854,CHM-51854,PEND-51854,97.388,,,unidad,unidad,1.0,0,General,Otros,,,
CURVA 90° 20X10 MM,51855,CHM-51855,PEND-51855,97.388,,,unidad,unidad,1.0,0,General,Otros,,,
CURVA T 20X10 MM,51856,CHM-51856,PEND-51856,92.368,,,unidad,unidad,1.0,0,General,Otros,,,
CURVA INTERNA 20X10 MM,51857,CHM-51857,PEND-51857,97.388,,,unidad,unidad,1.0,0,General,Otros,,,
MSD TERMINACIÓN1X10X3200X96,518639-Concepción,CHM-518639-CONCEPCIÓN,PEND-518639-CONCEPCIÓN,6085.244,,,un,un,1.0,0,General,Otros,,,
MSD TERMINACIÓN1X5X3200X216 (CONCEPCIÓN),518644-Concepción,CHM-518644-CONCEPCIÓN,PEND-518644-CONCEPCIÓN,2693.732,,,un,un,1.0,0,General,Otros,,,
MSD TERMINACIÓN2X6X3200X96,518656-Concepción,CHM-518656-CONCEPCIÓN,PEND-518656-CONCEPCIÓN,6365.36,,,un,un,1.0,0,General,Otros,,,
"ABRAZADERA ALTA PRESIÓN 1 1/2"" (44-47 MM)",51902,CHM-51902,PEND-51902,569.268,,,unidad,unidad,1.0,0,General,Otros,,,
"ABRAZADERA ALTA PRESIÓN 2"" (56-59 MM)",51903,CHM-51903,PEND-51903,608.424,,,unidad,unidad,1.0,0,General,Otros,,,
"ABRAZADERA ALTA PRESIÓN 2 1/2"" (68-73 MM)",51904,CHM-51904,PEND-51904,608.424,,,unidad,unidad,1.0,0,General,Otros,,,
"ABRAZADERA ALTA PRESIÓN 3"" (80-85 MM)",51905,CHM-51905,PEND-51905,878.5,,,unidad,unidad,1.0,0,General,Otros,,,
"ABRAZADERA ALTA PRESIÓN 4"" (108-114 MM)",51906,CHM-51906,PEND-51906,1047.172,,,unidad,unidad,1.0,0,General,Otros,,,
MONOMANDO LAVAPLATO UPSALA MATTE BLACK,521-90,CHM-521-90,PEND-521-90,30967.376,,,unidad,unidad,1.0,0,General,Otros,,,
"RODILLO ANTIGOTA 18MM TERMOFUSIONADO 9"" - 23 CM",5244AG,CHM-5244AG,PEND-5244AG,3785.6824,,,unidad,unidad,1.0,0,Pinturas,Aplicacion,,,
JUNQUILLO  1X1,525943-Concepción,CHM-525943-CONCEPCIÓN,PEND-525943-CONCEPCIÓN,549.188,1550.0,1550.0,un,un,1.0,0,General,Otros,,,
"PER COCHE NEGRO UNC 1/4-20 X 3"" MF",52834,CHM-52834,PEND-52834,186.40264,,,Unidad,Unidad,1.0,0,General,Otros,,,
CEMENTO BLANCO 1 KILO,530-1,CHM-530-1,PEND-530-1,568.264,,,1 kilo,1 kilo,1.0,0,Construccion,Materiales,,,
MONOMANDO LAVATORIO MOON,530-90,CHM-530-90,PEND-530-90,6615.356,,,unidad,unidad,1.0,0,General,Otros,,,
HACHA CASCO CON MANGO 4 LIBRAS,5302238,CHM-5302238,PEND-5302238,34497.44,,,pza,pza,1.0,0,General,Otros,,,
MONOMANDO LAVAPLATOS MOON,531-90,CHM-531-90,PEND-531-90,11032.956,,,unidad,unidad,1.0,0,General,Otros,,,
CARIN PORTARROLLO MATTE BLACK,5316-80,CHM-5316-80,PEND-5316-80,6117.372,,,unidad,unidad,1.0,0,General,Otros,,,
CARIN TOALLERO ANILLA MATTE BLACK,5317-80,CHM-5317-80,PEND-5317-80,5733.844,,,unidad,unidad,1.0,0,General,Otros,,,
MONOMANDO TINA DUCHA MOON,532-90,CHM-532-90,PEND-532-90,15008.796,,,unidad,unidad,1.0,0,General,Otros,,,
MONOMANDO DUCHA MOON,533-90,CHM-533-90,PEND-533-90,13904.396,,,unidad,unidad,1.0,0,General,Otros,,,
TERMINAL OJO BATERIA 16MM (BOLSA 25 UNIDS),533561,CHM-533561,PEND-533561,875.488,,,unidad,unidad,1.0,0,General,Otros,,,
TERMINAL OJO BATERIA 36MM (BOLSA 25 UNIDS),533585,CHM-533585,PEND-533585,1763.024,,,unidad,unidad,1.0,0,General,Otros,,,
TERMINAL BATERIA VEHICULO MEDIANO (BOLSA 25 UNIDS),533622,CHM-533622,PEND-533622,1922.66,,,unidad,unidad,1.0,0,General,Otros,,,
TERMINAL BATERIA VEHICULO PESADO (BOLSA 25 UNIDS),533646,CHM-533646,PEND-533646,2185.708,,,unidad,unidad,1.0,0,General,Otros,,,
TERMINAL BATERIA VEHICULO PESADO CON ESPACIADOR (BOLSA 25 UNIDS),533660,CHM-533660,PEND-533660,2185.708,,,unidad,unidad,1.0,0,General,Otros,,,
ESCALERA TELESCOPICA O EXTENSION 5.18 M.,534-20,CHM-534-20,PEND-534-20,146885.2,,,unidad,unidad,1.0,0,Construccion,Materiales,,,
"ESCALERA TELESCOPICA FIBRA DE VIDRIO 6,40M / 24P / 225KG",534-24,CHM-534-24,PEND-534-24,188350.4,,,unidad,unidad,1.0,0,Construccion,Materiales,,,
"ESCALERA TELESCOPICA FIBRA DE VIDRIO 7,92M / 28P / 225KG",534-28,CHM-534-28,PEND-534-28,221382.0,,,unidad,unidad,1.0,0,Construccion,Materiales,,,
"ESCALERA TELESCOPICA FIBRA DE VIDRIO 8,84M / 32P / 225KG",534-32,CHM-534-32,PEND-534-32,267064.0,,,unidad,unidad,1.0,0,Construccion,Materiales,,,
PLANCHA ST 1000X500 ESPESOR 30 MM (20),53448261,CHM-53448261,PEND-53448261,836.4825999999999,,,unidad,unidad,1.0,0,Aceros y Techumbre,Planchas,,,
PLANCHA ST 1000X500 ESPESOR 40 MM (15),53448314,CHM-53448314,PEND-53448314,1114.63076,,,unidad,unidad,1.0,0,Aceros y Techumbre,Planchas,,,
PLANCHA ST 1000X500 ESPESOR 50 MM (12),53448367,CHM-53448367,PEND-53448367,1390.73076,,,unidad,unidad,1.0,0,Aceros y Techumbre,Planchas,,,
MOLDURA MAH 40/50 (15),53457271,CHM-53457271,PEND-53457271,2376.50816,,,unidad,unidad,1.0,0,General,Otros,,,
MONOMANDO SOLO DUCHA MALMO CROMO,536-90,CHM-536-90,PEND-536-90,35616.9,,,unidad,unidad,1.0,0,General,Otros,,,
"PER COCHE NEGRO UNC 1/4-20 X 2.1/2"" MF",53717,CHM-53717,PEND-53717,167.7684,,,unidad,unidad,1.0,0,General,Otros,,,
"TABLERO EMBUTIDO PVC, TAPA COLOR HUMO, 8 POLOS, IP40",5396408,CHM-5396408,PEND-5396408,7429.6,,,unidad,unidad,1.0,0,Gasfiteria,Tuberias y Conexiones,,,
"TABLERO EMBUTIDO PVC, TAPA COLOR HUMO, 12 POLOS, IP40",5396412,CHM-5396412,PEND-5396412,9839.2,,,unidad,unidad,1.0,0,Gasfiteria,Tuberias y Conexiones,,,
"TABLERO EMBUTIDO PVC, TAPA COLOR HUMO, 18 POLOS, IP40",5396418,CHM-5396418,PEND-5396418,15060.0,,,unidad,unidad,1.0,0,Gasfiteria,Tuberias y Conexiones,,,
"TABLERO EMBUTIDO PVC, TAPA COLOR HUMO, 24 POLOS, IP40",5396424,CHM-5396424,PEND-5396424,20582.0,,,unidad,unidad,1.0,0,Gasfiteria,Tuberias y Conexiones,,,
TABLERO SOBREPUESTO PVC LEXO 4 POLOS,5399104,CHM-5399104,PEND-5399104,5522.0,,,unidad,unidad,1.0,0,Gasfiteria,Tuberias y Conexiones,,,
TABLERO SOBREPUESTO PVC LEXO 6 POLOS,5399106,CHM-5399106,PEND-5399106,5220.8,,,unidad,unidad,1.0,0,Gasfiteria,Tuberias y Conexiones,,,
"TABLERO SOBREPUESTO PVC, TAPA COLOR BLANCO, 12 POLOS, IP40",5399112,CHM-5399112,PEND-5399112,9839.2,,,unidad,unidad,1.0,0,Gasfiteria,Tuberias y Conexiones,,,
GABINETE METALICO 1PUERTA LEXO 300X200X150 IP65,5399116,CHM-5399116,PEND-5399116,20080.0,,,unidad,unidad,1.0,0,General,Otros,,,
"TABLERO SOBREPUESTO PVC, TAPA COLOR BLANCO, 24 POLOS, IP40",5399124,CHM-5399124,PEND-5399124,20582.0,,,unidad,unidad,1.0,0,Gasfiteria,Tuberias y Conexiones,,,
PLANCHA LAM FRIO AISI 1010 1.0X1000X3000 (24KG),54010100100D030,CHM-54010100100D030,PEND-54010100100D030,36144.0,,,plancha,plancha,1.0,0,Aceros y Techumbre,Planchas,,,
PLANCHA LAM FRIO AISI 1010 1.5X1000X3000 (36KG),54010100150D030,CHM-54010100150D030,PEND-54010100150D030,54216.0,,,plancha,plancha,1.0,0,Aceros y Techumbre,Planchas,,,
ESCALERA RECTA SIMPLE 2.44 M.,544-08,CHM-544-08,PEND-544-08,66063.2,,,unidad,unidad,1.0,0,Construccion,Materiales,,,
"ESCALERA RECTA SIMPLE 3,66 M.",544-12,CHM-544-12,PEND-544-12,88552.8,,,unidad,unidad,1.0,0,Construccion,Materiales,,,
BOCINAS 12V 2X16W 380/480HZ UNIV.70MM,548648,CHM-548648,PEND-548648,4859.36,,,unidad,unidad,1.0,0,General,Otros,,,
"MALLA C92 EB 2.6X5.0 15-15 4.2X4.2 NR (18,77KG)",549151542402605,CHM-549151542402605,PEND-549151542402605,21765.716,,,UNIDAD,UNIDAD,1.0,0,General,Otros,,,
BOCINA CARACOL ROJA 12V 72W 400 Y 500HZ JGO,559026,CHM-559026,PEND-559026,20551.88,,,unidad,unidad,1.0,0,General,Otros,,,
TRIPACK - CALADORA + ESMERIL ANGULAR 4 1/2 + TALADRO 13M/M,5620000144,CHM-5620000144,PEND-5620000144,48071.52,,,PACK,PACK,1.0,0,Construccion,Materiales,,,
CINTA ELECTRICA NEGRA AUTOEXTINGUIBLE 10MT X 18MM,56203-00000-00,CHM-56203-00000-00,PEND-56203-00000-00,374.32132,,,uds,uds,1.0,0,General,Otros,,,
CINTA ELECTRICA NEGRA AUTOEXTINGUIBLE 20MT X 18MM,56204-00000-00,CHM-56204-00000-00,PEND-56204-00000-00,641.47568,,,uds,uds,1.0,0,General,Otros,,,
ALFOMBRA PASILLO ANKARA TAWNY,5690217651,CHM-5690217651,PEND-5690217651,7805.096,,,m2,m2,1.0,0,General,Otros,,,
ALFOMBRA PASILLO ANKARA VELVET,5690221021,CHM-5690221021,PEND-5690221021,7805.096,,,m2,m2,1.0,0,General,Otros,,,
ALF.PASTO SINTETICO MAIPO 2MT (50 M2),5690706020,CHM-5690706020,PEND-5690706020,4279.048,5980.0,5980.0,m2,m2,1.0,0,General,Otros,,,
ALF.PASTO SINTETICO MAIPO 4MT (100 M2),5690706040,CHM-5690706040,PEND-5690706040,4279.048,11980.0,11980.0,m2,m2,1.0,0,General,Otros,,,
CUBREPISO FUNNY 2MTS 140 BEIGE ( ROLLO 120 M2),5692001402,CHM-5692001402,PEND-5692001402,2662.608,,,m2,m2,1.0,0,General,Otros,,,
CUBREPISO FUNNY 2MTS 346 ROJO (ROLLO 120 M2),5692003464,CHM-5692003464,PEND-5692003464,3445.728,,,m2,m2,1.0,0,General,Otros,,,
CUBREPISO FUNNY 2MTS 541 AZUL (ROLLO 120 M2),5692005416,CHM-5692005416,PEND-5692005416,2662.608,,,m2,m2,1.0,0,General,Otros,,,
PASTO SINTÉTICO BERMUDA 2MT 30MM,5693003020,CHM-5693003020,PEND-5693003020,6204.72,11980.0,11980.0,m2,m2,1.0,0,General,Otros,,,
PASTO SINTÉTICO BERMUDA 4MT 30MM,5693003040,CHM-5693003040,PEND-5693003040,6204.72,21980.0,21980.0,m2,m2,1.0,0,General,Otros,,,
PASTO SINTETICO CAMPO VERDE 35MM ( 100 M2 ),5698320356,CHM-5698320356,PEND-5698320356,16789.892,33000.0,33000.0,m2,m2,1.0,0,General,Otros,,,
YESO 1 KILO (25 UNIDADES),580-1,CHM-580-1,PEND-580-1,341.36,,,1 kilo,1 kilo,1.0,0,Construccion,Materiales,,,
CADENA ROLLO 3/8 .058 H42 73VL,581 6266-01,CHM-581-6266-01,PEND-581-6266-01,417840.46304,,,unidad,unidad,1.0,0,General,Otros,,,
CADENA ROLLO .325 .050 H30 95VP (SP33G),581 6431-01,CHM-581-6431-01,PEND-581-6431-01,493084.48,,,unidad,unidad,1.0,0,General,Otros,,,
PINZA TOMA TIERRA 500A,583050,CHM-583050,PEND-583050,3435.47716,,,unidad,unidad,1.0,0,Electricidad,Cables y Accesorios,,,
ESPADA 15 3/8/1.5/SN/GRANDE/H42,585 9508-56,CHM-585-9508-56,PEND-585-9508-56,37576.18592,,,unidad,unidad,1.0,0,General,Otros,,,
ACEITE MEZCLA HUSQVARNA HP 1OO CC. (CAJA 50 UDS),587 8085-01,CHM-587-8085-01,PEND-587-8085-01,2510.0,,,unidad,unidad,1.0,0,General,Otros,,,
CAL PINTA CAL 1 KILO,590-1,CHM-590-1,PEND-590-1,482.924,,,kilo,kilo,1.0,0,Construccion,Materiales,,,
ETERFLEX 2500 QUADRA AZUL,5902210030,CHM-5902210030,PEND-5902210030,1757.0,,,m2,m2,1.0,0,General,Otros,,,
ETERFLEX 2700 PARQUET ARCE,5902210402,CHM-5902210402,PEND-5902210402,4425.632,,,m2,m2,1.0,0,General,Otros,,,
ETERFLEX 2500 GEOMETRICO GRIS,5902551309,CHM-5902551309,PEND-5902551309,1757.0,,,m2,m2,1.0,0,General,Otros,,,
ETERFLEX 2700 MADERA CEDRO,5902736147,CHM-5902736147,PEND-5902736147,4425.632,,,M2,M2,1.0,0,General,Otros,,,
"VIENA 8,3 MM ROBLE OSCURO 3",5931028305,CHM-5931028305,PEND-5931028305,10048.032,,,M2,M2,1.0,0,General,Otros,,,
SALIDA DE LAVADORA DE 150 CM,595,CHM-595,PEND-595,2730.88,,,unidad,unidad,1.0,0,General,Otros,,,
"LIMAS REDONDAS, 5.5MM - 7/32 - 12 UNIDADES",597 3561-02,CHM-597-3561-02,PEND-597-3561-02,15538.908,,,unidad,unidad,1.0,0,General,Otros,,,
BROCA PLANA P/MADERA W-MAX 19MM ( 1 UNIDAD),5986000044,CHM-5986000044,PEND-5986000044,1259.016,,,unidad,unidad,1.0,0,General,Otros,,,
BROCA PLANA P/MADERA W-MAX 32MM ( 1 UNIDAD),5986000052,CHM-5986000052,PEND-5986000052,1838.324,,,unidad,unidad,1.0,0,General,Otros,,,
DESENGRIPANTE W-MAX 300ML,598611330071012,CHM-598611330071012,PEND-598611330071012,1948.764,,,unidad,unidad,1.0,0,General,Otros,,,
DISCO DE CORTE W-MAX 115X1.0X22.23 ( CAJA 25 UNIDADES),5986115101CL01,CHM-5986115101CL01,PEND-5986115101CL01,200.8,,,CAJA,CAJA,1.0,0,Herramientas,Discos y Corte,,,
DISCO DESBASTE W-MAX 115X6.0X22.23 ( CAJA 10 UNIDADES),5986115106CL01,CHM-5986115106CL01,PEND-5986115106CL01,793.16,,,caja,caja,1.0,0,Herramientas,Discos y Corte,,,
DISCO DE CORTE W-MAX 180X1.6X22.23 ( CAJA 25 UNIDADES),5986180101CL01,CHM-5986180101CL01,PEND-5986180101CL01,582.32,,,CAJA,CAJA,1.0,0,Herramientas,Discos y Corte,,,
DISCO DESBASTE W-MAX 180X6.0X22.23 ( CAJA 10 UNIDADES),5986180106CL01,CHM-5986180106CL01,PEND-5986180106CL01,1169.66,,,caja,caja,1.0,0,Herramientas,Discos y Corte,,,
DISCO DE CORTE W-MAX 230X1.8X22.23 ( CAJA 25 UNIDADES),5986230101CL01,CHM-5986230101CL01,PEND-5986230101CL01,692.76,,,caja,caja,1.0,0,Herramientas,Discos y Corte,,,
"DISCO DE DESBASTE 4,5""X 1/4 X 7/8"" (13,300 RPM)",60-5100-2751-3,CHM-60-5100-2751-3,PEND-60-5100-2751-3,1445.76,,,disco,disco,1.0,0,Herramientas,Discos y Corte,,,
YESO SUPER SACO 25 KGS,6000103,CHM-6000103,PEND-6000103,7391.448,,,saco,saco,1.0,0,Construccion,Materiales,,,
YESO EXPRESS VOLCAN 25 KG,6000104,CHM-6000104,PEND-6000104,4213.788,,,unidad,unidad,1.0,0,Construccion,Materiales,,,
BATERIA FEMSACO 95D31L 90AH PD NORMAL,600019,CHM-600019,PEND-600019,68382.44,,,unidad,unidad,1.0,0,General,Otros,,,
BATERIA FEMSACO 95D31R 90AH PI NORMAL,600026,CHM-600026,PEND-600026,68382.44,,,unidad,unidad,1.0,0,General,Otros,,,
BATERIA FEMSACO 55457 55AH PD NORMAL,600064,CHM-600064,PEND-600064,43069.592,,,unidad,unidad,1.0,0,General,Otros,,,
BATERIA FEMSACO 55459 55AH PI NORMAL,600071,CHM-600071,PEND-600071,43069.592,,,unidad,unidad,1.0,0,General,Otros,,,
BATERIA FEMSACO 56828 70AH PD NORMAL,600088,CHM-600088,PEND-600088,59950.848,,,unidad,unidad,1.0,0,General,Otros,,,
BATERIA FEMSACO NS60L 45AH PD DELG C/ADAP,600125,CHM-600125,PEND-600125,47316.512,,,unidad,unidad,1.0,0,General,Otros,,,
FAROL FAENA 9LED 10/30V 27W 1620LM WIDE FLOOD,600231,CHM-600231,PEND-600231,17914.372,,,unidad,unidad,1.0,0,General,Otros,,,
SILICONA ACÉTICA BLANCA TUBO DE 280 ML.,6004300,CHM-6004300,PEND-6004300,1774.068,,,pomo,pomo,1.0,0,Gasfiteria,Tuberias y Conexiones,,,
SILICONA ACÉTICA TRANSPARENTE TUBO DE 280 ML.,6004400,CHM-6004400,PEND-6004400,1774.068,,,pomo,pomo,1.0,0,Gasfiteria,Tuberias y Conexiones,,,
"JGO BOCINA T/CARACOL 12V 410HZ 8,5CM DIA.",600743,CHM-600743,PEND-600743,2994.932,,,unidad,unidad,1.0,0,General,Otros,,,
SILICONA NEUTRA BLANCA DTV,6011300,CHM-6011300,PEND-6011300,1193.756,,,UNIDAD,UNIDAD,1.0,0,General,Otros,,,
SILICONA NEUTRA TRANSPARENTE DTV,6012300,CHM-6012300,PEND-6012300,1193.756,,,UNIDAD,UNIDAD,1.0,0,General,Otros,,,
SILICONA NEUTRA ALUMINIO DTV,6013300,CHM-6013300,PEND-6013300,1193.756,,,UNIDAD,UNIDAD,1.0,0,General,Otros,,,
UNION AMERICANA CEM 50 MM,60136,CHM-60136,PEND-60136,3217.82,,,unidad,unidad,1.0,0,General,Otros,,,
SILICONA NEUTRA TITANIO DTV,6015300,CHM-6015300,PEND-6015300,1193.756,,,UNIDAD,UNIDAD,1.0,0,General,Otros,,,
SILICONA NEUTRA NEGRA DTV,6016300,CHM-6016300,PEND-6016300,1193.756,,,UNIDAD,UNIDAD,1.0,0,General,Otros,,,
BOTON PARTIDA UNV.= IM11038 START,601689,CHM-601689,PEND-601689,635.532,,,unidad,unidad,1.0,0,General,Otros,,,
SILICONA HOJALATERA TAPAGOTERA DTV,6017300,CHM-6017300,PEND-6017300,1280.1,,,UNIDAD,UNIDAD,1.0,0,General,Otros,,,
"TERMINAL PVC HI CEM 63 X 2""",60183,CHM-60183,PEND-60183,2816.22,,,unidad,unidad,1.0,0,Gasfiteria,Tuberias y Conexiones,,,
ALARMA RETROCESO 9-80V 107DB CON LED,601894,CHM-601894,PEND-601894,8884.396,,,unidad,unidad,1.0,0,General,Otros,,,
"PASTA RETAPELITEPLAST MADERA WENGE, TARRO 250 ML",6020010,CHM-6020010,PEND-6020010,3915.6,,,un,un,1.0,0,General,Otros,,,
"PASTA RETAPELITEPLAST MADERA TEKA, TARRO 250 ML",6020011,CHM-6020011,PEND-6020011,3915.6,,,un,un,1.0,0,General,Otros,,,
SELLADOR ACRILICO BLANCO DTV,6021300,CHM-6021300,PEND-6021300,731.916,,,UNIDAD,UNIDAD,1.0,0,General,Otros,,,
"SALIDA ESTANQUE CEM 63 X 2""",60217,CHM-60217,PEND-60217,6804.108,,,unidad,unidad,1.0,0,General,Otros,,,
FAROL NEB JGO C/REJILLA CRISTAL H3 180X95MM,602198,CHM-602198,PEND-602198,6504.916,,,unidad,unidad,1.0,0,General,Otros,,,
SELLADOR MONTAJE DTV,6022300,CHM-6022300,PEND-6022300,852.396,,,UNIDAD,UNIDAD,1.0,0,General,Otros,,,
"BUJE REDUCCION (BUSHING) 1"" X 1/ 2""",60234,CHM-60234,PEND-60234,278.108,,,unidad,unidad,1.0,0,General,Otros,,,
FAROL ISUZU RH 8-94257419-00 DER FT18293D,602440,CHM-602440,PEND-602440,5439.672,,,unidad,unidad,1.0,0,General,Otros,,,
"COLLAR DE ARRANQUE 90 X 1/2""",60245,CHM-60245,PEND-60245,1550.61776,,,unidad,unidad,1.0,0,General,Otros,,,
FAROL ISUZU RL 8-94257420-2 IZQ,602457,CHM-602457,PEND-602457,5439.672,,,unidad,unidad,1.0,0,General,Otros,,,
"COLLAR DE ARRANQUE 90 X 3/4""",60249,CHM-60249,PEND-60249,1550.61776,,,unidad,unidad,1.0,0,General,Otros,,,
COPLA PVC CEM 32 MM,60278,CHM-60278,PEND-60278,189.756,,,unidad,unidad,1.0,0,Gasfiteria,Tuberias y Conexiones,,,
CABLE BATERIA ROJO 1X50MM GOMA 0 CO010MM EX014MM,602983,CHM-602983,PEND-602983,10690.592,,,unidad,unidad,1.0,0,Electricidad,Cables y Accesorios,,,
SILICONA ACETICA BLANCA DTV,6031280,CHM-6031280,PEND-6031280,1083.316,,,UNIDAD,UNIDAD,1.0,0,General,Otros,,,
SILICONA ACETICA ALUMINIO DTV,6033280,CHM-6033280,PEND-6033280,1083.316,,,UNIDAD,UNIDAD,1.0,0,General,Otros,,,
BOCINA T/PLATO 12V 400HZ (H),603744,CHM-603744,PEND-603744,7198.68,,,unidad,unidad,1.0,0,General,Otros,,,
CUBRE VOLANTE NEGRO APLICACION GRIS,603867,CHM-603867,PEND-603867,3123.444,,,unidad,unidad,1.0,0,General,Otros,,,
CUBRE VOLANTE NEGRO CON APLICACIONES ROJAS,603874,CHM-603874,PEND-603874,3357.376,,,unidad,unidad,1.0,0,General,Otros,,,
CUBRE VOLANTE NEGRO C/APLICACIONES AZULES,603898,CHM-603898,PEND-603898,8212.72,,,unidad,unidad,1.0,0,General,Otros,,,
CUBRE VOLANTE NEGRO,603904,CHM-603904,PEND-603904,3252.96,,,unidad,unidad,1.0,0,General,Otros,,,
CUBRE VOLANTE NEGRO C/FLORES,603911,CHM-603911,PEND-603911,10391.4,,,unidad,unidad,1.0,0,General,Otros,,,
COMPRESOR AIRE 12V 150PSI 120W CIL.30MM,604000,CHM-604000,PEND-604000,20069.96,,,unidad,unidad,1.0,0,General,Otros,,,
GANCHO AMARRA CARGA JGO METALICO CROMADO,604062,CHM-604062,PEND-604062,6099.3,,,unidad,unidad,1.0,0,General,Otros,,,
TESTER 6-12-24V BUSCA POLO,604086,CHM-604086,PEND-604086,1845.352,,,unidad,unidad,1.0,0,General,Otros,,,
ASIENTO FRESCO BOLITAS MADERA,604239,CHM-604239,PEND-604239,6924.588,,,unidad,unidad,1.0,0,General,Otros,,,
FUNDA ASIENTO 6PZAS IMITACION CUERO RO/GRIS,604307,CHM-604307,PEND-604307,23883.152,,,unidad,unidad,1.0,0,General,Otros,,,
FUNDA ASIENTO 6PZAS IMITACION CUERO NE/GRIS,604314,CHM-604314,PEND-604314,23458.46,,,unidad,unidad,1.0,0,General,Otros,,,
FUNDA ASIENTO 8PCS. NEGRO C/FLORES,604345,CHM-604345,PEND-604345,42730.24,,,unidad,unidad,1.0,0,General,Otros,,,
CORRUGADO 9MM ROLLO 3MTS,604987,CHM-604987,PEND-604987,732.92,,,unidad,unidad,1.0,0,General,Otros,,,
FAROL LAT. 10LED 12/24V AMBAR,605212,CHM-605212,PEND-605212,2035.108,,,unidad,unidad,1.0,0,General,Otros,,,
FAROL LAT. 10LED 12/24V ROJO,605243,CHM-605243,PEND-605243,2035.108,,,unidad,unidad,1.0,0,General,Otros,,,
TERMINAL HEMB 240X04/130X75 AMAR FDFN5.5-250,606332,CHM-606332,PEND-606332,228.912,,,unidad,unidad,1.0,0,General,Otros,,,
"SET 4X ESLINGA TENSOR 1"" X 3.5MT 500KG",606493,CHM-606493,PEND-606493,11679.532,,,unidad,unidad,1.0,0,General,Otros,,,
FAROL FAENA 9 LED 10-30V 27W CUADRADO,606943,CHM-606943,PEND-606943,6316.164,,,unidad,unidad,1.0,0,General,Otros,,,
FAROL FAENA 9LED 10-30V 27W REDONDO,606950,CHM-606950,PEND-606950,6316.164,,,unidad,unidad,1.0,0,General,Otros,,,
FAROL FAENA CUBO 6 LED 10-30V 18W 6000-6500K,606974,CHM-606974,PEND-606974,6919.568,,,unidad,unidad,1.0,0,General,Otros,,,
FARO FAENA 72W 24LED SPOT 9-30V 100X81X65,607056,CHM-607056,PEND-607056,6919.568,,,unidad,unidad,1.0,0,General,Otros,,,
AMPOLLETA H8 12V 35W PGJ19-1 CR STD CAJA,608008,CHM-608008,PEND-608008,1784.108,,,unidad,unidad,1.0,0,General,Otros,,,
SELLO ANTIFUGAS CON MANGUITO (ADAPTABLE TODO TIPO WC),60805,CHM-60805,PEND-60805,1387.528,,,unidad,unidad,1.0,0,General,Otros,,,
"AMPOLLETA W5W 12V 5W W2,1X9,5D CR STD CAJAX10",608084,CHM-608084,PEND-608084,170.68,,,unidad,unidad,1.0,0,General,Otros,,,
"TUBO FLEXIBLE ELONGABLE MULTIUSO 11/2"" Y/O 11/4"" Y/O 1"" ( 34 X 83 CM.)",60810,CHM-60810,PEND-60810,2932.684,,,unidad,unidad,1.0,0,Gasfiteria,Tuberias y Conexiones,,,
AMPOLLETA W21W 12V 21W W3X16D CR STD CAJAX10,608206,CHM-608206,PEND-608206,414.652,,,unidad,unidad,1.0,0,General,Otros,,,
"COPLA PVC HI/HI 1 1/2""",60824,CHM-60824,PEND-60824,1233.916,,,unidad,unidad,1.0,0,Gasfiteria,Tuberias y Conexiones,,,
"CODO PVC HI 90º CEM 25 X 1/2""",60830,CHM-60830,PEND-60830,399.592,,,unidad,unidad,1.0,0,Gasfiteria,Tuberias y Conexiones,,,
BUJE CORTO 50 X 32,60857,CHM-60857,PEND-60857,453.808,,,unidad,unidad,1.0,0,General,Otros,,,
AMP. C. VENTIL. LED H4 JGO 36W 3800ML BIVOL,608695,CHM-608695,PEND-608695,5332.244,,,unidad,unidad,1.0,0,General,Otros,,,
AMP. C. VENTIL. LED H7 JGO 36W 3800ML BIVOL,608701,CHM-608701,PEND-608701,3695.724,,,unidad,unidad,1.0,0,General,Otros,,,
AMP. LED H11 9-30V 28W 3800LM 6000K DOB T4,608725,CHM-608725,PEND-608725,9742.816,,,unidad,unidad,1.0,0,General,Otros,,,
AMP. LED H4 9-30V 28W 3800LM 6000K DOB T4,608749,CHM-608749,PEND-608749,12399.4,,,unidad,unidad,1.0,0,General,Otros,,,
AMP. LED H7 9-30V 28W 3800LM 6000K DOB T4,608756,CHM-608756,PEND-608756,9742.816,,,unidad,unidad,1.0,0,General,Otros,,,
VALVULA BOLA COMPACTA CEM 20 MM,60886,CHM-60886,PEND-60886,991.952,,,unidad,unidad,1.0,0,Gasfiteria,Tuberias y Conexiones,,,
VALVULA BOLA COMPACTA CEM 32 MM,60888,CHM-60888,PEND-60888,1613.428,,,unidad,unidad,1.0,0,Gasfiteria,Tuberias y Conexiones,,,
"BOLA DE ENGANCHE 1 7/8""X1""X2""",609029,CHM-609029,PEND-609029,5032.048,,,unidad,unidad,1.0,0,General,Otros,,,
"ENGANCHE 4"" DROP 2"" RISE 8 1/4"" LENGTH",609135,CHM-609135,PEND-609135,8213.724,,,unidad,unidad,1.0,0,General,Otros,,,
FUSIBLE MINI MODERNO 20A 100 PCS,609562,CHM-609562,PEND-609562,103.412,,,unidad,unidad,1.0,0,General,Otros,,,
FUSIBLE MINI MODERNO 25A 100 PCS,609579,CHM-609579,PEND-609579,91.364,,,unidad,unidad,1.0,0,General,Otros,,,
"CODO PVC HI 90º CEM 32 X 1"" PN-10",60993,CHM-60993,PEND-60993,870.468,,,unidad,unidad,1.0,0,Gasfiteria,Tuberias y Conexiones,,,
ESTANQUE WC AURA CON MECANISMO,60AU3001050,CHM-60AU3001050,PEND-60AU3001050,26006.94332,,,unidad,unidad,1.0,0,General,Otros,,,
CARTUCHO GAS BUTANO CON VALVULA SEGURIDAD 190GRS MARCA  YANES,610000585671,CHM-610000585671,PEND-610000585671,1203.796,,,unidad,unidad,1.0,0,Gasfiteria,Tuberias y Conexiones,,,
ADAPTADOR WC EXCENTRICO RIGIDO SALIDA 110 MM,61017,CHM-61017,PEND-61017,3267.016,,,unidad,unidad,1.0,0,General,Otros,,,
GRAPADORA T/EXTRA FUERTE GRAP. 4 - 14 - SMART TOOLS,6101950,CHM-6101950,PEND-6101950,6030.024,,,un,un,1.0,0,General,Otros,,,
TIZADOR CAJA PLASTICA 15 MTS. C/TIZA,6101970,CHM-6101970,PEND-6101970,3384.484,,,un,un,1.0,0,General,Otros,,,
"ARCO SIERRA 12"" AJUSTABLE M/ABIERTO - SMART TOOLS",6102500,CHM-6102500,PEND-6102500,3257.98,,,un,un,1.0,0,Herramientas,Discos y Corte,,,
ADAPTADOR WC EXCENTRICO FLEXIBLE SALIDA 110 MM,61026,CHM-61026,PEND-61026,4716.792,,,unidad,unidad,1.0,0,General,Otros,,,
"BARRA DESMONTADORA DE 10"" - SMART TOOLS",6103620,CHM-6103620,PEND-6103620,5173.612,,,un,un,1.0,0,General,Otros,,,
"NIVEL DE ALUMINIO 40"" 3 AGUAS H. DUTY - SMART TOOLS",6104010,CHM-6104010,PEND-6104010,13806.004,,,un,un,1.0,0,General,Otros,,,
IMAN FLEXIBLE RECUPERADOR 58CM,6104517,CHM-6104517,PEND-6104517,4206.76,,,unidad,unidad,1.0,0,General,Otros,,,
COMPRESOR DE ANILLO DE PISTON DE 89-178MM,6104540,CHM-6104540,PEND-6104540,4634.464,,,unidad,unidad,1.0,0,General,Otros,,,
PALA PUNTA HUEVO MANGO METAL,6105880,CHM-6105880,PEND-6105880,4481.856,,,unidad,unidad,1.0,0,General,Otros,,,
CAPUCHON REDUCCION 50 X 40,61063,CHM-61063,PEND-61063,824.284,,,unidad,unidad,1.0,0,General,Otros,,,
CAPUCHON REDUCCION 40 X 32,61064,CHM-61064,PEND-61064,632.52,,,unidad,unidad,1.0,0,General,Otros,,,
HERRAMIENTA ABRE TAPA TARROS ADHESIVOS HOFFENS,61112,CHM-61112,PEND-61112,1981.896,,,caja,caja,1.0,0,General,Otros,,,
LIJA ISESA PAPEL KRAFT ESMERIL EN PLIEGO # 60-1 1/2,611407,CHM-611407,PEND-611407,148.592,,,pliego,pliego,1.0,0,Herramientas,Discos y Corte,,,
LIJA ISESA PAPEL KRAFT ESMERIL EN PLIEGO # 80-1,611408,CHM-611408,PEND-611408,79.316,,,pliego,pliego,1.0,0,Herramientas,Discos y Corte,,,
LIJA ISESA PAPEL KRAFT ESMERIL EN PLIEGO # 100-1/2,611409,CHM-611409,PEND-611409,79.316,,,pliego,pliego,1.0,0,Herramientas,Discos y Corte,,,
LIJA ISESA PAPEL KRAFT ESMERIL EN PLIEGO # 120-0,611410,CHM-611410,PEND-611410,79.316,,,pliego,pliego,1.0,0,Herramientas,Discos y Corte,,,
LIJA ISESA PAPEL KRAFT ESMERIL EN PLIEGO # 150-2/0,611411,CHM-611411,PEND-611411,148.592,,,pliego,pliego,1.0,0,Herramientas,Discos y Corte,,,
LIJA ISESA PAPEL KRAFT ESMERIL EN PLIEGO # 180-3/0,611412,CHM-611412,PEND-611412,148.592,,,pliego,pliego,1.0,0,Herramientas,Discos y Corte,,,
"PISTOLA PLASTICA AJUSTABLE (1 POSICION) BLISTER CON ADAP MANGUERA 1/2""",61202,CHM-61202,PEND-61202,887.536,,,unidad,unidad,1.0,0,General,Otros,,,
"UNION LLAVE HI 1/2 ""X 3/4"" PREMIUM GRANEL",61212,CHM-61212,PEND-61212,488.948,,,unidad,unidad,1.0,0,Gasfiteria,Tuberias y Conexiones,,,
"UNION LLAVE HI 3/4 ""X 1"" PREMIUM GRANEL",61213,CHM-61213,PEND-61213,614.448,,,unidad,unidad,1.0,0,Gasfiteria,Tuberias y Conexiones,,,
"CONECTOR RAPIDO CON STOP 1/2 "" PREMIUM GRANEL",61220,CHM-61220,PEND-61220,1048.176,,,unidad,unidad,1.0,0,General,Otros,,,
"CONECTOR RAPIDO CON STOP 3/4 "" PREMIUM+M11 GRANEL",61221,CHM-61221,PEND-61221,1040.144,,,unidad,unidad,1.0,0,General,Otros,,,
"REPARADOR MANGUERA 1/2 "" PREMIUM GRANEL",61224,CHM-61224,PEND-61224,741.956,,,unidad,unidad,1.0,0,General,Otros,,,
"REPARADOR MANGUERA 3/4 "" PREMIUM GRANEL",61225,CHM-61225,PEND-61225,1066.248,,,unidad,unidad,1.0,0,General,Otros,,,
PISTOLA PREMIUM PLASTICA AJUSTABLE 8 POSICIONES BLISTER,61231,CHM-61231,PEND-61231,3866.404,,,unidad,unidad,1.0,0,General,Otros,,,
"LLAVE JARDÍN 1/2"" MANILLA ROJA ZAMAK",61245,CHM-61245,PEND-61245,1204.8,,,unidad,unidad,1.0,0,Gasfiteria,Tuberias y Conexiones,,,
"LLAVE JARDÍN 3/4"" MANILLA ROJA ZAMAK",61246,CHM-61246,PEND-61246,1556.2,,,unidad,unidad,1.0,0,Gasfiteria,Tuberias y Conexiones,,,
"LLAVE JARDÍN 1"" MANILLA ROJA ZAMAK",61247,CHM-61247,PEND-61247,2459.8,,,unidad,unidad,1.0,0,Gasfiteria,Tuberias y Conexiones,,,
"APOYO 10X20X30 (15,8KG)  / (F. DE CARGA  25,68KG)",613090012,CHM-613090012,PEND-613090012,2817.70592,,,unidad,unidad,1.0,0,General,Otros,,,
"APOYO 10X35X40 ( 30,05 KG ) ( FACTOR DE CARGA 62,6 )",613090038,CHM-613090038,PEND-613090038,3868.412,,,Unidad,Unidad,1.0,0,General,Otros,,,
BATERIA FEMSACO 55530 55AH PD NORMAL,613262,CHM-613262,PEND-613262,31258.536,,,unidad,unidad,1.0,0,General,Otros,,,
"CUBIERTA 0,60X0,60 AR (24KG)  / (F. DE CARGA  25,92KG)",614000044,CHM-614000044,PEND-614000044,8971.744,,,unidad,unidad,1.0,0,General,Otros,,,
"MARCO 0,60X0,60 AR (FACTOR DE CARGA 65)",614000094,CHM-614000094,PEND-614000094,7782.004,,,unidad,unidad,1.0,0,General,Otros,,,
KIT TAPA Y MARCO 60X60,614000256,CHM-614000256,PEND-614000256,16011.792,,,unidad,unidad,1.0,0,General,Otros,,,
"CUBIERTA 0,60 REDONDA AR (24,00 KG ) ( FACTOR DE CARGA 49,44 )",614010057,CHM-614010057,PEND-614010057,10205.74032,,,Unidad,Unidad,1.0,0,General,Otros,,,
CUBRE VOLANTE NEGRO APLICACION AZUL HL9174 BKBL,614108,CHM-614108,PEND-614108,4439.688,,,unidad,unidad,1.0,0,General,Otros,,,
POTE SURTIDO AMARRAS PLASTICAS 1000 UNIDADES,614191,CHM-614191,PEND-614191,9207.684,,,unidad,unidad,1.0,0,General,Otros,,,
FAROL PATENTE 4LED BIVOLTAJE 89X37X23MM BASE GOMA MICA CRISTAL,614436,CHM-614436,PEND-614436,1883.504,,,unidad,unidad,1.0,0,General,Otros,,,
AMPOLLETA 3157 12V32 3CP CR,615686,CHM-615686,PEND-615686,419.672,,,unidad,unidad,1.0,0,General,Otros,,,
AMPOLLETA 3157 12V32 3CP AM,615709,CHM-615709,PEND-615709,934.724,,,unidad,unidad,1.0,0,General,Otros,,,
AMP T4W 12V 4W BA9S CR 1C STD CAJA,615837,CHM-615837,PEND-615837,181.724,,,unidad,unidad,1.0,0,General,Otros,,,
BATERIA FEMSACO 31T-700STD 100AH CENTRAL NORMAL,616256,CHM-616256,PEND-616256,131674.6,,,unidad,unidad,1.0,0,General,Otros,,,
BROCA HSS DIN338 3MM,617000300,CHM-617000300,PEND-617000300,311.24,,,unidad,unidad,1.0,0,General,Otros,,,
BROCA HSS DIN338 3.5MM,617000350,CHM-617000350,PEND-617000350,376.5,,,unidad,unidad,1.0,0,General,Otros,,,
BROCA HSS DIN338 4MM,617000400,CHM-617000400,PEND-617000400,441.76,,,unidad,unidad,1.0,0,General,Otros,,,
"BROCA HSS DIN338 4,5MM",617000450,CHM-617000450,PEND-617000450,567.26,,,unidad,unidad,1.0,0,General,Otros,,,
BROCA HSS DIN338 5MM,617000500,CHM-617000500,PEND-617000500,627.5,,,unidad,unidad,1.0,0,General,Otros,,,
"BROCA HSS DIN338 5,5MM",617000550,CHM-617000550,PEND-617000550,798.18,,,unidad,unidad,1.0,0,General,Otros,,,
BROCA HSS DIN338 7MM,617000700,CHM-617000700,PEND-617000700,1350.38,,,unidad,unidad,1.0,0,General,Otros,,,
"ESLINGA TENSOR CAMION 2"" X 9MT 3T",617963,CHM-617963,PEND-617963,9987.792,,,unidad,unidad,1.0,0,General,Otros,,,
BOCINA 12V 16W 480HZ UNIVERSAL 70MM,618280,CHM-618280,PEND-618280,2589.316,,,unidad,unidad,1.0,0,General,Otros,,,
BATERIA FEMSACO VALUELINE 55565 55AH PD NORMAL,618373,CHM-618373,PEND-618373,52950.96,,,unidad,unidad,1.0,0,General,Otros,,,
BATERIA FEMSACO 56830 70AH PI NORMAL,618403,CHM-618403,PEND-618403,106474.2,,,unidad,unidad,1.0,0,General,Otros,,,
360 SELLADOR ACRILICO GRIETAS Y TABIQUES BLANCO,62-5208-5230-2,CHM-62-5208-5230-2,PEND-62-5208-5230-2,828.3,,,UN,UN,1.0,0,General,Otros,,,
SILICONA 450 ACETICA ROJA ALTA TEMPERATURA,62-5209-5230-0,CHM-62-5209-5230-0,PEND-62-5209-5230-0,7370.364,,,un,un,1.0,0,General,Otros,,,
"550 SELLADOR POLIURETANO 600ML, GRIS",62-5267-3930-5,CHM-62-5267-3930-5,PEND-62-5267-3930-5,4864.38,,,un,un,1.0,0,General,Otros,,,
LIJA ISESA T/ESMER.TRADICIONAL EN PLIEGO # 50-2,620406,CHM-620406,PEND-620406,521.076,,,pliego,pliego,1.0,0,General,Otros,,,
LIJA ISESA T/ESMER.TRADICIONAL EN PLIEGO # 60-1 1/,620407,CHM-620407,PEND-620407,260.036,,,pliego,pliego,1.0,0,General,Otros,,,
LIJA ISESA T/ESMER.TRADICIONAL EN PLIEGO # 80-1,620408,CHM-620408,PEND-620408,521.076,,,pliego,pliego,1.0,0,General,Otros,,,
LIJA ISESA T/ESMER.TRADICIONAL EN PLIEGO # 100-1/2,620409,CHM-620409,PEND-620409,260.036,,,pliego,pliego,1.0,0,General,Otros,,,
LIJA ISESA T/ESMER.TRADICIONAL EN PLIEGO # 120-0,620410,CHM-620410,PEND-620410,260.036,,,unidad,unidad,1.0,0,General,Otros,,,
VALVULA DE DESCARGA ESTANQUE C/FLAPPEER Y CADENA,62385,CHM-62385,PEND-62385,3975.84,,,unidad,unidad,1.0,0,Gasfiteria,Tuberias y Conexiones,,,
"VALVULA DE ADMISION ESTANQUE WC 1/2"" -7/8""-15/16",62386,CHM-62386,PEND-62386,5875.408,,,unidad,unidad,1.0,0,Gasfiteria,Tuberias y Conexiones,,,
KIT REPARACION ESTANQUE WC,62387,CHM-62387,PEND-62387,12482.732,,,unidad,unidad,1.0,0,General,Otros,,,
FLAPPER ESTANQUE WC C/CADENA METALICA,62388,CHM-62388,PEND-62388,984.924,,,unidad,unidad,1.0,0,General,Otros,,,
KIT LLAVE ANGULAR MAS FLEXIBLE (30 CMS.),62389,CHM-62389,PEND-62389,3979.856,,,unidad,unidad,1.0,0,Gasfiteria,Tuberias y Conexiones,,,
VALVULA DE ADMISION ESTANQUE WC TRADICIONAL 15/16,62403,CHM-62403,PEND-62403,4042.104,,,unidad,unidad,1.0,0,Gasfiteria,Tuberias y Conexiones,,,
SIFON PLATO DUCHA REJILLA INOX.SAL.40 MM,62445,CHM-62445,PEND-62445,4601.332,,,unidad,unidad,1.0,0,Gasfiteria,Tuberias y Conexiones,,,
"FLEXIBLE DUCHA DOBLE GRAPEADO 1,6 MTS.   (BOLSA)",62543,CHM-62543,PEND-62543,1954.788,,,unidad,unidad,1.0,0,General,Otros,,,
SOPORTE DUCHA ABS CROMADO MULTIPOSICIÓN,62545,CHM-62545,PEND-62545,968.86,,,unidad,unidad,1.0,0,General,Otros,,,
MANILLA PARA ESTANQUE FRONTAL BARRA DE BRONCE,62560,CHM-62560,PEND-62560,1760.012,,,unidad,unidad,1.0,0,Hogar,Banio y Decoracion,,,
MANILLA PARA ESTANQUE FRONTAL BARRA PLASTICA,62561,CHM-62561,PEND-62561,1163.636,,,unidad,unidad,1.0,0,Hogar,Banio y Decoracion,,,
BOTON LATERAL PARA DESCARGA CORRIENTE,62562,CHM-62562,PEND-62562,2023.06,,,unidad,unidad,1.0,0,General,Otros,,,
BOTON SUPERIOR PARA DESCARGA CORRIENTE,62563,CHM-62563,PEND-62563,1648.568,,,unidad,unidad,1.0,0,General,Otros,,,
"FLEXIBLE AGUA CALEFONT HI-HI 1/2"" 35 CM",62568,CHM-62568,PEND-62568,1702.784,,,unidad,unidad,1.0,0,Construccion,Materiales,,,
FLEXIBLE HE-HI 1/2 35 CM,62571,CHM-62571,PEND-62571,1014.04,,,unidad,unidad,1.0,0,General,Otros,,,
FLEXIBLE HE-HI 1/2 40 CM,62572,CHM-62572,PEND-62572,1063.236,,,unidad,unidad,1.0,0,General,Otros,,,
FLEXIBLE HI-HI 1/2 25 CM,62574,CHM-62574,PEND-62574,966.852,,,unidad,unidad,1.0,0,General,Otros,,,
FLEXIBLE HI-HI 1/2 30 CM,62575,CHM-62575,PEND-62575,1035.124,,,unidad,unidad,1.0,0,General,Otros,,,
FLEXIBLE HI-HI 1/2 35 CM,62576,CHM-62576,PEND-62576,1071.268,,,unidad,unidad,1.0,0,General,Otros,,,
FLEXIBLE HI-HI 1/2 40 CM,62577,CHM-62577,PEND-62577,1122.472,,,unidad,unidad,1.0,0,General,Otros,,,
FLEXIBLE HI-HI 1/2 50 CM,62578,CHM-62578,PEND-62578,1222.872,,,unidad,unidad,1.0,0,General,Otros,,,
"FLEXIBLE HI-HI 1/2"" 60 CM",62579,CHM-62579,PEND-62579,1321.264,,,unidad,unidad,1.0,0,General,Otros,,,
"FLEXIBLE HI-HI 1/2"" 100 CM",62580,CHM-62580,PEND-62580,1844.348,,,unidad,unidad,1.0,0,General,Otros,,,
FLEXIBLE HI-HI 1/2 X 15/16 25 CM,62593,CHM-62593,PEND-62593,1004.0,,,unidad,unidad,1.0,0,General,Otros,,,
FLEXIBLE HI-HI 1/2 X 15/16 30 CM,62594,CHM-62594,PEND-62594,1041.148,,,unidad,unidad,1.0,0,General,Otros,,,
FLEXIBLE HI-HI 1/2 X 15/16 35 CM,62595,CHM-62595,PEND-62595,1082.312,,,unidad,unidad,1.0,0,General,Otros,,,
VALVULA BOLA COMPACTA GRIS AZUL  20 MM PN-16,62600,CHM-62600,PEND-62600,424.692,,,unidad,unidad,1.0,0,Gasfiteria,Tuberias y Conexiones,,,
VALVULA BOLA COMPACTA GRIS AZUL  25 MM PN-16,62601,CHM-62601,PEND-62601,607.42,,,unidad,unidad,1.0,0,Gasfiteria,Tuberias y Conexiones,,,
"FLEXIBLE GAS HI-HI 1/2 X 1/2"" EN 60 CM",62615,CHM-62615,PEND-62615,6540.056,,,unidad,unidad,1.0,0,General,Otros,,,
"FLEXIBLE GAS HI-HI 1/2 X 1/2"" EN 100 CM",62616,CHM-62616,PEND-62616,3384.484,,,unidad,unidad,1.0,0,General,Otros,,,
"FLEXIBLE GAS HI-HI 1/2 X 3/8"" (HILO IZQUIERDO)EN 60 CM",62617,CHM-62617,PEND-62617,6263.956,,,unidad,unidad,1.0,0,General,Otros,,,
"FLEXIBLE GAS HI-HI 1/2 X 3/8"" (HILO IZQUIERDO)EN 100 CM",62618,CHM-62618,PEND-62618,3196.736,,,unidad,unidad,1.0,0,General,Otros,,,
"FLEXIBLE GAS HI-HI 1/2 X 1/2"" CON CURVA EN 60 CM",62619,CHM-62619,PEND-62619,6967.76,,,unidad,unidad,1.0,0,General,Otros,,,
KIT PERNOS DE ANCLAJE WC BOLSA,62620,CHM-62620,PEND-62620,720.872,,,caja,caja,1.0,0,Ferreteria,Fijaciones,,,
KIT COLLAR GOMA Y PERNOS WC BLISTER,62625,CHM-62625,PEND-62625,1805.192,,,caja,caja,1.0,0,Ferreteria,Fijaciones,,,
"LLAVE ANGULAR LAVADORA 1/2"" X 1/2""",62627,CHM-62627,PEND-62627,1606.4,,,caja,caja,1.0,0,Gasfiteria,Tuberias y Conexiones,,,
"PISO FLOTANTE 8MM CASTAÑO (142,2) MT2",6268,CHM-6268,PEND-6268,6894.62864,,,M2,M2,1.0,0,General,Otros,,,
PLACA YESO ST  10MM 1200 X 2400 BR  C/BANDEROLE,627388,CHM-627388,PEND-627388,1593.348,,,M2,M2,1.0,0,Construccion,Materiales,,,
PLACA YESO ST 15 1200 2400 BR  C/BANDEROLE,627395,CHM-627395,PEND-627395,2381.4378,,,M2,M2,1.0,0,Construccion,Materiales,,,
CORTINA POLIESTER SCRIPT HANGLESS,629-07,CHM-629-07,PEND-629-07,7614.336,,,unidad,unidad,1.0,0,General,Otros,,,
CORTINA POLIESTER BUBBLES HANGLESS,629-15,CHM-629-15,PEND-629-15,7614.336,,,unidad,unidad,1.0,0,General,Otros,,,
CORTINA POLIESTER BIKE HANGLESS,629-97,CHM-629-97,PEND-629-97,7614.336,,,unidad,unidad,1.0,0,General,Otros,,,
CORTINA POLIESTER TAXI HANGLESS,629-98,CHM-629-98,PEND-629-98,7614.336,,,unidad,unidad,1.0,0,General,Otros,,,
"TEJA CONTINUA AYSEN PP 0,40X1157X3775 NEGRO RAL 9017 (M-9) STOCK",6310030,CHM-6310030,PEND-6310030,25034.74,,,Pl,Pl,1.0,0,General,Otros,,,
"TEJA CONTINUA AYSEN PP 0,40X1157X3775 TERRACOTA VA15 (M-9) STOCK",6310050,CHM-6310050,PEND-6310050,25034.74,,,pl,pl,1.0,0,General,Otros,,,
"TEJA CONTINUA AYSEN PRO PP 0,40X1157X3775 NEGRO RAL 9017 (M-9) STOCK",6310430,CHM-6310430,PEND-6310430,23955.44,,,pl,pl,1.0,0,General,Otros,,,
"TEJA CONTINUA AYSEN PRO PP 0,40X1157X3775 TERRACOTA VA15 (M-9) STOCK",6310450,CHM-6310450,PEND-6310450,23955.44,,,pl,pl,1.0,0,General,Otros,,,
GRAPAS (CAJA) 8 MM. DE 1.000 UNID. (VI - 0904 - 08) - VARIOS TAIWAN,6381430,CHM-6381430,PEND-6381430,1035.124,,,un,un,1.0,0,General,Otros,,,
"CHICHARRA []1/2"" MANGO DE GOMA (VI - 0360) - VARIOS TAIWAN",6382165,CHM-6382165,PEND-6382165,5309.152,,,un,un,1.0,0,General,Otros,,,
"DADO []1/2"" DE 34 MM. HEXAGONAL (54534) - FORCE/ACTION",6392318,CHM-6392318,PEND-6392318,4762.976,,,un,un,1.0,0,General,Otros,,,
"DADO []1/2"" DE 36 MM. HEXAGONAL (54536) - FORCE/ACTION",6392322,CHM-6392322,PEND-6392322,5813.16,,,un,un,1.0,0,General,Otros,,,
"DADO []1/2"" DE 10 MM. POLIGONAL (54910) - FORCE/ACTION",6392500,CHM-6392500,PEND-6392500,1014.04,,,un,un,1.0,0,General,Otros,,,
"DADO []1/2"" DE 13 MM. POLIGONAL (54913) - FORCE/ACTION",6392515,CHM-6392515,PEND-6392515,1014.04,,,un,un,1.0,0,General,Otros,,,
"DADO LARGO []1/2"" DE 10 MM. HEX. (5457710) - FORCE/ACTION",6392800,CHM-6392800,PEND-6392800,2476.868,,,un,un,1.0,0,General,Otros,,,
"DADO LARGO []1/2"" DE 12 MM. HEX. (5457712) - FORCE/ACTION",6392810,CHM-6392810,PEND-6392810,2437.712,,,un,un,1.0,0,General,Otros,,,
"DADO LARGO []1/2"" DE 14 MM. HEX. (5457714) - FORCE/ACTION",6392820,CHM-6392820,PEND-6392820,2398.556,,,un,un,1.0,0,General,Otros,,,
"BARROTE CORREDIZO []1/2"" (8034250) - FORCE/ACTION",6393445,CHM-6393445,PEND-6393445,2940.716,,,un,un,1.0,0,General,Otros,,,
LLAVE ALLEN 12.0 MM. CORTA (76412) - FORCE/ACTION,6397030,CHM-6397030,PEND-6397030,1678.688,,,un,un,1.0,0,Gasfiteria,Tuberias y Conexiones,,,
LLAVE ALLEN 14.0 MM. CORTA (76414) - FORCE/ACTION,6397032,CHM-6397032,PEND-6397032,2251.972,,,un,un,1.0,0,Gasfiteria,Tuberias y Conexiones,,,
LLAVE ALLEN 17.0 MM. CORTA (76417) - FORCE/ACTION,6397034,CHM-6397034,PEND-6397034,3950.74,,,un,un,1.0,0,Gasfiteria,Tuberias y Conexiones,,,
CANALETA PH 25 BLANCA L 4 MTS.,64000,CHM-64000,PEND-64000,9193.628,,,unidad,unidad,1.0,0,General,Otros,,,
ESQUINERO CANALETA EXT/INT BLANCO PH25,64002,CHM-64002,PEND-64002,2226.872,,,unidad,unidad,1.0,0,General,Otros,,,
UNION CANALETA BLANCO PH25,64003,CHM-64003,PEND-64003,1019.06,,,unidad,unidad,1.0,0,General,Otros,,,
TAPA CANALETA DER/IZQ BLANCO PH25,64004,CHM-64004,PEND-64004,870.468,,,unidad,unidad,1.0,0,General,Otros,,,
GANCHO TRADICIONAL CANALETA BLANCO PH25,64005,CHM-64005,PEND-64005,950.788,,,unidad,unidad,1.0,0,General,Otros,,,
ABRAZADERA TUBO BAJADA 75 MM CANALETA BLANCO PH25,64008,CHM-64008,PEND-64008,602.4,,,unidad,unidad,1.0,0,Gasfiteria,Tuberias y Conexiones,,,
COPLA BAJADA CANALETA BLANCO 75 MM,64009,CHM-64009,PEND-64009,1469.856,,,unidad,unidad,1.0,0,General,Otros,,,
"CODO CANALETA M-H BLANCO 75 MM X 87,5°",64010,CHM-64010,PEND-64010,1424.676,,,unidad,unidad,1.0,0,Gasfiteria,Tuberias y Conexiones,,,
COPLA CANALETA BLANCO 75 MM,64012,CHM-64012,PEND-64012,1469.856,,,unidad,unidad,1.0,0,General,Otros,,,
TUBO BAJADA CANALETA BLANCO D 75 X 3 MTS.,64013,CHM-64013,PEND-64013,5961.752,,,unidad,unidad,1.0,0,Gasfiteria,Tuberias y Conexiones,,,
"CODO CANALETA H-H BLANCO 75 MM X 87,5°",64015,CHM-64015,PEND-64015,2329.28,,,unidad,unidad,1.0,0,Gasfiteria,Tuberias y Conexiones,,,
CODO CANALETA H-H BLANCO 75 MM X 45°,64016,CHM-64016,PEND-64016,2505.984,,,unidad,unidad,1.0,0,Gasfiteria,Tuberias y Conexiones,,,
CODO CANALETA H-H BLANCO 75 MM X 60°,64017,CHM-64017,PEND-64017,1850.372,,,unidad,unidad,1.0,0,Gasfiteria,Tuberias y Conexiones,,,
CANALETA PH 25 CAFEL 4 MTS.,64020,CHM-64020,PEND-64020,10577.14,,,unidad,unidad,1.0,0,General,Otros,,,
ESQUINERO CANALETA EXT/INT CAFE PH25,64022,CHM-64022,PEND-64022,2226.872,,,unidad,unidad,1.0,0,General,Otros,,,
UNION CANALETA CAFE PH25,64023,CHM-64023,PEND-64023,1019.06,,,unidad,unidad,1.0,0,General,Otros,,,
TAPA CANALETA DER/IZQ CAFEPH25,64024,CHM-64024,PEND-64024,870.468,,,unidad,unidad,1.0,0,General,Otros,,,
GANCHO TRADICIONAL CANALETA CAFE PH25,64025,CHM-64025,PEND-64025,950.788,,,unidad,unidad,1.0,0,General,Otros,,,
"B75 CODO CANALETA M-H MARRÓN 75 MM X 87,5°",64026,CHM-64026,PEND-64026,1424.676,,,unidad,unidad,1.0,0,Gasfiteria,Tuberias y Conexiones,,,
ABRAZADERA TUBO BAJADA 75 MM CANALETA CAFEPH25,64028,CHM-64028,PEND-64028,602.4,,,unidad,unidad,1.0,0,Gasfiteria,Tuberias y Conexiones,,,
CODO CANALETA H-H CAFE75 MM X 45°,64031,CHM-64031,PEND-64031,2882.484,,,unidad,unidad,1.0,0,Gasfiteria,Tuberias y Conexiones,,,
COPLA CANALETA CAFE75 MM,64033,CHM-64033,PEND-64033,1469.856,,,unidad,unidad,1.0,0,General,Otros,,,
TUBO BAJADA CANALETA CAFE 75 X 3 MTS.,64035,CHM-64035,PEND-64035,6991.856,,,unidad,unidad,1.0,0,Gasfiteria,Tuberias y Conexiones,,,
B80 BAJADA CANALETA BLANCO PH 25    80-75 MM,64040,CHM-64040,PEND-64040,3300.148,,,unidad,unidad,1.0,0,General,Otros,,,
B80 CODO CANALETA H-H BLANCO 80 MM X 45°,64042,CHM-64042,PEND-64042,2076.272,,,unidad,unidad,1.0,0,Gasfiteria,Tuberias y Conexiones,,,
"B80 CODO CANALETA M-H BLANCO 80 MM X 87,5°",64047,CHM-64047,PEND-64047,1326.284,,,unidad,unidad,1.0,0,Gasfiteria,Tuberias y Conexiones,,,
B80 BAJADA CANALETA MARRON PH 25    80-75 MM,64050,CHM-64050,PEND-64050,3300.148,,,unidad,unidad,1.0,0,General,Otros,,,
CINTA DE EMMASCARAR USO GENERAL BILDEN 24 MM X 40 M.,642043,CHM-642043,PEND-642043,1299.176,,,unidad,unidad,1.0,0,General,Otros,,,
CINTA DE EMMASCARAR USO GENERAL BILDEN 36MM X 40M.,642044,CHM-642044,PEND-642044,1915.632,,,unidad,unidad,1.0,0,General,Otros,,,
LLAVE LAVATORIOS STANDARD,65000,CHM-65000,PEND-65000,5385.456,,,unidad,unidad,1.0,0,Gasfiteria,Tuberias y Conexiones,,,
MONOMANDO LAVATORIOS STANDARD,65003,CHM-65003,PEND-65003,6252.912,,,unidad,unidad,1.0,0,General,Otros,,,
MONOMANDO DUCHA STANDARD,65006,CHM-65006,PEND-65006,9614.304,,,unidad,unidad,1.0,0,General,Otros,,,
MONOMANDO TINA DUCHA STANDARD,65009,CHM-65009,PEND-65009,12385.344,,,unidad,unidad,1.0,0,General,Otros,,,
MONOMANDO LAVAPLATOS STANDARD,65012,CHM-65012,PEND-65012,7421.568,,,unidad,unidad,1.0,0,General,Otros,,,
MONOMANDO LAVAPLATOS QUALITY,65013,CHM-65013,PEND-65013,9060.096,,,unidad,unidad,1.0,0,General,Otros,,,
COMBINACIÓN LAVAPLATOS STANDARD,65015,CHM-65015,PEND-65015,6445.68,,,unidad,unidad,1.0,0,General,Otros,,,
MANGUERA ENTRADA LAVADORA UNIVERSAL,65018,CHM-65018,PEND-65018,1581.3,,,caja,caja,1.0,0,General,Otros,,,
MANGUERA SALIDA LAVADORA UNIVERSAL,65019,CHM-65019,PEND-65019,1395.56,,,caja,caja,1.0,0,General,Otros,,,
LIMPIAMETALES 280 CC PLATEX LIQUIDO,65262,CHM-65262,PEND-65262,1920.7524,,,und,und,1.0,0,General,Otros,,,
LIMPIAMETALES 230 CC BRONCEX AEROSOL,65265,CHM-65265,PEND-65265,2675.5596,,,und,und,1.0,0,General,Otros,,,
DILUYENTE ACRILICO BOTELLA 1 L,66205,CHM-66205,PEND-66205,1812.22,,,unidad,unidad,1.0,0,Pinturas,Aplicacion,,,
ASADERA 50X35 CM ACERO INOXIDABLE,6620750,CHM-6620750,PEND-6620750,5210.76,,,unidad,unidad,1.0,0,Aceros y Techumbre,Planchas,,,
ASADERA 60X40 CM ACERO INOXIDABLE,6620760,CHM-6620760,PEND-6620760,6676.6,,,unidad,unidad,1.0,0,Aceros y Techumbre,Planchas,,,
"SET AMARRA CARGA 25MMX5MT, 2 PIEZAS",662502,CHM-662502,PEND-662502,10617.6514,,,unidad,unidad,1.0,0,General,Otros,,,
DILUYENTE DUCO INVIERNO BOTELLA 1 L,66505,CHM-66505,PEND-66505,1746.96,,,botella,botella,1.0,0,Pinturas,Aplicacion,,,
DILUYENTE DUCO PIROXILINA BOTELLA 1 L,66555,CHM-66555,PEND-66555,1997.96,,,unidad,unidad,1.0,0,Pinturas,Aplicacion,,,
DILUYENTE DUCO PIROXILINA BIDON 5 L,66657,CHM-66657,PEND-66657,9025.96,,,unidad,unidad,1.0,0,Pinturas,Aplicacion,,,
ARROCERA 28 CM. C/ASA EURO,6670228,CHM-6670228,PEND-6670228,16646.32,,,unidad,unidad,1.0,0,General,Otros,,,
DILUYENTE SINTETICO,66805,CHM-66805,PEND-66805,1231.908,,,unidad,unidad,1.0,0,Pinturas,Aplicacion,,,
DILUYENTE PINTURA DE PISCINA TARRO 1 L,66826,CHM-66826,PEND-66826,1927.68,,,botella,botella,1.0,0,Pinturas,Aplicacion,,,
PERRO MADERA P/ROPA 6CM 20 UND,669-15,CHM-669-15,PEND-669-15,370.476,,,1,1,1.0,0,General,Otros,,,
PTA ACERO SINFONIA 45X70X200,66CS1CABB000000000000000,CHM-66CS1CABB000000000000000,PEND-66CS1CABB000000000000000,74303.028,,,unidad,unidad,1.0,0,Aceros y Techumbre,Planchas,,,
PTA ACERO SINFONIA 45X80X200,66CS1EABB000000000000000,CHM-66CS1EABB000000000000000,PEND-66CS1EABB000000000000000,75308.032,,,unidad,unidad,1.0,0,Aceros y Techumbre,Planchas,,,
PTA ACERO SINFONIA 45X90X200,66CS1GABB000000000000000,CHM-66CS1GABB000000000000000,PEND-66CS1GABB000000000000000,82487.11391999999,,,UNIDAD,UNIDAD,1.0,0,Aceros y Techumbre,Planchas,,,
BARRA CORTINA 75-125CM BLANCO,670-10,CHM-670-10,PEND-670-10,6906.516,,,unidad,unidad,1.0,0,General,Otros,,,
TIZA LINEAS INGCO PLASTICO CON TIZA Y NIVEL # HCLR0130,670730,CHM-670730,PEND-670730,4588.28,,,unidad,unidad,1.0,0,General,Otros,,,
BARRA CORTINA 75-225CM BLANCO,671-10,CHM-671-10,PEND-671-10,10093.212,,,unidad,unidad,1.0,0,General,Otros,,,
AMP P21/5W 24V 21/5W BAY15D CR 2C STD CAJA,671505,CHM-671505,PEND-671505,228.912,,,unidad,unidad,1.0,0,General,Otros,,,
AMP R5W 24V 5W BA15S CR 1C STD CAJA,671543,CHM-671543,PEND-671543,209.836,,,unidad,unidad,1.0,0,General,Otros,,,
"JUEGO CABLES PUENTE BATERIAS INGCO 600 AMP.- 3,0 MTS # HBTCP6008",672242,CHM-672242,PEND-672242,23237.58,,,unidad,unidad,1.0,0,Electricidad,Cables y Accesorios,,,
"JUEGO CABLES PUENTE BATERIAS INGCO 200 AMP.- 2,5 MTS # HBTCP2001",672243,CHM-672243,PEND-672243,10612.28,,,juego,juego,1.0,0,Electricidad,Cables y Accesorios,,,
BARRA CORTINA 90X90X90CM BLANCO,673-10,CHM-673-10,PEND-673-10,10447.624,,,unidad,unidad,1.0,0,General,Otros,,,
MECHAS PALETA SDY006 3/4 SICHUAN,676032,CHM-676032,PEND-676032,1032.112,,,unidad,unidad,1.0,0,General,Otros,,,
MECHAS PALETA SDY006 1 SICHUAN,676036,CHM-676036,PEND-676036,1384.516,,,unidad,unidad,1.0,0,General,Otros,,,
SALPIMIENTA 45X45 IC CERAM PISO,6806737440,CHM-6806737440,PEND-6806737440,11087.172,,,m2,m2,1.0,0,General,Otros,,,
"MURO 25X35 BLANCO BRILLANTE  IC 2,19 M2 / 118,27 M2",6807330830,CHM-6807330830,PEND-6807330830,11581.14,,,m2,m2,1.0,0,General,Otros,,,
MADERA RUSTICA 50X50 AM,6850545050,CHM-6850545050,PEND-6850545050,8403.48,,,m2,m2,1.0,0,General,Otros,,,
ROLLETE 80X2650X86,686906-Concepción,CHM-686906-CONCEPCIÓN,PEND-686906-CONCEPCIÓN,2733.892,,,un,un,1.0,0,General,Otros,,,
ROLLETE 80X2650X96,686906-Retiro Concepción,CHM-686906-RETIRO-CONCEPCIÓN,PEND-686906-RETIRO-CONCEPCIÓN,2777.064,,,Un,Un,1.0,0,General,Otros,,,
AMP W5W 12V 5W W2.1X9.5D CR STD CAJA,690063,CHM-690063,PEND-690063,185.74,,,unidad,unidad,1.0,0,General,Otros,,,
AMP P21/5W 12V 21/5W BAY15D CR 2C STD CAJA,690810,CHM-690810,PEND-690810,305.216,,,unidad,unidad,1.0,0,General,Otros,,,
"CERAMICA MURO 20X30 BLANCO BRILLANTE NEW 1,50 M2 ( 120 M2 )",6910002030,CHM-6910002030,PEND-6910002030,6566.16,,,m2,m2,1.0,0,General,Otros,,,
VINTAGE PLATA BR 33X57 TR,6910303357,CHM-6910303357,PEND-6910303357,8232.8,,,m2,m2,1.0,0,General,Otros,,,
MADREPEROLA LARISSA BR 33X57 TR,6910503357,CHM-6910503357,PEND-6910503357,8232.8,,,M2,M2,1.0,0,General,Otros,,,
LAJA 46X46 AL,6940014646,CHM-6940014646,PEND-6940014646,7700.68,,,M2,M2,1.0,0,General,Otros,,,
CHILLAN 46X46 AL,6940024646,CHM-6940024646,PEND-6940024646,7700.68,,,M2,M2,1.0,0,General,Otros,,,
JACARANDA 46X46 AL,6940034646,CHM-6940034646,PEND-6940034646,7700.68,,,M2,M2,1.0,0,General,Otros,,,
MALARGÜE 46X46 AL,6940044646,CHM-6940044646,PEND-6940044646,7700.68,,,m2,m2,1.0,0,General,Otros,,,
ACUARIO BLANCO 25X35 LD,6940112535,CHM-6940112535,PEND-6940112535,7455.704,,,m2,m2,1.0,0,General,Otros,,,
VICTORIA GRIS 35X35 LD,6940223535,CHM-6940223535,PEND-6940223535,8330.188,,,m2,m2,1.0,0,General,Otros,,,
VICTORIA BEIGE 35X35 LD,6940233535,CHM-6940233535,PEND-6940233535,8330.188,,,m2,m2,1.0,0,General,Otros,,,
MSD MACHIHEMBRADO 3/4X4X3200X432,696047-Concepción,CHM-696047-CONCEPCIÓN,PEND-696047-CONCEPCIÓN,1760.012,,,un,un,1.0,0,General,Otros,,,
GEOS ROMBO 20X30,6973672030,CHM-6973672030,PEND-6973672030,6741.86,,,m2,m2,1.0,0,General,Otros,,,
GEOS AZUL 20X30,6975802030,CHM-6975802030,PEND-6975802030,6741.86,,,M2,M2,1.0,0,General,Otros,,,
"PORC. 60X60 QUARTZ IVORY 1,44 M2 ( 57,60 M2 )",6980006060,CHM-6980006060,PEND-6980006060,11588.168,,,M2,M2,1.0,0,General,Otros,,,
"PORC 60X60 QUARTZ CARRARA 1,44 M2 ( 57,60 M2)",6980796060,CHM-6980796060,PEND-6980796060,13009.832,,,m2,m2,1.0,0,General,Otros,,,
DELIMITADORA DT AMAR/NEGRA1125 48MMX23M,70-0069-7902-8,CHM-70-0069-7902-8,PEND-70-0069-7902-8,4848.316,,,rollo,rollo,1.0,0,General,Otros,,,
KIT PARTICULAS SOLIDAS LIQUIDAS Y VAPORES,70-0069-8652-8,CHM-70-0069-8652-8,PEND-70-0069-8652-8,15258.792,,,un,un,1.0,0,General,Otros,,,
3311 CINTA DE ALUMINIO 48MM X 45MTS,70-0713-5240-8,CHM-70-0713-5240-8,PEND-70-0713-5240-8,13631.308,,,un,un,1.0,0,General,Otros,,,
"LENTE DE SEGURIDAD OX LENTES CLAROS, PATAS NEGRAS, CON DX",70-0715-4120-8,CHM-70-0715-4120-8,PEND-70-0715-4120-8,3023.044,,,un,un,1.0,0,General,Otros,,,
FIELTRO ASFALTICO 10/16,7000000,CHM-7000000,PEND-7000000,5870.21732,,,rollo,rollo,1.0,0,General,Otros,,,
FIELTRO ASFALTICO 10/40,7000001,CHM-7000001,PEND-7000001,11559.805,,,rollo,rollo,1.0,0,General,Otros,,,
FIELTRO ASFALTICO 15/40,7000002,CHM-7000002,PEND-7000002,23061.88,,,rollo,rollo,1.0,0,General,Otros,,,
"SUPER FIELTRO VOLCAN 37,5 M2",7000090,CHM-7000090,PEND-7000090,15616.216,,,ROLLO,ROLLO,1.0,0,General,Otros,,,
GABINETE ZG CALEFONT DE 5 A 8 LITROS.,7000218,CHM-7000218,PEND-7000218,24994.58,,,un,un,1.0,0,Construccion,Materiales,,,
"5V ZA 0,30X895X3500 AZ150 (U:819 MM)",700039,CHM-700039,PEND-700039,8749.86,,,pl,pl,1.0,0,General,Otros,,,
"5V ZA 0,35X895X2000 AZ80 ECONÓMICA (U:819 MM)",700072,CHM-700072,PEND-700072,5627.6208,,,PL,PL,1.0,0,General,Otros,,,
"5V ZA 0,35X895X2500 AZ80 ECONÓMICA (U:819 MM)",700073,CHM-700073,PEND-700073,6867.36,,,pl,pl,1.0,0,General,Otros,,,
"5V ZA 0,35X895X3500 AZ80 ECONÓMICA (U:819 MM)",700075,CHM-700075,PEND-700075,9613.3,,,pl,pl,1.0,0,General,Otros,,,
"5V ZA 0,30X895X2000 AZ80 ECONOMICA (U:819 MM)",700076,CHM-700076,PEND-700076,5597.3,,,pl,pl,1.0,0,General,Otros,,,
"5V ZA 0,30X895X2500 AZ80 ECONOMICA (U:819 MM)",700077,CHM-700077,PEND-700077,6259.94,,,pl,pl,1.0,0,General,Otros,,,
"5V ZA 0,30X895X3000 AZ80 ECONOMICA (U:819 MM)",700078,CHM-700078,PEND-700078,8283.0,,,pl,pl,1.0,0,General,Otros,,,
PUERTA EXTERIOR OREGON AURORA,700AO,CHM-700AO,PEND-700AO,56424.8,,,unidad,unidad,1.0,0,General,Otros,,,
PUERTA EXTERIOR OREGON VICTORIA/TRANCURA 70X200,700VO,CHM-700VO,PEND-700VO,59597.44,,,UNIDAD,UNIDAD,1.0,0,General,Otros,,,
PUERTA EXTERIOR RADIATA VICTORIA/BIO BIO 70X200,700VR,CHM-700VR,PEND-700VR,49320.496,,,UNIDAD,UNIDAD,1.0,0,General,Otros,,,
"OSB 2440X1220X9,5 MM ( 84PZ)",708971-STGO,CHM-708971-STGO,PEND-708971-STGO,10017.912,,,UNIDAD,UNIDAD,1.0,0,General,Otros,,,
ESCOBILLA PARA ZAPATO 14 CMS,70958,CHM-70958,PEND-70958,532.371,,,und,und,1.0,0,General,Otros,,,
BELLA 8MM AKASYA,7120028458,CHM-7120028458,PEND-7120028458,16381.264,,,m2,m2,1.0,0,General,Otros,,,
BELLA 8MM DAPHNE,7120032211,CHM-7120032211,PEND-7120032211,16381.264,,,m2,m2,1.0,0,General,Otros,,,
"PUERTA PLACA TERCIADO 45 X 0,800 X 2,000 ( 25 X PQTE )",71574508002000,CHM-71574508002000,PEND-71574508002000,15247.748,,,unidad,unidad,1.0,0,General,Otros,,,
GANCHO CANAL HOJALATERIA COLOR METAL,7200005,CHM-7200005,PEND-7200005,281.12,,,unidad,unidad,1.0,0,General,Otros,,,
"TUBO GALVANIZADO 4,0"" (E=0,35 M.M.)",7200124,CHM-7200124,PEND-7200124,2424.66,,,un,un,1.0,0,Gasfiteria,Tuberias y Conexiones,,,
"TUBO GALVANIZADO 4,5"" (E=0,35 M.M.)",7200125,CHM-7200125,PEND-7200125,2675.66,,,un,un,1.0,0,Gasfiteria,Tuberias y Conexiones,,,
"TUBO GALVANIZADO 5,0"" (E=0,35 M.M.)",7200126,CHM-7200126,PEND-7200126,3087.3,,,unidad,unidad,1.0,0,Gasfiteria,Tuberias y Conexiones,,,
"GORRO GALVANIZADO 4,0"" (E=0,35 M.M.)",7200136,CHM-7200136,PEND-7200136,2248.96,,,unidad,unidad,1.0,0,General,Otros,,,
"GORRO GALVANIZADO 4,5"" (E=0,35 M.M.)",7200137,CHM-7200137,PEND-7200137,2424.66,,,unidad,unidad,1.0,0,General,Otros,,,
"GORRO GALVANIZADO 5,0"" (E=0,35 M.M.)",7200138,CHM-7200138,PEND-7200138,2374.46,,,un,un,1.0,0,General,Otros,,,
"ANILLO GALVANIZADO 4,0"" (E=0,35 M.M.)",7200143,CHM-7200143,PEND-7200143,793.16,,,unidad,unidad,1.0,0,General,Otros,,,
"ANILLO GALVANIZADO 4,5"" (E=0,35 M.M.)",7200144,CHM-7200144,PEND-7200144,793.16,,,unidad,unidad,1.0,0,General,Otros,,,
"ANILLO GALVANIZADO 5,0"" (E=0,35 M.M.)",7200145,CHM-7200145,PEND-7200145,793.16,,,unidad,unidad,1.0,0,General,Otros,,,
GABINETE ZG CALEFONT DE 10 A 12 LITROS.,7200167,CHM-7200167,PEND-7200167,35225.34,,,unidad,unidad,1.0,0,Construccion,Materiales,,,
TOSTADOR ESTAÑADO CLASICO VIRUTEX-ILKO,72069,CHM-72069,PEND-72069,2714.565,,,und,und,1.0,0,General,Otros,,,
AMPOLLETA H4 P43T 12V 60/55W,7207101,CHM-7207101,PEND-7207101,2158.6,,,unidad,unidad,1.0,0,General,Otros,,,
AMPOLLETA H4 P43T 24V 75/70W,7207102,CHM-7207102,PEND-7207102,2153.58,,,unidad,unidad,1.0,0,General,Otros,,,
AMPOLLETA H3 12V 55W,7207121,CHM-7207121,PEND-7207121,928.7,,,unidad,unidad,1.0,0,General,Otros,,,
AMPOLLETA H7 12V 55W,7207141,CHM-7207141,PEND-7207141,2158.6,,,unidad,unidad,1.0,0,General,Otros,,,
AMPOLLETA H7 24V 70W,7207142,CHM-7207142,PEND-7207142,1997.96,,,unidad,unidad,1.0,0,General,Otros,,,
AMPOLLETA 93 12V 21W 1CONT.NORMAL,7207321,CHM-7207321,PEND-7207321,291.16,,,unidad,unidad,1.0,0,General,Otros,,,
AMPOLLETA 1034 12V 21/5W 2CONT,7207341,CHM-7207341,PEND-7207341,326.3,,,unidad,unidad,1.0,0,General,Otros,,,
AMPOLLETA 67 12V 5W 1CONT,7207401,CHM-7207401,PEND-7207401,251.0,,,unidad,unidad,1.0,0,General,Otros,,,
AMPOLLETA PIOJITO 12V 1.2W TABLERO,7207601,CHM-7207601,PEND-7207601,155.62,,,unidad,unidad,1.0,0,General,Otros,,,
AMPOLLETA C/PESCADO 12V 5W TABLERO,7207621,CHM-7207621,PEND-7207621,150.6,,,unidad,unidad,1.0,0,General,Otros,,,
AMPOLLETA C/PESCADO 24V 5W TABLERO,7207622,CHM-7207622,PEND-7207622,195.78,,,unidad,unidad,1.0,0,General,Otros,,,
LIQUIDO DE FRENOS DOT3 1000ML,722796,CHM-722796,PEND-722796,4829.24,,,unidad,unidad,1.0,0,General,Otros,,,
FUSIBLE ATO 15A 100 UNIDADES,724295,CHM-724295,PEND-724295,51.204,,,unidad,unidad,1.0,0,General,Otros,,,
FUSIBLE MINI 20A 200 UNIDADES,724516,CHM-724516,PEND-724516,46.184,,,unidad,unidad,1.0,0,General,Otros,,,
FUSIBLE MINI 10A 200 UNIDADES,724554,CHM-724554,PEND-724554,46.184,,,unidad,unidad,1.0,0,General,Otros,,,
"FUSIBLE MINI 7,5A 200 UNIDADES",724578,CHM-724578,PEND-724578,46.184,,,unidad,unidad,1.0,0,General,Otros,,,
BAOFENG INTERCOM. PANTALLA LCD DIGITAL136-174/400-520MHZ ALCANCE APROX 3 KM 1 UNIDAD,7247,CHM-7247,PEND-7247,26316.60704,,,UNIDAD,UNIDAD,1.0,0,General,Otros,,,
POWERLAB LAMPARA DE EMERGENCIA 30 LED,7258,CHM-7258,PEND-7258,5055.8528400000005,,,unidad,unidad,1.0,0,General,Otros,,,
POWERLAB LAMPARA DE EMERGENCIA 90 LED,7259,CHM-7259,PEND-7259,10750.81192,,,unidad,unidad,1.0,0,General,Otros,,,
BOQUILLA BAJADA ZG,7300024,CHM-7300024,PEND-7300024,456.82,,,un,un,1.0,0,General,Otros,,,
TRAPERO 50 X 40 C/OJAL CONVENIENTE ALGODON,73027,CHM-73027,PEND-73027,1148.0238,,,und,und,1.0,0,General,Otros,,,
GATA CAIMÁN 2 TONELADAS,736502,CHM-736502,PEND-736502,56096.50204,,,unidad,unidad,1.0,0,General,Otros,,,
ESCOBILLA ANATOMICA,737-6,CHM-737-6,PEND-737-6,297.184,,,1,1,1.0,0,General,Otros,,,
CHURRASQUERA FUND. (26X26X4),74201,CHM-74201,PEND-74201,9857.69368,,,UNIDAD,UNIDAD,1.0,0,General,Otros,,,
DISCO 45 CM C/PATAS,74301,CHM-74301,PEND-74301,18004.55128,,,UNIDAD,UNIDAD,1.0,0,Herramientas,Discos y Corte,,,
MSD PISO 1X4X3200X312 (RETIRO CONCEPCIÓN),745123-Retiro Concepción,CHM-745123-RETIRO-CONCEPCIÓN,PEND-745123-RETIRO-CONCEPCIÓN,2349.36,,,un,un,1.0,0,General,Otros,,,
MSD CIELO 1/2X4X3200X648 (CONCEPCIÓN),745124-Concepción,CHM-745124-CONCEPCIÓN,PEND-745124-CONCEPCIÓN,1525.076,,,un,un,1.0,0,General,Otros,,,
"CINTA REFLECTIVA PARA CAMIONES 2"" X 45,7 MT. BLANCO/ROJO (BICOLOR)",75-0301-2244-6,CHM-75-0301-2244-6,PEND-75-0301-2244-6,102941.15412,,,rollo,rollo,1.0,0,General,Otros,,,
"CINTA REFLECTIVA PARA CAMIONES 2"" X 45,7 MT. BLANCA",75-0301-2248-7,CHM-75-0301-2248-7,PEND-75-0301-2248-7,106030.432,,,rollo,rollo,1.0,0,General,Otros,,,
CINTA REFLECTIVA ROJA 983-72 GRADO INGENIERIA DE 2IN X 45.7M,75-0301-2280-0,CHM-75-0301-2280-0,PEND-75-0301-2280-0,94399.36308,,,rollo,rollo,1.0,0,General,Otros,,,
"983-23 CINTA CONSP LIMON FLUOR 2"" X 45 MTS",75-0301-6183-2,CHM-75-0301-6183-2,PEND-75-0301-6183-2,110216.108,,,rollo,rollo,1.0,0,General,Otros,,,
PVC-U PRESIÓN D.20MM PN 16 X 6M (SDR 13.6) NCH 399,750004,CHM-750004,PEND-750004,2978.868,,,unidad,unidad,1.0,0,Gasfiteria,Tuberias y Conexiones,,,
PVC-U PRESIÓN D.25MM PN 12.5 X 6M (SDR 17) NCH 399,750005,CHM-750005,PEND-750005,3861.384,,,unidad,unidad,1.0,0,Gasfiteria,Tuberias y Conexiones,,,
PVC-U PRESIÓN D.32MM PN 10 X 6M (SDR 21) NCH 399,750015,CHM-750015,PEND-750015,5084.256,,,unidad,unidad,1.0,0,Gasfiteria,Tuberias y Conexiones,,,
PVC-U PRESIÓN D.40MM PN 6 X 6M (SDR 33) NCH 399,750025,CHM-750025,PEND-750025,6153.516,,,unidad,unidad,1.0,0,Gasfiteria,Tuberias y Conexiones,,,
PVC-U PRESIÓN D.40MM PN 10 X 6M (SDR 21) NCH 399,750035,CHM-750035,PEND-750035,7525.984,,,unidad,unidad,1.0,0,Gasfiteria,Tuberias y Conexiones,,,
PVC-U PRESIÓN D.50MM PN 6 X 6M (SDR 33) NCH 399,750045,CHM-750045,PEND-750045,8074.168,,,unidad,unidad,1.0,0,Gasfiteria,Tuberias y Conexiones,,,
PVC-U PRESIÓN D.50MM PN 10 X 6M (SDR 21) NCH 399,750055,CHM-750055,PEND-750055,11827.12,,,unidad,unidad,1.0,0,Gasfiteria,Tuberias y Conexiones,,,
INTERRUPTOR 9/12 HIDROBOX IP55,7500HX7771,CHM-7500HX7771,PEND-7500HX7771,6035.044,,,unidad,unidad,1.0,0,Electricidad,Cables y Accesorios,,,
INTERRUPTOR 9/12 + TOMACORRIENTE 10/16A HIDROBOX IP55,7500HX7777,CHM-7500HX7777,PEND-7500HX7777,7376.388,,,unidad,unidad,1.0,0,Electricidad,Cables y Accesorios,,,
TOMACORRIENTE DOBLE 10/16A HIDROBOX IP55,7500HX7782,CHM-7500HX7782,PEND-7500HX7782,6374.396,,,unidad,unidad,1.0,0,Electricidad,Cables y Accesorios,,,
PVC-U PRESIÓN D.110MM PN 6 X 6M (SDR 41) NCH 399,750125,CHM-750125,PEND-750125,30718.384,,,unidad,unidad,1.0,0,Gasfiteria,Tuberias y Conexiones,,,
PVC SANITARIO GRIS D.40MM X6M NCH 1635,750400,CHM-750400,PEND-750400,5598.304,,,unidad,unidad,1.0,0,Gasfiteria,Tuberias y Conexiones,,,
PVC SANITARIO GRIS D.50MM X6M NCH 1635,750405,CHM-750405,PEND-750405,7087.236,,,unidad,unidad,1.0,0,Gasfiteria,Tuberias y Conexiones,,,
PVC SANITARIO GRIS D.75MM X6M NCH 1635,750410,CHM-750410,PEND-750410,10774.928,,,unidad,unidad,1.0,0,Gasfiteria,Tuberias y Conexiones,,,
PVC SANITARIO GRIS D.110MM X6M NCH 1635,750415,CHM-750415,PEND-750415,19468.564,,,unidad,unidad,1.0,0,Gasfiteria,Tuberias y Conexiones,,,
PUERTA EXTERIOR RADIATA VICTORIA/BIO BIO 75X200,750VR,CHM-750VR,PEND-750VR,49320.496,,,UNIDAD,UNIDAD,1.0,0,General,Otros,,,
CORNISA 13X43 X3000X20,751646-Concepción,CHM-751646-CONCEPCIÓN,PEND-751646-CONCEPCIÓN,1442.748,,,un,un,1.0,0,General,Otros,,,
CORNISA 19X19 X3000X20,751647-Concepción,CHM-751647-CONCEPCIÓN,PEND-751647-CONCEPCIÓN,874.484,,,un,un,1.0,0,General,Otros,,,
CORNISA 28X28 X3000X20,751648-Concepción,CHM-751648-CONCEPCIÓN,PEND-751648-CONCEPCIÓN,1811.216,,,un,un,1.0,0,General,Otros,,,
CUBREJUNTA CHAFLÁN9X30X3000X20 (CONCEPCIÓN),751649-Concepción,CHM-751649-CONCEPCIÓN,PEND-751649-CONCEPCIÓN,737.94,1200.0,1200.0,un,un,1.0,0,General,Otros,,,
CUBREJUNTA RODÓN 9X30X3000X20 (CONCEPCIÓN),751650-Concepción,CHM-751650-CONCEPCIÓN,PEND-751650-CONCEPCIÓN,737.94,,,un,un,1.0,0,General,Otros,,,
"GUARDAPOLVO RODÓN 13X43X3000X20  de 2""",751655-Concepción,CHM-751655-CONCEPCIÓN,PEND-751655-CONCEPCIÓN,1207.812,1800.0,1800.0,Un,Un,1.0,0,General,Otros,,,
"GUARDAPOLVO RODÓN 13X68X3000X20  de 3""",751656-Concepción,CHM-751656-CONCEPCIÓN,PEND-751656-CONCEPCIÓN,1776.076,2500.0,2500.0,un,un,1.0,0,General,Otros,,,
JUEGO MARCO PUERTA 30X90X5400X1,751657-Concepción,CHM-751657-CONCEPCIÓN,PEND-751657-CONCEPCIÓN,8462.716,12500.0,12500.0,un,un,1.0,0,General,Otros,,,
JUEGO MARCO PUERTA 40X68X5400X1,751658-Concepción,CHM-751658-CONCEPCIÓN,PEND-751658-CONCEPCIÓN,8629.38,,,un,un,1.0,0,General,Otros,,,
JUEGO MARCO PUERTA 40X90X5400X1,751659-Concepción,CHM-751659-CONCEPCIÓN,PEND-751659-CONCEPCIÓN,11264.88,16500.0,16500.0,un,un,1.0,0,General,Otros,,,
JUNQUILLO 1/4 RODÓN19X19 X3000X20 (CONCEPCIÓN),751660-Concepción,CHM-751660-CONCEPCIÓN,PEND-751660-CONCEPCIÓN,879.504,1350.0,1350.0,Un,Un,1.0,0,General,Otros,,,
JUNQUILLO 1/4 RODÓN19X19 X3000X20,751660-Retiro Concepción,CHM-751660-RETIRO-CONCEPCIÓN,PEND-751660-RETIRO-CONCEPCIÓN,877.496,,,un,un,1.0,0,General,Otros,,,
JUNQUILLO RECTO,751661-Retiro Concepción,CHM-751661-RETIRO-CONCEPCIÓN,PEND-751661-RETIRO-CONCEPCIÓN,877.496,,,un,un,1.0,0,General,Otros,,,
SET ASADERAS 1.6/2.2/2.9 VIDRIO,7520702,CHM-7520702,PEND-7520702,10019.92,,,unidad,unidad,1.0,0,General,Otros,,,
PLIEGO DE LIJA AL AGUA SIA 1713 N 1000,753322,CHM-753322,PEND-753322,567.26,,,pliego,pliego,1.0,0,General,Otros,,,
PLIEGO LIJA AL AGUA 1713 # 1500,753324,CHM-753324,PEND-753324,622.48,,,unidad,unidad,1.0,0,General,Otros,,,
PLIEGO LIJA AL AGUA 1713 # 2000,753325,CHM-753325,PEND-753325,622.48,,,unidad,unidad,1.0,0,General,Otros,,,
"SET SIERRA COPA, 8 PIEZAS",756708,CHM-756708,PEND-756708,9155.18484,,,unidad,unidad,1.0,0,Herramientas,Discos y Corte,,,
"SET SIERRA COPA, 11 PIEZAS",756711,CHM-756711,PEND-756711,7212.35448,,,unidad,unidad,1.0,0,Herramientas,Discos y Corte,,,
SENSOR DE OXIGENO CONVENCIONAL 3 CABLES SIN ENCHUFE,758153,CHM-758153,PEND-758153,40967.216,,,unidad,unidad,1.0,0,Electricidad,Cables y Accesorios,,,
"ALARGADOR MÚLTIPLE NEGRO 4 TOMAS 3MTS., 2P+T, 10A",7600201,CHM-7600201,PEND-7600201,5522.0,,,Unidad,Unidad,1.0,0,Electricidad,Cables y Accesorios,,,
MOPA RED C/PALO SINTE. ANTIBACTERIAL,764-137,CHM-764-137,PEND-764-137,1568.42872,,,unidad,unidad,1.0,0,General,Otros,,,
BANDAS TELA SIA N 80 3 X 24,765015,CHM-765015,PEND-765015,1654.592,,,unidad,unidad,1.0,0,General,Otros,,,
BANDAS TELA SIA N 100 3 X 24,765016,CHM-765016,PEND-765016,1654.592,,,unidad,unidad,1.0,0,General,Otros,,,
BANDAS TELA SIA N 150 3 X 24,765018,CHM-765018,PEND-765018,1654.592,,,unidad,unidad,1.0,0,General,Otros,,,
BANDAS TELA SIA N 60 4 X 24,765034,CHM-765034,PEND-765034,2182.696,,,unidad,unidad,1.0,0,General,Otros,,,
BANDAS TELA SIA N 100 4 X 24,765036,CHM-765036,PEND-765036,2182.696,,,unidad,unidad,1.0,0,General,Otros,,,
BANDAS TELA SIA N 150 4 X 24,765038,CHM-765038,PEND-765038,2182.696,,,unidad,unidad,1.0,0,General,Otros,,,
TELA SIAWOOD X-2920 N 80 3 X21 DISPLAY 2,765055,CHM-765055,PEND-765055,4035.076,,,unidad,unidad,1.0,0,General,Otros,,,
BANDAS TELA SIA N 40 3 X 18,765932,CHM-765932,PEND-765932,1581.3,,,unidad,unidad,1.0,0,General,Otros,,,
BANDAS TELA SIA N 80 3 X 18,765935,CHM-765935,PEND-765935,1335.32,,,unidad,unidad,1.0,0,General,Otros,,,
"DISCO LIJA 4 1/2"" #80 P/SIAREX VELCRO SIN PERFORACION",767770,CHM-767770,PEND-767770,406.62,,,unidad,unidad,1.0,0,Herramientas,Discos y Corte,,,
"DISCO LIJA 4 1/2"" #100 P/SIAREX VELCRO SIN PERFORACION",767771,CHM-767771,PEND-767771,406.62,,,unidad,unidad,1.0,0,Herramientas,Discos y Corte,,,
"DISCO LIJA 4 1/2"" #120 P/SIAREX VELCRO SIN PERFORACION",767772,CHM-767772,PEND-767772,406.62,,,unidad,unidad,1.0,0,Herramientas,Discos y Corte,,,
"DISCO LIJA 4 1/2"" #220 P/SIAREX VELCRO SIN PERFORACION",767775,CHM-767775,PEND-767775,372.484,,,unidad,unidad,1.0,0,Herramientas,Discos y Corte,,,
"DISCO LIJA 5"" #60 PP SIAREX VELCRO 8 PERFORACIONES",767872,CHM-767872,PEND-767872,388.548,,,unidad,unidad,1.0,0,Herramientas,Discos y Corte,,,
"DISCO LIJA PAPEL SIAREX SIST. VELCRO #80 5"" CON 8 PERFORACIONES",767873,CHM-767873,PEND-767873,388.548,,,unidad,unidad,1.0,0,Herramientas,Discos y Corte,,,
"DISCO LIJA 5"" #100 PP SIAREX VELCRO 8 PERFORACIONES",767874,CHM-767874,PEND-767874,388.548,,,unidad,unidad,1.0,0,Herramientas,Discos y Corte,,,
"DISCO LIJA PAPEL SIAREX SIST VELCRO 5"" CON 8 PERFORACIONES #120",767875,CHM-767875,PEND-767875,388.548,,,unidad,unidad,1.0,0,Herramientas,Discos y Corte,,,
"DISCO LIJA PAPEL SIAREX SIST VELERO 5"" CON 8 PERFORACIONES #150",767876,CHM-767876,PEND-767876,388.548,,,unidad,unidad,1.0,0,Herramientas,Discos y Corte,,,
ENCHUFE HEMBRA 2P+T 10A 250VAC NEGRO,7681101,CHM-7681101,PEND-7681101,1556.2,,,unidad,unidad,1.0,0,Electricidad,Cables y Accesorios,,,
"DISCO POLIFLEX OX- 60 4 1/2"" ANG F29 UNIV.",768437,CHM-768437,PEND-768437,2731.884,,,unidad,unidad,1.0,0,Herramientas,Discos y Corte,,,
"DISCO POLIFLEX OX -100 4 1/2"" ANG F29 UNIV.",768439,CHM-768439,PEND-768439,2731.884,,,unidad,unidad,1.0,0,Herramientas,Discos y Corte,,,
PTA HDF SINFONIA 45X60X200,76SP1A9BB000AC0,CHM-76SP1A9BB000AC0,PEND-76SP1A9BB000AC0,20754.688,,,unidad,unidad,1.0,0,General,Otros,,,
PTA HDF SINFONIA 45X65X200,76SP1B9BB000AC0,CHM-76SP1B9BB000AC0,PEND-76SP1B9BB000AC0,22485.584,,,unidad,unidad,1.0,0,General,Otros,,,
PTA HDF SINFONIA POMO 45X70X200,76SP1C9BB0PPACP,CHM-76SP1C9BB0PPACP,PEND-76SP1C9BB0PPACP,27013.624,,,unidad,unidad,1.0,0,General,Otros,,,
PTA HDF SINFONIA 45X75X200,76SP1D9BB000AC0,CHM-76SP1D9BB000AC0,PEND-76SP1D9BB000AC0,24554.828,,,unidad,unidad,1.0,0,General,Otros,,,
PTA HDF SINFONIA POMO 45X80X200,76SP1E9BB0PPACP,CHM-76SP1E9BB0PPACP,PEND-76SP1E9BB0PPACP,30864.968,,,unidad,unidad,1.0,0,General,Otros,,,
PTA HDF SINFONIA 45X85X200,76SP1F9BB000AC0,CHM-76SP1F9BB000AC0,PEND-76SP1F9BB000AC0,27436.1072,,,unidad,unidad,1.0,0,General,Otros,,,
CALEFÓN IONIZADO JUNKERS 5 LT. GL W5  B31 GLP ASO,7716403079,CHM-7716403079,PEND-7716403079,137514.25556000002,,,Unidad,Unidad,1.0,0,Construccion,Materiales,,,
CALEFON JUNKERS 7 LTS IONIZADO GAS LICUADO,7716433036,CHM-7716433036,PEND-7716433036,104456.16,,,UNIDAD,UNIDAD,1.0,0,Construccion,Materiales,,,
CALEFON JUNKERS 7 LTS GAS LICUADO MODELO AS0,7716433124,CHM-7716433124,PEND-7716433124,81324.0,,,UNIDAD,UNIDAD,1.0,0,Construccion,Materiales,,,
"ROZON LIVIANO, 590G. SIN MANGO",77600115,CHM-77600115,PEND-77600115,5891.120599999999,,,unidad,unidad,1.0,0,General,Otros,,,
"SET DISCOS LIJA 125MM / 5"" 60#",776006,CHM-776006,PEND-776006,1034.36096,,,unidad,unidad,1.0,0,Herramientas,Discos y Corte,,,
"SET DISCOS LIJA 125MM / 5"" 120#",776012,CHM-776012,PEND-776012,1000.44584,,,unidad,unidad,1.0,0,Herramientas,Discos y Corte,,,
"SET DISCOS LIJA 125MM / 5"" 180#",776018,CHM-776018,PEND-776018,1001.46992,,,unidad,unidad,1.0,0,Herramientas,Discos y Corte,,,
ROZON PESADO 308X100 MM - 920 G.SIN MANGO,77607125,CHM-77607125,PEND-77607125,8565.124,,,unidad,unidad,1.0,0,General,Otros,,,
ACEITE MEZCLA STIHL 125CC.,7804638310035,CHM-7804638310035,PEND-7804638310035,2108.4,,,unidad,unidad,1.0,0,General,Otros,,,
ACEITE MEZCLA 50 CC.UNID.MIN COMP 60,7804638310042,CHM-7804638310042,PEND-7804638310042,1204.8,,,unidad,unidad,1.0,0,General,Otros,,,
ACEITE MEZCLA STIHL 250CC.,7804638310059,CHM-7804638310059,PEND-7804638310059,2599.356,,,unidad,unidad,1.0,0,General,Otros,,,
ACEITE MEZCLA STIHL 1/2LT.,7804638310066,CHM-7804638310066,PEND-7804638310066,4267.0,,,unidad,unidad,1.0,0,General,Otros,,,
ACEITE MEZCLA STIHL 1LT.,7804638310073,CHM-7804638310073,PEND-7804638310073,7730.8,,,unidad,unidad,1.0,0,General,Otros,,,
"ACEITE MEZCLA, 5000 CC UNID. MIN COMP 4",7804638310080,CHM-7804638310080,PEND-7804638310080,29116.0,,,un,un,1.0,0,General,Otros,,,
DESOXIDANTE BOTELLA 1/2 L,78603,CHM-78603,PEND-78603,1255.0,,,unidad,unidad,1.0,0,General,Otros,,,
DESOXIDANTE BOTELLA 1 L,78605,CHM-78605,PEND-78605,1706.8,,,unidad,unidad,1.0,0,General,Otros,,,
"CINTA ELECTRICA SCOTCH SUPER 33+ NEGRO 3/4"" X 20M X 7MILS",80-6112-0701-2,CHM-80-6112-0701-2,PEND-80-6112-0701-2,5357.344,,,rollo,rollo,1.0,0,General,Otros,,,
"DISCO CORTE METAL RASTA CLASSIC 4.1/2""  115X1,0X22,2",800041,CHM-800041,PEND-800041,698.784,,,unidad,unidad,1.0,0,Herramientas,Discos y Corte,,,
BALANZA DE BAÑO SMART SCALE BP,8000836,CHM-8000836,PEND-8000836,6321.40488,,,UN,UN,1.0,0,Construccion,Materiales,,,
SET X 2 - LUZ DE SEGURIDAD PARA BICICLETAS 1 LED ON/FLASHING/OFF PILAS INCLUIDAS,800102,CHM-800102,PEND-800102,2023.06,,,UNIDAD,UNIDAD,1.0,0,General,Otros,,,
SET X 2 LINTERNA BICICLETA 2 LED SILICONA ON/FLASHING/OFF,800117,CHM-800117,PEND-800117,2023.06,,,unidad,unidad,1.0,0,General,Otros,,,
PUERTA EXTERIOR RADIATA AURORA,800A,CHM-800A,PEND-800A,46744.232,,,unidad,unidad,1.0,0,General,Otros,,,
PUERTA EXTERIOR OREGON VICTORIA/TRANCURA 80X200,800VO,CHM-800VO,PEND-800VO,59597.44,,,UNIDAD,UNIDAD,1.0,0,General,Otros,,,
PUERTA EXTERIOR RADIATA VICTORIA/BIO BIO 80X200,800VR,CHM-800VR,PEND-800VR,49320.496,,,UNIDAD,UNIDAD,1.0,0,General,Otros,,,
ONE ASIENTO Y TAPA WC,801-10,CHM-801-10,PEND-801-10,4990.884,,,unidad,unidad,1.0,0,General,Otros,,,
APOLO ASIENTO Y TAPA WC,801-20,CHM-801-20,PEND-801-20,9562.096,,,unidad,unidad,1.0,0,General,Otros,,,
"DISCO DESBASTE RASTA METAL ART.3106 41/2 X 1/4 X 7/8""",801002,CHM-801002,PEND-801002,3030.072,,,unidad,unidad,1.0,0,Herramientas,Discos y Corte,,,
CEPILLO ELECT TOLSEN 82 MM 900W 79535,8016400607935,CHM-8016400607935,PEND-8016400607935,39794.544,,,UNIDAD,UNIDAD,1.0,0,General,Otros,,,
LIJADORA ORBITAL TOLSEN 280W 79565,8016401107965,CHM-8016401107965,PEND-8016401107965,21987.6,,,UNIDAD,UNIDAD,1.0,0,General,Otros,,,
SIERRA CIRC.TOLSEN 7 1/4 1200W 79531,8016401657931,CHM-8016401657931,PEND-8016401657931,42067.6,,,UNIDAD,UNIDAD,1.0,0,Herramientas,Discos y Corte,,,
"TRONZADORA TOLSEN 14"" 2500W",8016402109538,CHM-8016402109538,PEND-8016402109538,96283.6,,,UNIDAD,UNIDAD,1.0,0,General,Otros,,,
BOTA PVC AGRICOLA 41,802-6003-41,CHM-802-6003-41,PEND-802-6003-41,8935.6,,,par,par,1.0,0,Gasfiteria,Tuberias y Conexiones,,,
BOTA PVC MODELO WORK MASTER TALLA 41,802-6005-41,CHM-802-6005-41,PEND-802-6005-41,8433.6,,,par,par,1.0,0,Gasfiteria,Tuberias y Conexiones,,,
ESCOBILLA ALAMBRE ACERO 6X18 S/MANGO (1 - A) - HELA,8031120,CHM-8031120,PEND-8031120,2873.448,,,un,un,1.0,0,Aceros y Techumbre,Planchas,,,
ESCOBILLA ALAMBRE ACERO 3X12 C/MANGO (3 - C) - HELA,8031130,CHM-8031130,PEND-8031130,2547.148,,,un,un,1.0,0,Aceros y Techumbre,Planchas,,,
ESCOBILLA ALAMBRE ACERO 3X12 C/MANGO (5 - C) - HELA,8031140,CHM-8031140,PEND-8031140,1732.904,,,un,un,1.0,0,Aceros y Techumbre,Planchas,,,
SOFT ECO ASIENTO Y TAPA WC,805-16,CHM-805-16,PEND-805-16,15646.336,,,unidad,unidad,1.0,0,General,Otros,,,
BOTA GOMA CONCRETERA N° 41,807-6170-41,CHM-807-6170-41,PEND-807-6170-41,16003.76,,,par,par,1.0,0,General,Otros,,,
"SET 50 BARRA TOMA TIERRA 1/2"", 1MTS.",8100335,CHM-8100335,PEND-8100335,140861.2,,,Unidad,Unidad,1.0,0,Electricidad,Cables y Accesorios,,,
SET 12 REFLECTORES LED 20W VKB,8107060,CHM-8107060,PEND-8107060,51228.096,,,unidad,unidad,1.0,0,General,Otros,,,
"SET 40 REFLECTOR LED IP65, 20W, 6.500K, NEGRO",8107430,CHM-8107430,PEND-8107430,163772.48,,,Unidad,Unidad,1.0,0,General,Otros,,,
"SET 18 REFLECTOR LED IP65, 50W, 6.500K, NEGRO",8107450,CHM-8107450,PEND-8107450,136841.184,,,Unidad,Unidad,1.0,0,General,Otros,,,
"SET 12 REFLECTOR LED IP65, 10W, 6.500K, NEGRO",8108490,CHM-8108490,PEND-8108490,31975.392,,,unidad,unidad,1.0,0,General,Otros,,,
"SET 30 REFLECTOR LED IP65, 30W, 6.500K, NEGRO",8108502,CHM-8108502,PEND-8108502,178732.08,,,set,set,1.0,0,General,Otros,,,
"SET 20 REFLECTOR LED IP65 CON SENSOR 30W, 6.500K, NEGRO",8108531,CHM-8108531,PEND-8108531,188631.52,,,Unidad,Unidad,1.0,0,General,Otros,,,
CODO SANITARIO GRIS 50MMX 45°,819947,CHM-819947,PEND-819947,349.894,,,unidad,unidad,1.0,0,Gasfiteria,Tuberias y Conexiones,,,
CODO SANITARIO GRIS 75MMX 45°,819950,CHM-819950,PEND-819950,629.8091999999999,,,unidad,unidad,1.0,0,Gasfiteria,Tuberias y Conexiones,,,
CODO SANITARIO GRIS 110MMX 45°,819953,CHM-819953,PEND-819953,1399.576,,,unidad,unidad,1.0,0,Gasfiteria,Tuberias y Conexiones,,,
CODO SANITARIO GRIS 40MMX87.5°,819956,CHM-819956,PEND-819956,279.9152,,,unidad,unidad,1.0,0,Gasfiteria,Tuberias y Conexiones,,,
CODO SANITARIO GRIS 50MMX87.5°,819959,CHM-819959,PEND-819959,419.672,,,unidad,unidad,1.0,0,Gasfiteria,Tuberias y Conexiones,,,
CODO SANITARIO GRIS 110MMX87.5°,819965,CHM-819965,PEND-819965,1819.4488,,,unidad,unidad,1.0,0,Gasfiteria,Tuberias y Conexiones,,,
REDUCCION SANIT.GRIS 110MMX75MM,819977,CHM-819977,PEND-819977,979.7032,,,unidad,unidad,1.0,0,General,Otros,,,
TEE SANITARIO GRIS 110MMX110MM,819983,CHM-819983,PEND-819983,2449.258,,,unidad,unidad,1.0,0,Gasfiteria,Tuberias y Conexiones,,,
COPLA SANITARIO GRIS 110MM,819995,CHM-819995,PEND-819995,1260.02,,,unidad,unidad,1.0,0,General,Otros,,,
VEE SANITARIO GRIS 75MMX 40MM,820017,CHM-820017,PEND-820017,909.7244,,,unidad,unidad,1.0,0,General,Otros,,,
VEE SANITARIO GRIS 75MMX 50MM,820018,CHM-820018,PEND-820018,979.7032,,,unidad,unidad,1.0,0,General,Otros,,,
VEE SANITARIO GRIS 110MMX110MM,820020,CHM-820020,PEND-820020,3079.0672,,,unidad,unidad,1.0,0,General,Otros,,,
VEE SANITARIO GRIS 110MMX 75MM,820021,CHM-820021,PEND-820021,2239.3216,,,unidad,unidad,1.0,0,General,Otros,,,
VEE SANITARIO GRIS 110MMX 40MM,820023,CHM-820023,PEND-820023,1609.5123999999998,,,unidad,unidad,1.0,0,General,Otros,,,
TEE REGISTRO SANIT GRIS 110MM,820034,CHM-820034,PEND-820034,3149.046,,,unidad,unidad,1.0,0,Gasfiteria,Tuberias y Conexiones,,,
CODO REGIS SANIT.GRIS 110MM,820035,CHM-820035,PEND-820035,2659.1944,,,unidad,unidad,1.0,0,Gasfiteria,Tuberias y Conexiones,,,
PILETA UNIV. SANIT. GRIS,820048,CHM-820048,PEND-820048,4618.6008,,,unidad,unidad,1.0,0,General,Otros,,,
TAPA SANITARIA GRIS 110MM,820067,CHM-820067,PEND-820067,419.8728,,,unidad,unidad,1.0,0,General,Otros,,,
ESCOBILLON MUNICIPAL CON MANGO (L-285),8201020,CHM-8201020,PEND-8201020,2669.636,,,un,un,1.0,0,General,Otros,,,
MOLDURA NOMASTYL D 40 X 50 MM,820806,CHM-820806,PEND-820806,825.288,,,metro,metro,1.0,0,General,Otros,,,
MOLDURA NOMASTYL H 50 X 40 MM,821117,CHM-821117,PEND-821117,840.348,,,Metro,Metro,1.0,0,General,Otros,,,
MOLDURA NOMASTYL J 50 X 45 MM,821216,CHM-821216,PEND-821216,840.348,,,Metro,Metro,1.0,0,General,Otros,,,
REMOVEDOR DE PINTURA TARRO 1/2 L,82303,CHM-82303,PEND-82303,3483.88,,,tarro,tarro,1.0,0,Pinturas,Aplicacion,,,
REMOVEDOR DE PINTURA TARRO 1 L,82305,CHM-82305,PEND-82305,5040.08,,,tarro,tarro,1.0,0,Pinturas,Aplicacion,,,
"CADENA R1520E 4.5 15-20 8.0X4.2 NR (9,17KG)",829152080420450,CHM-829152080420450,PEND-829152080420450,13810.02,,,unidad,unidad,1.0,0,General,Otros,,,
"CHUZO 1"" (OCHHE100) - PLASMET",8301030,CHM-8301030,PEND-8301030,11932.54,,,un,un,1.0,0,General,Otros,,,
"CHUZO 1.1/4"" (OCHHE114) - PLASMET",8301040,CHM-8301040,PEND-8301040,17659.356,,,un,un,1.0,0,General,Otros,,,
CERR. TUBULAR 8000 AB-8303 OFICINA/DORMITORIO INOX BT,830301,CHM-830301,PEND-830301,28332.88,,,unidad,unidad,1.0,0,General,Otros,,,
PAÑO AMARILLO X 1 UN 30 X 40 CORRIENTE,83972,CHM-83972,PEND-83972,397.4334,,,und,und,1.0,0,General,Otros,,,
KIT ACCESORIO 5 PIEZAS ABS BASE,840-90,CHM-840-90,PEND-840-90,8108.304,,,unidad,unidad,1.0,0,General,Otros,,,
"CINTA REFLECTANTE PET ROLLO X 45,7M ASIMETRICA (280-180MM) ROJA/BLANCA",843453,CHM-843453,PEND-843453,53991.104,,,unidad,unidad,1.0,0,General,Otros,,,
CAL VIVA BOLSA 1 KG,84411,CHM-84411,PEND-84411,475.896,,,bolsa,bolsa,1.0,0,Construccion,Materiales,,,
CAL VIVA SACO 25 KG,84435,CHM-84435,PEND-84435,6726.8,,,saco,saco,1.0,0,Construccion,Materiales,,,
CEMENTO BLANCO BOLSA 1 KG,84644,CHM-84644,PEND-84644,903.6,,,unidad,unidad,1.0,0,Construccion,Materiales,,,
WC ONE PIECE LUND,850-10,CHM-850-10,PEND-850-10,127974.86,,,unidad,unidad,1.0,0,General,Otros,,,
PUERTA EXTERIOR OREGON AURORA 85X200,850AO,CHM-850AO,PEND-850AO,61725.92,,,unidad,unidad,1.0,0,General,Otros,,,
PUERTA EXTERIOR OREGON VICTORIA/TRANCURA 85X200,850VO,CHM-850VO,PEND-850VO,64918.64,,,UNIDAD,UNIDAD,1.0,0,General,Otros,,,
OLLA C/ARO 18 CM ENLOZADO,8530218,CHM-8530218,PEND-8530218,5825.208,,,UNIDAD,UNIDAD,1.0,0,General,Otros,,,
OLLA C/ARO 20 CM ENLOZADO,8530220,CHM-8530220,PEND-8530220,6533.028,,,UNIDAD,UNIDAD,1.0,0,General,Otros,,,
OLLA C/ARO 22 CM ENLOZADO,8530222,CHM-8530222,PEND-8530222,7471.768,,,UNIDAD,UNIDAD,1.0,0,General,Otros,,,
OLLA C/ARO 24 CM ENLOZADO,8530224,CHM-8530224,PEND-8530224,9518.924,,,UNIDAD,UNIDAD,1.0,0,General,Otros,,,
PLATO BOWL 18 CM ENLOZADO RUSTIK,8570739,CHM-8570739,PEND-8570739,3654.56,,,unidad,unidad,1.0,0,General,Otros,,,
PARTIDOR LEÑA DURALINE  25 HP,858-025,CHM-858-025,PEND-858-025,2127415.76,,,unidad,unidad,1.0,0,General,Otros,,,
YESO BOLSA 1 KG,85844,CHM-85844,PEND-85844,542.16,,,unidad,unidad,1.0,0,Construccion,Materiales,,,
TRABA PERNOS TEKBOND 115AZUL 10GR BLISTER,861022,CHM-861022,PEND-861022,6225.804,,,unidad,unidad,1.0,0,Ferreteria,Fijaciones,,,
NEGRO MATE USO GRAL. 350ML.,861081,CHM-861081,PEND-861081,2718.832,,,unidad,unidad,1.0,0,General,Otros,,,
NEGRO BRILLANTE USO GRAL. 350ML.,861082,CHM-861082,PEND-861082,2718.832,,,unidad,unidad,1.0,0,General,Otros,,,
BLANCO BRILLANTE USO GRAL. 350ML.,861083,CHM-861083,PEND-861083,2718.832,,,unidad,unidad,1.0,0,General,Otros,,,
BLANCO MATE USO GRAL. 350ML.,861090,CHM-861090,PEND-861090,2718.832,,,unidad,unidad,1.0,0,General,Otros,,,
JARRO 10 CM COLORES ENLOZADO,8621510,CHM-8621510,PEND-8621510,2811.2,,,unidad,unidad,1.0,0,General,Otros,,,
ENCHUFE HEMBRA 10A 2P+T BLANCO,8630164,CHM-8630164,PEND-8630164,983.92,,,unidad,unidad,1.0,0,Electricidad,Cables y Accesorios,,,
ENCHUFE HEMBRA 10A 2P+T NEGRO,8630166,CHM-8630166,PEND-8630166,983.92,,,unidad,unidad,1.0,0,Electricidad,Cables y Accesorios,,,
"ADAPTADOR TRIPLE 10A, 250V, 2P+T, NEGRO",8630358,CHM-8630358,PEND-8630358,1506.0,,,Unidad,Unidad,1.0,0,General,Otros,,,
AMP 881 12V 27W PGJ13 CR STD CAJA,867726,CHM-867726,PEND-867726,2122.456,,,unidad,unidad,1.0,0,General,Otros,,,
ENDURECEDOR CREMA EXTRA 28 GRS. (*) - MARSON,8691025,CHM-8691025,PEND-8691025,777.096,,,un,un,1.0,0,General,Otros,,,
"PILAR C1515E 3.0 15-15 8.0X4.2 NR (5,94KG)",869151580420300,CHM-869151580420300,PEND-869151580420300,8945.64,,,unidad,unidad,1.0,0,General,Otros,,,
ACEITE IMPREGNANTE BOTELLA 1 L,89005,CHM-89005,PEND-89005,2138.52,,,litro,litro,1.0,0,General,Otros,,,
ACEITE IMPREGNANTE BIDON 5 L,89007,CHM-89007,PEND-89007,6676.6,,,litro,litro,1.0,0,General,Otros,,,
ACEITE IMPREGNANTE TAMBOR 200 L,89010,CHM-89010,PEND-89010,1034.12,,,litro,litro,1.0,0,General,Otros,,,
AFIX SILICONA ROJA ALTA TEMPERATURA CART 280 ML,8903000005,CHM-8903000005,PEND-8903000005,3614.4,,,UNIDAD,UNIDAD,1.0,0,General,Otros,,,
AFIX SILICONA MULTIUSO TRANSPARENTE (CART 300ML),8905000305,CHM-8905000305,PEND-8905000305,1355.4,,,UNIDAD,UNIDAD,1.0,0,General,Otros,,,
CUCHILLO CARTONERO GRANDE ISOFIT RIEL METALICO,89097,CHM-89097,PEND-89097,853.4,,,und,und,1.0,0,General,Otros,,,
ADHESIVO CLAVO LIQUIDO ( CAJA 12 UNIDADES),892180100,CHM-892180100,PEND-892180100,2926.66,,,unidad,unidad,1.0,0,General,Otros,,,
SILICONA ACETICA BLANCA 280ML,89231887,CHM-89231887,PEND-89231887,2354.38,,,unidad,unidad,1.0,0,General,Otros,,,
CARBOLINEO 1/4 GALON,89300,CHM-89300,PEND-89300,3594.32,,,unidad,unidad,1.0,0,General,Otros,,,
PINTURA SPRAY NEGRO MATE 400ML (CAJA 6 UNIDADES),893012011,CHM-893012011,PEND-893012011,3280.068,,,unidad,unidad,1.0,0,Pinturas,Aplicacion,,,
PINTURA SPRAY NEGRO BRILLANTE 400ML (CAJA 6 UNIDADES),893012017,CHM-893012017,PEND-893012017,3280.068,,,caja,caja,1.0,0,Pinturas,Aplicacion,,,
ANTIEMPANANTE 60ML,893012461,CHM-893012461,PEND-893012461,1997.96,,,unidad,unidad,1.0,0,General,Otros,,,
CARBOLINEO 1 GALON,89306,CHM-89306,PEND-89306,9236.8,,,unidad,unidad,1.0,0,General,Otros,,,
SUPER GLUE 2GRS ( CAJA 12 UNIDADES),893090002,CHM-893090002,PEND-893090002,1319.256,,,unidad,unidad,1.0,0,General,Otros,,,
CARBOLINEO LATA 5 GALONES 17 LT,89312,CHM-89312,PEND-89312,32529.6,,,unidad,unidad,1.0,0,General,Otros,,,
ADHESIVO EPOXI ESR ( CAJA 12 UNIDADES),893480130,CHM-893480130,PEND-893480130,3081.276,,,unidad,unidad,1.0,0,General,Otros,,,
LIMPIA CONTACTO W-MAX 300ML,893651003,CHM-893651003,PEND-893651003,3183.684,,,unidad,unidad,1.0,0,General,Otros,,,
MTS.TUBERIA PP-RCT 25 MM S3.2 (PN-16) X 6 MTS.,90002,CHM-90002,PEND-90002,6277.008,,,unidad,unidad,1.0,0,General,Otros,,,
"MTS.TUBERIA PP-R 20 MM S3.2 (PN-16) X 5,8 MTS.",90046,CHM-90046,PEND-90046,2963.808,,,unidad,unidad,1.0,0,General,Otros,,,
"MTS.TUBERIA PP-R 25 MM S3.2 (PN-16) X 5,8 MTS.",90047,CHM-90047,PEND-90047,4759.964,,,unidad,unidad,1.0,0,General,Otros,,,
"MTS.TUBERIA PP-R 32 MM S3.2 (PN-16) X 5,8 MTS.",90048,CHM-90048,PEND-90048,7612.328,,,unidad,unidad,1.0,0,General,Otros,,,
BROCA PIEDRA 117 ALPEN 6.0 MM.,900604,CHM-900604,PEND-900604,1620.456,,,unidad,unidad,1.0,0,General,Otros,,,
BROCA PIEDRA 117 ALPEN 8.0 MM.,900606,CHM-900606,PEND-900606,2319.24,,,unidad,unidad,1.0,0,General,Otros,,,
MTS.TUBERIA PP-R 20 MM S2.5 (PN-20),90061,CHM-90061,PEND-90061,3220.832,,,unidad,unidad,1.0,0,General,Otros,,,
MTS.TUBERIA PP-R 25 MM S2.5 (PN-20),90062,CHM-90062,PEND-90062,4972.812,,,unidad,unidad,1.0,0,General,Otros,,,
PUERTA EXTERIOR RADIATA AURORA,900A,CHM-900A,PEND-900A,50736.136,,,unidad,unidad,1.0,0,General,Otros,,,
PUERTA EXTERIOR OREGON AURORA 90X200,900AO,CHM-900AO,PEND-900AO,61725.92,,,unidad,unidad,1.0,0,General,Otros,,,
PUERTA EXTERIOR OREGON VICTORIA/TRANCURA 90X200,900VO,CHM-900VO,PEND-900VO,64918.64,,,UNIDAD,UNIDAD,1.0,0,General,Otros,,,
PUERTA EXTERIOR RADIATA VICTORIA,900VR,CHM-900VR,PEND-900VR,53312.4,,,unidad,unidad,1.0,0,General,Otros,,,
MONOMANDO LAVAMANOS ABS EKO,901-90,CHM-901-90,PEND-901-90,8829.176,,,unidad,unidad,1.0,0,General,Otros,,,
LLAVE DE PASO METÁLICA 20 MM ROJA O AZUL,90101,CHM-90101,PEND-90101,2957.784,,,unidad,unidad,1.0,0,Gasfiteria,Tuberias y Conexiones,,,
"LLAVE DE PASO CROMADA 20 MM VASTAGO 2,3 CMS.",90115,CHM-90115,PEND-90115,4324.228,,,unidad,unidad,1.0,0,Gasfiteria,Tuberias y Conexiones,,,
CODO PPR 90° 20 MM,90163,CHM-90163,PEND-90163,85.34,,,unidad,unidad,1.0,0,Gasfiteria,Tuberias y Conexiones,,,
CODO PPR 90° 25 MM,90164,CHM-90164,PEND-90164,125.5,,,unidad,unidad,1.0,0,Gasfiteria,Tuberias y Conexiones,,,
HUINCHA MEDIR TOLSEN 35010 5 MTS,9016404303510,CHM-9016404303510,PEND-9016404303510,2267.57416,,,unidad,unidad,1.0,0,General,Otros,,,
HUINCHA MEDIR TOLSEN 35022 30 MTS,9016404303522,CHM-9016404303522,PEND-9016404303522,6178.666200000001,,,unidad,unidad,1.0,0,General,Otros,,,
ESPATULA TOLSEN 35 MM 40201/WOOD,9016409240201,CHM-9016409240201,PEND-9016409240201,1055.204,,,unidad,unidad,1.0,0,General,Otros,,,
ESPATULA TOLSEN 50 MM 40202/WOOD,9016409240202,CHM-9016409240202,PEND-9016409240202,1089.34,,,unidad,unidad,1.0,0,General,Otros,,,
ESPATULA TOLSEN 30 MM 40011,9016409244011,CHM-9016409244011,PEND-9016409244011,1506.0,,,unidad,unidad,1.0,0,General,Otros,,,
ESPATULA TOLSEN 40 MM 40012,9016409244012,CHM-9016409244012,PEND-9016409244012,1602.384,,,unidad,unidad,1.0,0,General,Otros,,,
PALA CARBONERA TOLSEN 58002,9016470555802,CHM-9016470555802,PEND-9016470555802,9069.3328,,,unidad,unidad,1.0,0,General,Otros,,,
CODO PPR 90° 32 MM,90165,CHM-90165,PEND-90165,207.828,,,unidad,unidad,1.0,0,Gasfiteria,Tuberias y Conexiones,,,
MONOMANDO TINA/DUCHA ABS EKO,902-90,CHM-902-90,PEND-902-90,19699.484,,,unidad,unidad,1.0,0,General,Otros,,,
CODO PPR DOBLE 20 X 1/2 HI,90210,CHM-90210,PEND-90210,2313.216,,,unidad,unidad,1.0,0,Gasfiteria,Tuberias y Conexiones,,,
CODO FUSION PPR 20 X 1/2 HI METAL,90230,CHM-90230,PEND-90230,722.88,,,unidad,unidad,1.0,0,Gasfiteria,Tuberias y Conexiones,,,
BROCA HSS 624MM. ALPEN 3.0,902330,CHM-902330,PEND-902330,857.416,,,unidad,unidad,1.0,0,General,Otros,,,
BROCA HSS 624MM. ALPEN 3.5,902335,CHM-902335,PEND-902335,1012.032,,,unidad,unidad,1.0,0,General,Otros,,,
BROCA HSS 624MM. ALPEN 4.0,902340,CHM-902340,PEND-902340,1180.704,,,unidad,unidad,1.0,0,General,Otros,,,
BROCA HSS 624MM. ALPEN 4.5,902345,CHM-902345,PEND-902345,1180.704,,,unidad,unidad,1.0,0,General,Otros,,,
BROCA HSS 624MM. ALPEN 5.0,902350,CHM-902350,PEND-902350,1598.368,,,unidad,unidad,1.0,0,General,Otros,,,
BROCA HSS 624MM. ALPEN 6.0,902360,CHM-902360,PEND-902360,1849.368,,,unidad,unidad,1.0,0,General,Otros,,,
BROCA HSS 624MM. ALPEN 6.5,902365,CHM-902365,PEND-902365,1849.368,,,unidad,unidad,1.0,0,General,Otros,,,
BROCA HSS 624MM. ALPEN 8.0,902380,CHM-902380,PEND-902380,3138.504,,,unidad,unidad,1.0,0,General,Otros,,,
"BROCA HSS 624MM. ALPEN 10,0",902400,CHM-902400,PEND-902400,3912.588,,,unidad,unidad,1.0,0,General,Otros,,,
"BROCA HSS 624MM. ALPEN 11,0",902410,CHM-902410,PEND-902410,4771.008,,,unidad,unidad,1.0,0,General,Otros,,,
"BROCA HSS 624MM. ALPEN 12,0",902412,CHM-902412,PEND-902412,5853.32,,,unidad,unidad,1.0,0,General,Otros,,,
"BROCA HSS 624MM. ALPEN 12,5",902413,CHM-902413,PEND-902413,6276.004,,,unidad,unidad,1.0,0,General,Otros,,,
"BROCA HSS 624MM. ALPEN 13,0",902414,CHM-902414,PEND-902414,6365.36,,,unidad,unidad,1.0,0,General,Otros,,,
CODO FUSION PPR 20 X 1/2 HE,90242,CHM-90242,PEND-90242,1039.14,,,unidad,unidad,1.0,0,Gasfiteria,Tuberias y Conexiones,,,
CODO FUSION PPR 20 X 3/4 HE,90243,CHM-90243,PEND-90243,1161.628,,,unidad,unidad,1.0,0,Gasfiteria,Tuberias y Conexiones,,,
CODO FUSION PPR 25 X 1/2 HE,90244,CHM-90244,PEND-90244,1161.628,,,unidad,unidad,1.0,0,Gasfiteria,Tuberias y Conexiones,,,
TEE PPR 25 MM,90263,CHM-90263,PEND-90263,172.688,,,unidad,unidad,1.0,0,Gasfiteria,Tuberias y Conexiones,,,
MONOMANDO SOLO DUCHA ABS EKO,903-90,CHM-903-90,PEND-903-90,17199.524,,,unidad,unidad,1.0,0,General,Otros,,,
COPLA REDUCCION PPR 25 X 20 MM,90363,CHM-90363,PEND-90363,83.332,,,unidad,unidad,1.0,0,General,Otros,,,
COPLA REDUCCION PPR 32 X 20 MM,90364,CHM-90364,PEND-90364,137.548,,,unidad,unidad,1.0,0,General,Otros,,,
COPLA FUSION PPR 25 MM,90397,CHM-90397,PEND-90397,112.448,,,unidad,unidad,1.0,0,General,Otros,,,
COPLA FUSION PPR 32 MM,90398,CHM-90398,PEND-90398,156.624,,,unidad,unidad,1.0,0,General,Otros,,,
MONOMANDO COCINA ABS EKO,904-90,CHM-904-90,PEND-904-90,9789.0,,,unidad,unidad,1.0,0,General,Otros,,,
U.AMERICANA PPR 20 MM,90414,CHM-90414,PEND-90414,323.288,,,unidad,unidad,1.0,0,General,Otros,,,
U.AMERICANA PPR 25 MM,90415,CHM-90415,PEND-90415,427.704,,,unidad,unidad,1.0,0,General,Otros,,,
AMP H4 12V 60/55W P43T-38 T4.625 CR STD CAJA,9043,CHM-9043,PEND-9043,2861.4,,,unidad,unidad,1.0,0,General,Otros,,,
TAPON PPR 25 MM,90444,CHM-90444,PEND-90444,78.312,,,unidad,unidad,1.0,0,General,Otros,,,
TERMINAL PPR 20 X 1/2 HI,90471,CHM-90471,PEND-90471,655.612,,,unidad,unidad,1.0,0,General,Otros,,,
TERMINAL PPR 20 X 3/4 HI,90472,CHM-90472,PEND-90472,950.788,,,unidad,unidad,1.0,0,General,Otros,,,
TERMINAL PPR 32 X 1 HI,90477,CHM-90477,PEND-90477,1955.792,,,unidad,unidad,1.0,0,General,Otros,,,
TERMINAL PPR 20 X 1/2 HE,90488,CHM-90488,PEND-90488,924.684,,,unidad,unidad,1.0,0,General,Otros,,,
TERMINAL PPR 25 X 3/4 HE,90490,CHM-90490,PEND-90490,1265.04,,,unidad,unidad,1.0,0,General,Otros,,,
TERMINAL PPR 25 X 1/2 HE,90491,CHM-90491,PEND-90491,863.44,,,unidad,unidad,1.0,0,General,Otros,,,
TERMINAL PPR 32 X 1 HE,90494,CHM-90494,PEND-90494,1718.848,,,unidad,unidad,1.0,0,General,Otros,,,
ABRAZADERA PPR AUTOLOCK 20 MM,90517,CHM-90517,PEND-90517,69.276,,,unidad,unidad,1.0,0,General,Otros,,,
ABRAZADERA PPR AUTOLOCK 25 MM,90518,CHM-90518,PEND-90518,85.34,,,unidad,unidad,1.0,0,General,Otros,,,
PASATUBO PPR PUENTE 20 MM,90530,CHM-90530,PEND-90530,306.22,,,unidad,unidad,1.0,0,Gasfiteria,Tuberias y Conexiones,,,
PASATUBO PPR PUENTE 25 MM,90531,CHM-90531,PEND-90531,479.912,,,unidad,unidad,1.0,0,Gasfiteria,Tuberias y Conexiones,,,
ABRAZADERA TUBO 80 P25 BLANCO,9053243,CHM-9053243,PEND-9053243,855.408,,,unidad,unidad,1.0,0,Gasfiteria,Tuberias y Conexiones,,,
"CODO 87,5° H - H P25 BLANCO",9053248,CHM-9053248,PEND-9053248,2672.648,,,unidad,unidad,1.0,0,Gasfiteria,Tuberias y Conexiones,,,
TIJERA CORTA TUBO PPR HASTA 20-40   MM,90572,CHM-90572,PEND-90572,6204.72,,,unidad,unidad,1.0,0,Gasfiteria,Tuberias y Conexiones,,,
BROCA PIEDRA 367 ALPEN 8 MM. 140/200,906006,CHM-906006,PEND-906006,3897.528,,,unidad,unidad,1.0,0,General,Otros,,,
BROCA PIEDRA 367 ALPEN 10 MM. 140/200,906008,CHM-906008,PEND-906008,5155.54,,,unidad,unidad,1.0,0,General,Otros,,,
MONOMANDO LAVAMANOS ABS EKO MATTE BLACK,907-90,CHM-907-90,PEND-907-90,7128.4,,,unidad,unidad,1.0,0,General,Otros,,,
BROCA SDS PLUS 8 MM LARGO 160-100 ALPEN,907106,CHM-907106,PEND-907106,4758.96,,,unidad,unidad,1.0,0,General,Otros,,,
AMP H7 12V 55W PX26D CRI STD CAJA,9074,CHM-9074,PEND-9074,3795.12,,,unidad,unidad,1.0,0,General,Otros,,,
MONOMANDO TINA/DUCHA ABS EKO MATTE BLACK,908-90,CHM-908-90,PEND-908-90,17729.636,,,unidad,unidad,1.0,0,General,Otros,,,
MONOMANDO SOLO DUCHA ABS EKO MATTE BLACK,909-90,CHM-909-90,PEND-909-90,15479.672,,,unidad,unidad,1.0,0,General,Otros,,,
MONOMANDO COCINA ABS EKO MATTE BLACK,910-90,CHM-910-90,PEND-910-90,9789.0,,,unidad,unidad,1.0,0,General,Otros,,,
MONOMANDO COCINA ABS STANNA,914-90,CHM-914-90,PEND-914-90,10029.96,,,UNIDAD,UNIDAD,1.0,0,General,Otros,,,
COMBINACION COCINA 8 PULGADAS ABS,915-90,CHM-915-90,PEND-915-90,7921.56,,,unidad,unidad,1.0,0,General,Otros,,,
MONOMANDO COCINA FALUN,918-90,CHM-918-90,PEND-918-90,16743.708,,,unidad,unidad,1.0,0,General,Otros,,,
MONOMANDO LAVAMANOS FALUN,919-90,CHM-919-90,PEND-919-90,12644.376,,,unidad,unidad,1.0,0,General,Otros,,,
BOTA DE AGUA DE GOMA V-FLEX 36,92146,CHM-92146,PEND-92146,25748.584,,,PAR,PAR,1.0,0,General,Otros,,,
BOTA DE AGUA DE GOMA V-FLEX 37,92147,CHM-92147,PEND-92147,25748.584,,,PAR,PAR,1.0,0,General,Otros,,,
HUAIPE SEDA BLANCO BOLSA 100 G,94111,CHM-94111,PEND-94111,1034.12,,,kilo,kilo,1.0,0,General,Otros,,,
HUAIPE SEDA BLANCO BOLSA 250 G,94122,CHM-94122,PEND-94122,2489.92,,,kilo,kilo,1.0,0,General,Otros,,,
PEZCASTILLA BOLSA 1 KG,94644,CHM-94644,PEND-94644,4668.6,,,kilo,kilo,1.0,0,General,Otros,,,
SODA CAUSTICA ESCAMA 1 KILO,94744,CHM-94744,PEND-94744,1275.08,,,bolsa,bolsa,1.0,0,General,Otros,,,
AGUARRAS MINERAL,95005,CHM-95005,PEND-95005,2309.2,,,unidad,unidad,1.0,0,General,Otros,,,
TIERRA NEGRA BOLSA 1 KG,96244,CHM-96244,PEND-96244,1927.68,,,unidad,unidad,1.0,0,General,Otros,,,
MONOMANDO LAVAPLATO KALMAR,964-90,CHM-964-90,PEND-964-90,12722.688,,,unidad,unidad,1.0,0,General,Otros,,,
TIERRA ROJA EXTRA BOLSA 1/4 KG,96422,CHM-96422,PEND-96422,431.72,,,unidad,unidad,1.0,0,General,Otros,,,
TIERRA ROJA EXTRA BOLSA 1/2 KG,96433,CHM-96433,PEND-96433,622.48,,,unidad,unidad,1.0,0,General,Otros,,,
TIERRA ROJA EXTRA BOLSA 1 KG,96444,CHM-96444,PEND-96444,1234.92,,,unidad,unidad,1.0,0,General,Otros,,,
TIERRA VERDE EXTRA BOLSA 1 KG,96644,CHM-96644,PEND-96644,2208.8,,,bolsa,bolsa,1.0,0,General,Otros,,,
"MOTOSIERRA HUSQVARNA 61 ESPADA 15"" (2021)",967 0624-55,CHM-967-0624-55,PEND-967-0624-55,609159.2693599999,,,und,und,1.0,0,Herramientas,Discos y Corte,,,
"MOTOSIERRA 120 ESPADA 16""",967 0679-01,CHM-967-0679-01,PEND-967-0679-01,219966.70136,,,unidad,unidad,1.0,0,Herramientas,Discos y Corte,,,
PACK TOALLA JUMBO ECOROLL 250MX2ROLL TECNO 1325002,96993833,CHM-96993833,PEND-96993833,6817.16,,,pack,pack,1.0,0,General,Otros,,,
PACK HIG JUMBO ECO 500MX4 ROLL TECNO 1250004GAR,96993834,CHM-96993834,PEND-96993834,6716.76,,,pack,pack,1.0,0,General,Otros,,,
MONOMANDO LAVAMANOS THEO,971-90,CHM-971-90,PEND-971-90,12251.812,,,unidad,unidad,1.0,0,General,Otros,,,
MONOMANDO SOLO DUCHA THEO,973-90,CHM-973-90,PEND-973-90,20811.916,,,unidad,unidad,1.0,0,General,Otros,,,
MONOMANDO COCINA THEO,974-90,CHM-974-90,PEND-974-90,11301.024,,,unidad,unidad,1.0,0,General,Otros,,,
COMBINACION DE LAVAPLATOS BORAS 8,975-90,CHM-975-90,PEND-975-90,18198.504,,,unidad,unidad,1.0,0,General,Otros,,,
MONOMANDO LAVAMANOS FOKUS,976-90,CHM-976-90,PEND-976-90,19541.856,,,unidad,unidad,1.0,0,General,Otros,,,
MONOMANDO TINA/DUCHA FOKUS,977-90,CHM-977-90,PEND-977-90,31219.38,,,unidad,unidad,1.0,0,General,Otros,,,
MONOMANDO SOLO DUCHA FOKUS,978-90,CHM-978-90,PEND-978-90,28237.5,,,unidad,unidad,1.0,0,General,Otros,,,
MONOMANDO COCINA FOKUS,979-90,CHM-979-90,PEND-979-90,25976.492,,,unidad,unidad,1.0,0,General,Otros,,,
TAMBOR DE 200 L,98038,CHM-98038,PEND-98038,11812.06,,,litro,litro,1.0,0,General,Otros,,,
TERCIADO ESTRUCTURAL 18X 2440X1220X54 (CONCEPCIÓN),982310-Concepción,CHM-982310-CONCEPCIÓN,PEND-982310-CONCEPCIÓN,18939.456,,,un,un,1.0,0,General,Otros,,,
RUEDA PARA CARRETILLAS PANTANERA 350X8 (RN) - VARIOS NACIONALES,9901450,CHM-9901450,PEND-9901450,9638.4,,,un,un,1.0,0,General,Otros,,,
REGULADOR GAS LICUADO CEMCO DOS ETAPAS (15098) - VARIOS NACIONALES,9904753,CHM-9904753,PEND-9904753,7127.396,,,un,un,1.0,0,General,Otros,,,
PINZAS PERRITOS PARA LA ROPA X 24 UN MADERA,99194,CHM-99194,PEND-99194,478.6068,,,set,set,1.0,0,General,Otros,,,
MONOMANDO COCINA EXTRAIBLE,995-90,CHM-995-90,PEND-995-90,70656.5,,,unidad,unidad,1.0,0,General,Otros,,,
MONOMANDO COCINA FLEXIBLE NEGRO,996-90,CHM-996-90,PEND-996-90,28126.056,,,unidad,unidad,1.0,0,General,Otros,,,
LIMPIAMETALES 200 CC BRASSO,99662,CHM-99662,PEND-99662,8758.293599999999,,,und,und,1.0,0,General,Otros,,,
ACEITE HUSQVARNA 2T MEZCLA 20X1LT,999 0000-01,CHM-999-0000-01,PEND-999-0000-01,5758.60264,,,unidad,unidad,1.0,0,General,Otros,,,
ACEITE HUSQVARNA 2T MEZCLA 35X250CC,999 0000-1/4,CHM-999-0000-14,PEND-999-0000-14,2151.6222,,,unidad,unidad,1.0,0,General,Otros,,,
ACEITE HUSQVARNA 2T MEZCLA 20X500CC,999 0000-50,CHM-999-0000-50,PEND-999-0000-50,3301.7544,,,unidad,unidad,1.0,0,General,Otros,,,
ACEITE MEZCLA 72X100CC. HUSQVARNA,999 0001-72,CHM-999-0001-72,PEND-999-0001-72,1259.769,,,unidad,unidad,1.0,0,General,Otros,,,
"COCO ARRASTRE - TRAILER 2""",9997549999900G,CHM-9997549999900G,PEND-9997549999900G,7264.944,,,unid,unid,1.0,0,General,Otros,,,
SOLDADORA INVERTER REDBO MMA-200D,A0002,CHM-A0002,PEND-A0002,89677.28,,,unidad,unidad,1.0,0,General,Otros,,,
MASCARA RB-LY-E93H,A0015,CHM-A0015,PEND-A0015,16345.12,,,unidad,unidad,1.0,0,General,Otros,,,
MÁSCARA RB-LY-3200HS,A0016,CHM-A0016,PEND-A0016,9718.72,,,unidad,unidad,1.0,0,General,Otros,,,
CORTADORA PLASMA REDBO CUT-100PM COMP. INC.,A0036,CHM-A0036,PEND-A0036,710804.892,,,unidad,unidad,1.0,0,General,Otros,,,
ABRAZADERA DE CREMALLERA CINCADA GEVEMAC 01 10 - 15,A10001,CHM-A10001,PEND-A10001,202.22568,,,un,un,1.0,0,General,Otros,,,
ABRAZADERA DE CREMALLERA CINCADA GEVEMAC 02 13 - 20,A10002,CHM-A10002,PEND-A10002,203.85216,,,un,un,1.0,0,General,Otros,,,
ABRAZADERA DE CREMALLERA CINCADA GEVEMAC 03 18 - 26,A10003,CHM-A10003,PEND-A10003,208.18944,,,un,un,1.0,0,General,Otros,,,
ABRAZADERA DE CREMALLERA CINCADA GEVEMAC 04 24 - 34,A10004,CHM-A10004,PEND-A10004,209.27376,,,un,un,1.0,0,General,Otros,,,
ABRAZADERA DE CREMALLERA CINCADA GEVEMAC 1A 28 - 42,A10008,CHM-A10008,PEND-A10008,371.3796,,,un,un,1.0,0,General,Otros,,,
ABRAZADERA DE CREMALLERA CINCADA GEVEMAC 1B 36 - 50,A10009,CHM-A10009,PEND-A10009,378.96984,,,un,un,1.0,0,General,Otros,,,
ABRAZADERA DE CREMALLERA CINCADA GEVEMAC 2 42 - 56,A10010,CHM-A10010,PEND-A10010,381.13848,,,un,un,1.0,0,General,Otros,,,
"P. AB. ANGULO 20 X 20 X 20 X 6000 MM PESO: 3,48",AA2020,CHM-AA2020,PEND-AA2020,4747.173040000001,,,tira,tira,1.0,0,General,Otros,,,
"P. AB. ANGULO 25 X 25 X 20 X 6000 MM PESO: 4,38",AA2520,CHM-AA2520,PEND-AA2520,5974.89436,,,tira,tira,1.0,0,General,Otros,,,
"P. AB. ANGULO 30 X 30 X 20 X 6000 MM PESO: 5,34",AA3020,CHM-AA3020,PEND-AA3020,7017.96,,,unidad,unidad,1.0,0,General,Otros,,,
BROCA PARA CONCRETO 8 MM (10 UNIDADES),ABAD-010,CHM-ABAD-010,PEND-ABAD-010,6212.17972,,,bolsa,bolsa,1.0,0,General,Otros,,,
BROCA PARA CONCRETO 10 MM (10 UNIDADES),ABAE-010,CHM-ABAE-010,PEND-ABAE-010,7584.05536,,,bolsa,bolsa,1.0,0,General,Otros,,,
BROCA DE TITANIO P/METAL 3 MM (10 UNIDADES),ABAG-010,CHM-ABAG-010,PEND-ABAG-010,3670.55372,,,bolsa,bolsa,1.0,0,General,Otros,,,
"BROCA DE TITANIO P/METAL 3,5 MM (10 UNIDADES)",ABAH-010,CHM-ABAH-010,PEND-ABAH-010,4548.46136,,,bolsa,bolsa,1.0,0,General,Otros,,,
BROCA DE TITANIO P/METAL 4 MM (10 UNIDADES),ABAI-010,CHM-ABAI-010,PEND-ABAI-010,4929.80064,,,bolsa,bolsa,1.0,0,General,Otros,,,
"BROCA DE TITANIO P/METAL 4,5 MM (10 UNIDADES)",ABAJ-010,CHM-ABAJ-010,PEND-ABAJ-010,5649.06624,,,bolsa,bolsa,1.0,0,General,Otros,,,
BROCA DE TITANIO P/METAL 5 MM (10 UNIDADES),ABAK-010,CHM-ABAK-010,PEND-ABAK-010,6839.689759999999,,,bolsa,bolsa,1.0,0,General,Otros,,,
"BROCA DE TITANIO P/METAL 5,5 MM (10 UNIDADES)",ABAL-010,CHM-ABAL-010,PEND-ABAL-010,8752.70132,,,bolsa,bolsa,1.0,0,General,Otros,,,
"BROCA DE TITANIO P/METAL 6,5 MM (10 UNIDADES)",ABAN-010,CHM-ABAN-010,PEND-ABAN-010,9022.70704,,,bolsa,bolsa,1.0,0,General,Otros,,,
BROCA DE TITANIO P/METAL 7 MM (10 UNIDADES),ABAO-010,CHM-ABAO-010,PEND-ABAO-010,10747.63928,,,bolsa,bolsa,1.0,0,General,Otros,,,
BROCA DE TITANIO P/METAL 8 MM (10 UNIDADES),ABAP-010,CHM-ABAP-010,PEND-ABAP-010,13086.638,,,bolsa,bolsa,1.0,0,General,Otros,,,
BROCA DE TITANIO P/METAL 9 MM (10 UNIDADES),ABAQ-010,CHM-ABAQ-010,PEND-ABAQ-010,20823.17084,,,bolsa,bolsa,1.0,0,General,Otros,,,
ADHESIVO CERAMICO ESTANDAR,AC001-25 RM,CHM-AC001-25-RM,PEND-AC001-25-RM,1857.4,,,un,un,1.0,0,General,Otros,,,
ADHESIVO CERAMICO ESTANDAR (CERAMICO NORMAL),AC001-25 VIII,CHM-AC001-25-VIII,PEND-AC001-25-VIII,2068.24,,,pl,pl,1.0,0,General,Otros,,,
ADHESIVO CERAMICO ACCION DOBLE (AD),AC002-25 RM,CHM-AC002-25-RM,PEND-AC002-25-RM,5532.04,,,un,un,1.0,0,General,Otros,,,
ADHESIVO CERAMICO AC POLVO,AC006-25 VIII,CHM-AC006-25-VIII,PEND-AC006-25-VIII,8584.2,,,pl,pl,1.0,0,General,Otros,,,
ACIDO MURIATICO 1 LITRO,ACID002,CHM-ACID002,PEND-ACID002,813.24,,,un,un,1.0,0,General,Otros,,,
ACIDO MURIATICO 5 LITROS,ACID004,CHM-ACID004,PEND-ACID004,2838.308,,,bidon,bidon,1.0,0,General,Otros,,,
ACOPLES SET DE 5PCS BRONCE UYUSTOOLS,ACO502,CHM-ACO502,PEND-ACO502,6656.52,,,set,set,1.0,0,General,Otros,,,
DILUYENTE ACRILICO 1 LT,ACRI002,CHM-ACRI002,PEND-ACRI002,2565.22,,,botella,botella,1.0,0,Pinturas,Aplicacion,,,
ACCESORIOS PARA T(D)REMEL 80PCS SET,ACT080,CHM-ACT080,PEND-ACT080,10745.16944,,,set,set,1.0,0,General,Otros,,,
CAJA (4BPX5LTS) FUTUROIL AGUA DESMINERALIZADA ROSADA,ADFAR003-11,CHM-ADFAR003-11,PEND-ADFAR003-11,4967.6414,,,caja,caja,1.0,0,General,Otros,,,
"PORTACANDADO GALVANIZADO 1""",ADG001,CHM-ADG001,PEND-ADG001,428.708,,,un,un,1.0,0,Hogar,Banio y Decoracion,,,
"PORTACANDADO GALVANIZADO 2.5""",ADG025,CHM-ADG025,PEND-ADG025,6074.28032,,,doz,doz,1.0,0,Hogar,Banio y Decoracion,,,
"PORTACANDADO GALVANIZADO 5.5""",ADG055,CHM-ADG055,PEND-ADG055,24544.56712,,,doz,doz,1.0,0,Hogar,Banio y Decoracion,,,
DISPLAY DADO MAGNETICO HEXAGONAL 5/16 X 45 MM (10 UNIDADES),AEAC-010,CHM-AEAC-010,PEND-AEAC-010,6486.45244,,,bolsa,bolsa,1.0,0,General,Otros,,,
REGULADOR GAS CEMCO COMPATIBLEGAS DE 5-11-15KG C/ARRIBA,AF03-70000,CHM-AF03-70000,PEND-AF03-70000,8597.252,,,unidad,unidad,1.0,0,General,Otros,,,
AZADON N-3 SIN MANGO 2 1/2 LBS,AGRAZACHI009,CHM-AGRAZACHI009,PEND-AGRAZACHI009,3212.8,,,unidad,unidad,1.0,0,General,Otros,,,
AZADON N-5 SIN MANGO 3 LBS,AGRAZACHI017,CHM-AGRAZACHI017,PEND-AGRAZACHI017,4317.2,,,unidad,unidad,1.0,0,General,Otros,,,
BARREHOJAS PLASTICO 26D C/MANGO BELLOTA,AGRBARBEL055,CHM-AGRBARBEL055,PEND-AGRBARBEL055,5973.8,,,unidad,unidad,1.0,0,General,Otros,,,
BARREHOJAS MET. 22 PUAS S/MANGO,AGRBARCHI025,CHM-AGRBARCHI025,PEND-AGRBARCHI025,1606.4,,,unidad,unidad,1.0,0,General,Otros,,,
*BARREHOJAS METALICO 22 PUAS C/MANGO,AGRBARCHI033,CHM-AGRBARCHI033,PEND-AGRBARCHI033,2359.4,,,unidad,unidad,1.0,0,General,Otros,,,
BARREHOJAS PLAST ECON. C/MANGO,AGRBARCHI043,CHM-AGRBARCHI043,PEND-AGRBARCHI043,2359.4,,,unidad,unidad,1.0,0,General,Otros,,,
*MANGO BARREHOJAS,AGRBARMAN057,CHM-AGRBARMAN057,PEND-AGRBARMAN057,823.28,,,unidad,unidad,1.0,0,General,Otros,,,
"PULVERIZADOR 1,0 LT RAYÜN",AGRFUMMAN059,CHM-AGRFUMMAN059,PEND-AGRFUMMAN059,1255.0,,,unidad,unidad,1.0,0,General,Otros,,,
ESCOFINA HERRAR 4133-14 BELLOTA,AGRHERESC001,CHM-AGRHERESC001,PEND-AGRHERESC001,14859.2,,,unidad,unidad,1.0,0,General,Otros,,,
HORQUETA PASTERA 4 PUAS SIN MANGO,AGRHORPAS023,CHM-AGRHORPAS023,PEND-AGRHORPAS023,3212.8,,,unidad,unidad,1.0,0,General,Otros,,,
HORQUETA PASTERA 4D CON MANGO,AGRHORPAS100,CHM-AGRHORPAS100,PEND-AGRHORPAS100,9036.0,,,unidad,unidad,1.0,0,General,Otros,,,
PALA HOYERA MANGO DE FIBRA,AGRPALFIB005,CHM-AGRPALFIB005,PEND-AGRPALFIB005,6877.4,,,unidad,unidad,1.0,0,General,Otros,,,
PALA HOYERA C/MMANGOS DUAL BELLOTA,AGRPALHOY052,CHM-AGRPALHOY052,PEND-AGRPALHOY052,14802.976,,,unidad,unidad,1.0,0,General,Otros,,,
PALA HOYERA MANGO ANILLA,AGRPALHOY100,CHM-AGRPALHOY100,PEND-AGRPALHOY100,6877.4,,,unidad,unidad,1.0,0,General,Otros,,,
PALA HOYERA C/MANGOS DUAL RAYUN,AGRPALHOY102,CHM-AGRPALHOY102,PEND-AGRPALHOY102,15461.6,,,unidad,unidad,1.0,0,General,Otros,,,
PALA HOYERA MANGO LARGO RAYUN,AGRPALHOY106,CHM-AGRPALHOY106,PEND-AGRPALHOY106,6877.4,,,unidad,unidad,1.0,0,General,Otros,,,
PALA P/HUEVO CON MANGO METÁLICO RAYUN,AGRPALHUE100,CHM-AGRPALHUE100,PEND-AGRPALHUE100,4317.2,,,unidad,unidad,1.0,0,General,Otros,,,
PALA PUNTA DE HUEVO MANGO ANILLA,AGRPALHUE122,CHM-AGRPALHUE122,PEND-AGRPALHUE122,6526.0,,,unidad,unidad,1.0,0,General,Otros,,,
MANGO PARA PALA ASA METÁLICA,AGRPALMAN097,CHM-AGRPALMAN097,PEND-AGRPALMAN097,1997.96,,,unidad,unidad,1.0,0,General,Otros,,,
PICOTA FORJADA 5 LBS PTA/RAMA M/FIBRA RAYUN,AGRPICFIB001,CHM-AGRPICFIB001,PEND-AGRPICFIB001,11847.2,,,unidad,unidad,1.0,0,General,Otros,,,
PICOTA PTA/AZADON 5 LBS M/FIBRA RAYUN,AGRPICFIB003,CHM-AGRPICFIB003,PEND-AGRPICFIB003,12851.2,,,unidad,unidad,1.0,0,General,Otros,,,
"PICOTA PTA /RAMA 5,5 LBS .C/MANGO",AGRPICPUN017,CHM-AGRPICPUN017,PEND-AGRPICPUN017,9738.8,,,unidad,unidad,1.0,0,General,Otros,,,
PICOTA PUNTA/RAMA 5 LBS P402 S/MANGO RAYUN,AGRPICPUN029,CHM-AGRPICPUN029,PEND-AGRPICPUN029,5798.1,,,UNIDAD,UNIDAD,1.0,0,General,Otros,,,
RASTRILLO RAYUN 14 P S/MANGO,AGRRASRAY001,CHM-AGRRASRAY001,PEND-AGRRASRAY001,2710.8,,,unidad,unidad,1.0,0,General,Otros,,,
RASTRILLO CON ESPATULA HEAVY DUTY RAYÜN,AGRRASRAY005,CHM-AGRRASRAY005,PEND-AGRRASRAY005,7429.6,,,unidad,unidad,1.0,0,General,Otros,,,
"ROZON DERECHO CON MANGO 16"" RAYUN",AGRROZRAY002,CHM-AGRROZRAY002,PEND-AGRROZRAY002,8935.6,,,unidad,unidad,1.0,0,General,Otros,,,
SERRUCHO PODA EN ALTURA RAYUN,AGRSERPOD015,CHM-AGRSERPOD015,PEND-AGRSERPOD015,3669.62,,,unidad,unidad,1.0,0,General,Otros,,,
"TIJERA PODAR 8 1/2"" FOC FG",AGRTIJPOD031,CHM-AGRTIJPOD031,PEND-AGRTIJPOD031,2309.2,,,unidad,unidad,1.0,0,General,Otros,,,
"TIJERA PODA FORJADA PODA 9"" RAYÜN",AGRTIJPOD039,CHM-AGRTIJPOD039,PEND-AGRTIJPOD039,5220.8,,,unidad,unidad,1.0,0,General,Otros,,,
TIJERA PODAR ALUMINIO FORJADA BELLOTA,AGRTIJPOD099,CHM-AGRTIJPOD099,PEND-AGRTIJPOD099,15662.4,,,unidad,unidad,1.0,0,General,Otros,,,
"TIJERON PODA  GENERAL FORJADO 26"" RAYÜN",AGRTIJPOD100,CHM-AGRTIJPOD100,PEND-AGRTIJPOD100,17570.0,,,unidad,unidad,1.0,0,General,Otros,,,
EJE CENTRAL + TUERCA (SET)  TIJERA ALUM BELLOTA,AGRTIJREP017,CHM-AGRTIJREP017,PEND-AGRTIJREP017,1455.8,,,unidad,unidad,1.0,0,Ferreteria,Fijaciones,,,
RESORTE PARA TIJERA ALUM. FORJADA BELLOTA,AGRTIJREP019,CHM-AGRTIJREP019,PEND-AGRTIJREP019,441.76,,,unidad,unidad,1.0,0,General,Otros,,,
TIJERA VENDIMIA ACERO INOXIDABLE ROMA RAYUN,AGRTIJVEN034,CHM-AGRTIJVEN034,PEND-AGRTIJVEN034,4618.4,,,unidad,unidad,1.0,0,Aceros y Techumbre,Planchas,,,
AGUARRAS 1 LITRO,AGUA002,CHM-AGUA002,PEND-AGUA002,2534.096,,,botella,botella,1.0,0,General,Otros,,,
AGUARRAS 5 LITROS,AGUA004,CHM-AGUA004,PEND-AGUA004,9099.252,,,bidon,bidon,1.0,0,General,Otros,,,
ARROCERA ACERO INOXIDABLE BOLTON 20 CM - 2 LITROS,AIAR202018,CHM-AIAR202018,PEND-AIAR202018,15963.6,,,unidad,unidad,1.0,0,Aceros y Techumbre,Planchas,,,
"ARROCERA ACERO INOXIDABLE BOLTON 24 CM - 3,5 LITROS",AIAR202414,CHM-AIAR202414,PEND-AIAR202414,19979.6,,,unidad,unidad,1.0,0,Aceros y Techumbre,Planchas,,,
"CACEROLA ACERO INOXIDABLE BOLTON 16 CM - 1,25 LITROS",AICA716089,CHM-AICA716089,PEND-AICA716089,12951.6,,,unidad,unidad,1.0,0,Aceros y Techumbre,Planchas,,,
"CACEROLA ACERO INOXIDABLE BOLTON 22 CM - 3,5 LITROS",AICA722110,CHM-AICA722110,PEND-AICA722110,19979.6,,,unidad,unidad,1.0,0,Aceros y Techumbre,Planchas,,,
LIQUIDO FRENO DOT3 0.25L,AL018DOT3X0250,CHM-AL018DOT3X0250,PEND-AL018DOT3X0250,1760.012,,,unidad,unidad,1.0,0,General,Otros,,,
LIQUIDO FRENO DOT3 0.50L,AL018DOT3X0500,CHM-AL018DOT3X0500,PEND-AL018DOT3X0500,2940.716,,,unidad,unidad,1.0,0,General,Otros,,,
LIQUIDO FRENO DOT3 1.00L,AL018DOT3X1000,CHM-AL018DOT3X1000,PEND-AL018DOT3X1000,5540.072,,,unidad,unidad,1.0,0,General,Otros,,,
MOSAICO VECCHIO MATE 46X46,ALB-13-0012,CHM-ALB-13-0012,PEND-ALB-13-0012,7098.99284,,,m2,m2,1.0,0,General,Otros,,,
ALICATE DELUXE CORTE 6,ALC206,CHM-ALC206,PEND-ALC206,3601.348,,,unidad,unidad,1.0,0,Herramientas,Discos y Corte,,,
"ALICATE PICOLORO A6 10"" BOCA CURVA",ALL610,CHM-ALL610,PEND-ALL610,7911.52,,,unidad,unidad,1.0,0,Herramientas,Discos y Corte,,,
"ALICATE CAIMAN 7"" UYUSTOOLS",ALM207,CHM-ALM207,PEND-ALM207,4747.916,,,unidad,unidad,1.0,0,Herramientas,Discos y Corte,,,
"ALICATE CAIMAN 10"" UYUSTOOLS",ALM210,CHM-ALM210,PEND-ALM210,5562.16,,,unidad,unidad,1.0,0,Herramientas,Discos y Corte,,,
"ALICATE SACASEGURO 7"" 207 EXTERIOR CURVO",ALS207,CHM-ALS207,PEND-ALS207,3035.40324,,,un,un,1.0,0,Herramientas,Discos y Corte,,,
"ALICATE SACASEGURO 7"" 307 INTERIOR RECTO",ALS307,CHM-ALS307,PEND-ALS307,2937.82448,,,un,un,1.0,0,Herramientas,Discos y Corte,,,
"ALICATE UNIVERSAL 12"" PESADO",ALU012,CHM-ALU012,PEND-ALU012,11878.324,,,unidad,unidad,1.0,0,Herramientas,Discos y Corte,,,
ALICATE UNIVERSAL DELUXE 6,ALU206,CHM-ALU206,PEND-ALU206,5008.956,,,unidad,unidad,1.0,0,Herramientas,Discos y Corte,,,
ALICATE UNIVERSAL DELUXE 8,ALU208,CHM-ALU208,PEND-ALU208,5672.6,,,unidad,unidad,1.0,0,Herramientas,Discos y Corte,,,
AMARRA PLASTICA 4.8 X 200 SET DE 50UN NEGRA,AMR104,CHM-AMR104,PEND-AMR104,2208.8,,,unidad,unidad,1.0,0,General,Otros,,,
AMARRA PLASTICA 4.8 X 300 NEGRA,AMR105,CHM-AMR105,PEND-AMR105,4017.004,,,set,set,1.0,0,General,Otros,,,
ANTIHELADAS 2.07X750 MTS BR,ANH2070750,CHM-ANH2070750,PEND-ANH2070750,154616.0,,,ROLLO,ROLLO,1.0,0,General,Otros,,,
ANTIHELADAS 30 GR 2.00X1000 RI,ANT30GR2001000RI,CHM-ANT30GR2001000RI,PEND-ANT30GR2001000RI,496079.412,,,ROLLO,ROLLO,1.0,0,General,Otros,,,
"ASPIRADORA AP-3600E, GRIS, 2000 WATTS Y 4,5 LTS CAPAC.",AP-3600EGR,CHM-AP-3600EGR,PEND-AP-3600EGR,60232.91176,,,unidad,unidad,1.0,0,General,Otros,,,
ASPIRADORA CICLONICA 700W AP-700 GRIS,AP-700GR,CHM-AP-700GR,PEND-AP-700GR,24797.61528,,,CJ,CJ,1.0,0,General,Otros,,,
PAQUETE EPS 10KG/M3 - PLANCHA DE 30MM,AP10PAQ030,CHM-AP10PAQ030,PEND-AP10PAQ030,9939.6,,,Paquete,Paquete,1.0,0,Aceros y Techumbre,Planchas,,,
PAQUETE EPS 10KG/M3 - PLANCHA DE 40MM,AP10PAQ040,CHM-AP10PAQ040,PEND-AP10PAQ040,9939.6,,,Paquete,Paquete,1.0,0,Aceros y Techumbre,Planchas,,,
PAQUETE EPS 10KG/M3 - PLANCHA DE 50MM,AP10PAQ050,CHM-AP10PAQ050,PEND-AP10PAQ050,9939.6,,,Paquete,Paquete,1.0,0,Aceros y Techumbre,Planchas,,,
"ASTA PINO 35 MM  X 2,95 MTS",ASTAPN35,CHM-ASTAPN35,PEND-ASTAPN35,2235.908,,,UNIDAD,UNIDAD,1.0,0,General,Otros,,,
BATIDORA MANUAL 150W 5VEL. B-1510 NEGRA,B-1510NG,CHM-B-1510NG,PEND-B-1510NG,8497.856,,,unidad,unidad,1.0,0,General,Otros,,,
BOMBA DE AGUA PERIFÉRICA REDBO QB-60,B0001,CHM-B0001,PEND-B0001,25401.2,,,unidad,unidad,1.0,0,General,Otros,,,
"DRYWALL.MADERA #6-9[CRS]X1""",B20TAD-J,CHM-B20TAD-J,PEND-B20TAD-J,5.78304,,,Unidad,Unidad,1.0,0,General,Otros,,,
DRYWALL.MADERA #6-9[CRS]X1 1/4,B21TAD-J,CHM-B21TAD-J,PEND-B21TAD-J,6.81716,,,Unidad,Unidad,1.0,0,General,Otros,,,
DRYWALL.MADERA #6-9[CRS]X1 5/8,B22TAD-J,CHM-B22TAD-J,PEND-B22TAD-J,8.895439999999999,,,Unidad,Unidad,1.0,0,General,Otros,,,
"TORNILLO VOLCANITA CRS #8-8 4"" FINA ZINC",B28TAD-S,CHM-B28TAD-S,PEND-B28TAD-S,36.9974,,,unidad,unidad,1.0,0,Ferreteria,Fijaciones,,,
BALDE CONCRETERO,BACON,CHM-BACON,PEND-BACON,1470.86,,,unidad,unidad,1.0,0,General,Otros,,,
BALANCE DIGITAL 600KG FWYY-NJ,BAG600-YJ,CHM-BAG600-YJ,PEND-BAG600-YJ,72879.86804,,,un,un,1.0,0,General,Otros,,,
BALANZA 100 KG,BAL100,CHM-BAL100,PEND-BAL100,16852.451240000002,,,un,un,1.0,0,General,Otros,,,
BOLSA BASURA 50X70 / PQTE. 10 UNID.,BB50X70,CHM-BB50X70,PEND-BB50X70,338.348,,,paquete,paquete,1.0,0,General,Otros,,,
BOLSA BASURA 70X90 / PQTE. 10 UNID.,BB70X90,CHM-BB70X90,PEND-BB70X90,613.444,,,paquete,paquete,1.0,0,General,Otros,,,
BROCA CEMENTO 8MM X 120 UYUSTOOLS,BCC08U,CHM-BCC08U,PEND-BCC08U,857.416,,,unidad,unidad,1.0,0,Construccion,Materiales,,,
BROCA PARA METAL ESCALONADA 3PCS UYU,BCE3SU,CHM-BCE3SU,PEND-BCE3SU,20160.13928,,,set,set,1.0,0,Construccion,Materiales,,,
BROCA PARA METAL HSS 3MM SET 10UN UYU,BCF03H,CHM-BCF03H,PEND-BCF03H,2599.08492,,,set,set,1.0,0,General,Otros,,,
BROCA PARA METAL HSS 5MM SET 10UN UYU.,BCF05H,CHM-BCF05H,PEND-BCF05H,5148.331279999999,,,set,set,1.0,0,General,Otros,,,
BROCA PARA METAL HSS 6MM SET 10UN UYU.,BCF06H,CHM-BCF06H,PEND-BCF06H,6509.20308,,,set,set,1.0,0,General,Otros,,,
BROCA PARA METAL HSS 7MM SET 10UN UYU,BCF07H,CHM-BCF07H,PEND-BCF07H,8659.77108,,,set,set,1.0,0,General,Otros,,,
BROCA PARA METAL HSS 8MM SET 10UN UYU.,BCF08H,CHM-BCF08H,PEND-BCF08H,10833.34072,,,set,set,1.0,0,General,Otros,,,
BROCA PARA METAL HSS 9MM SET 10UN UYU,BCF09H,CHM-BCF09H,PEND-BCF09H,20359.47344,,,set,set,1.0,0,General,Otros,,,
BROCA PARA METAL HSS 12MM SET 5UN UYU,BCF12H,CHM-BCF12H,PEND-BCF12H,11649.8638,,,set,set,1.0,0,General,Otros,,,
BROCA PARA METAL HSS 13MM SET 5UN UYU,BCF13H,CHM-BCF13H,PEND-BCF13H,16092.84492,,,set,set,1.0,0,General,Otros,,,
BROCA PARA METAL HSS 3.5MM SET 10UN UYU,BCF35H,CHM-BCF35H,PEND-BCF35H,2932.59364,,,set,set,1.0,0,General,Otros,,,
BROCA PARA METAL HSS 5.5MM SET 10UN UYU,BCF55H,CHM-BCF55H,PEND-BCF55H,5562.34072,,,set,set,1.0,0,General,Otros,,,
BROCA PARA METAL HSS 6.5MM SET 10UN UYU,BCF65H,CHM-BCF65H,PEND-BCF65H,7601.735799999999,,,set,set,1.0,0,General,Otros,,,
BROCA MADERA 12MMX300MM UYUSTOOLS,BCM12X3,CHM-BCM12X3,PEND-BCM12X3,3595.7758,,,un,un,1.0,0,General,Otros,,,
BROCA MADERA PARA HOYO 35MM UYUSTOOLS,BCM35H,CHM-BCM35H,PEND-BCM35H,8268.76328,,,un,un,1.0,0,General,Otros,,,
BROCA MADERA PLANA 1 (300UN),BCP001,CHM-BCP001,PEND-BCP001,1475.88,,,un,un,1.0,0,General,Otros,,,
BROCA MADERA PLANA 1/2 (300UN),BCP102,CHM-BCP102,PEND-BCP102,1092.5327200000002,,,un,un,1.0,0,General,Otros,,,
"BROCA MADERA PLANA 1/4"" NEGRA UYUSTOOLS",BCP104N,CHM-BCP104N,PEND-BCP104N,981.3598,,,un,un,1.0,0,General,Otros,,,
BROCA MADERA PLANA 1-1/4 (300UN),BCP114,CHM-BCP114,PEND-BCP114,1728.888,,,un,un,1.0,0,General,Otros,,,
BROCA MADERA PLANA 3/4 (300UN),BCP304,CHM-BCP304,PEND-BCP304,1249.70892,,,un,un,1.0,0,General,Otros,,,
BROCA MADERA PLANA 5/8 (300UN),BCP508,CHM-BCP508,PEND-BCP508,1115.444,,,unidad,unidad,1.0,0,General,Otros,,,
BROCA MADERA PLANA 7/8 (300UN),BCP708,CHM-BCP708,PEND-BCP708,1245.87364,,,un,un,1.0,0,General,Otros,,,
BROCA CERAMICA/VIDRIO 5PCS (4-10MM) LISO UYUSTOOLS,BCVL51,CHM-BCVL51,PEND-BCVL51,10532.964,,,set,set,1.0,0,General,Otros,,,
ACTIVADOR BIOLÓGICO DE FOSAS SÉPTICAS 1 LITRO,BIO-25-24-1,CHM-BIO-25-24-1,PEND-BIO-25-24-1,4104.854,,,BOTELLA,BOTELLA,1.0,0,General,Otros,,,
BEKRON-AC 6KG,BKAC000006-8,CHM-BKAC000006-8,PEND-BKAC000006-8,4748.92,,,unidad,unidad,1.0,0,General,Otros,,,
BEKRON-AC 15KG,BKAC000015-7,CHM-BKAC000015-7,PEND-BKAC000015-7,8744.84,,,unidad,unidad,1.0,0,General,Otros,,,
BEKRON AC 25 KGS (TINETA),BKAC000025,CHM-BKAC000025,PEND-BKAC000025,16485.68,,,tineta,tineta,1.0,0,General,Otros,,,
BEKRON 25 KG,BKRN000025-8,CHM-BKRN000025-8,PEND-BKRN000025-8,2385.504,,,saco,saco,1.0,0,General,Otros,,,
BLUSA MUJER OXFORD CELESTE TALLA L,BLOXCE-L,CHM-BLOXCE-L,PEND-BLOXCE-L,5341.28,,,unidad,unidad,1.0,0,General,Otros,,,
BLUSA MUJER OXFORD CELESTE TALLA M,BLOXCE-M,CHM-BLOXCE-M,PEND-BLOXCE-M,5341.28,,,unidad,unidad,1.0,0,General,Otros,,,
BLUSA MUJER OXFORD CELESTE TALLA XL,BLOXCE-XL,CHM-BLOXCE-XL,PEND-BLOXCE-XL,5341.28,,,unidad,unidad,1.0,0,General,Otros,,,
"BOLA REMOLQUE 1-7/8""X1""X2-1/8"" 3500LB FWYY-TMX",BLR35YX,CHM-BLR35YX,PEND-BLR35YX,9160.496,,,unidad,unidad,1.0,0,General,Otros,,,
"BOLA REMOLQUE 2""X1""X2-1/2"" 6000LB FWYY-TMX",BLR60YX,CHM-BLR60YX,PEND-BLR60YX,9948.636,,,unidad,unidad,1.0,0,General,Otros,,,
BOLSAS PARA BASURA NEGRA 50X70 PQ. 10 UND,BLS.NG.50X70,CHM-BLSNG50X70,PEND-BLSNG50X70,324.292,,,paquete,paquete,1.0,0,General,Otros,,,
BOLSAS PARA BASURA NEGRA 80X1100 PQ. 10 UND,BLS.NG.80X110,CHM-BLSNG80X110,PEND-BLSNG80X110,828.3,,,paquete,paquete,1.0,0,General,Otros,,,
BOLSAS PARA BASURA NEGRA 90X120 PQ. 10 UND,BLS.NG.90X120,CHM-BLSNG90X120,PEND-BLSNG90X120,1506.0,,,paquete,paquete,1.0,0,General,Otros,,,
BANCO IDEAL,BNX001100,CHM-BNX001100,PEND-BNX001100,2564.216,,,UN,UN,1.0,0,General,Otros,,,
BOMBIN MINI TUBO ALU.280*26MM TRU. UYU,BOM2826,CHM-BOM2826,PEND-BOM2826,5311.07968,,,un,un,1.0,0,Gasfiteria,Tuberias y Conexiones,,,
"BARRA FUERZA 1/2"" TAIWAN",BRF001,CHM-BRF001,PEND-BRF001,6584.232,,,unidad,unidad,1.0,0,General,Otros,,,
BATERÍA BA 21V-3.0AH,BT0002,CHM-BT0002,PEND-BT0002,27389.12,,,unidad,unidad,1.0,0,General,Otros,,,
REGULADOR PARA GAS BERCATTI DE 11-15KG BG10,BT46-50000,CHM-BT46-50000,PEND-BT46-50000,9559.084,,,unidad,unidad,1.0,0,General,Otros,,,
BITS 10PCS 50MM PARA TALADRO TAIWAN,BTA010,CHM-BTA010,PEND-BTA010,4772.012,,,set,set,1.0,0,Herramientas,Discos y Corte,,,
"MOSQUETON ZINC O+G 1/2"" UYUSTOOLS",BZ102-OG,CHM-BZ102-OG,PEND-BZ102-OG,1825.68364,,,un,un,1.0,0,Aceros y Techumbre,Planchas,,,
"MOSQUETON ZINC CON RESORTE 1/2"" UYUSTOOLS",BZ102R,CHM-BZ102R,PEND-BZ102R,4005.96,,,un,un,1.0,0,Aceros y Techumbre,Planchas,,,
"MOSQUETON ZINC CON RESORTE 1/4"" UYUSTOOLS",BZ104R,CHM-BZ104R,PEND-BZ104R,1226.70728,,,un,un,1.0,0,Aceros y Techumbre,Planchas,,,
"MOSQUETON ZINC O+G 3/8"" UYUSTOOLS",BZ308-OG,CHM-BZ308-OG,PEND-BZ308-OG,939.1918,,,un,un,1.0,0,Aceros y Techumbre,Planchas,,,
"MOSQUETON ZINC CON RESORTE 3/16"" UYUSTOOLS",BZ316R,CHM-BZ316R,PEND-BZ316R,1054.2,,,un,un,1.0,0,Aceros y Techumbre,Planchas,,,
"MOSQUETON ZINC O+G 5/8"" UYUSTOOLS",BZ508-OG,CHM-BZ508-OG,PEND-BZ508-OG,2031.73456,,,un,un,1.0,0,Aceros y Techumbre,Planchas,,,
"MOSQUETON ZINC CON RESORTE 5/16"" UYUSTOOLS",BZ516R,CHM-BZ516R,PEND-BZ516R,1351.29364,,,un,un,1.0,0,Aceros y Techumbre,Planchas,,,
"MOSQUETON ZINC O+TAPON DE ROSCA 1/2"" UYUSTOOLS",BZOT102,CHM-BZOT102,PEND-BZOT102,3301.56364,,,un,un,1.0,0,Aceros y Techumbre,Planchas,,,
"MOSQUETON ZINC O+TAPON DE ROSCA 1/4"" UYUSTOOLS",BZOT104,CHM-BZOT104,PEND-BZOT104,1389.62636,,,un,un,1.0,0,Aceros y Techumbre,Planchas,,,
"MOSQUETON ZINC O+TAPON DE ROSCA 1/8"" UYUSTOOLS",BZOT108,CHM-BZOT108,PEND-BZOT108,896.07,,,un,un,1.0,0,Aceros y Techumbre,Planchas,,,
"MOSQUETON ZINC O+TAPON DE ROSCA 3/16"" UYUSTOOLS",BZOT316,CHM-BZOT316,PEND-BZOT316,1097.3218,,,un,un,1.0,0,Aceros y Techumbre,Planchas,,,
"MOSQUETON ZINC O+TAPON DE ROSCA 5/16"" UYUSTOOLS",BZOT516,CHM-BZOT516,PEND-BZOT516,1758.59636,,,un,un,1.0,0,Aceros y Techumbre,Planchas,,,
MALLA C92 CE DE 2.6 X 5.0 MTS,C92C,CHM-C92C,PEND-C92C,24657.94884,,,unidad,unidad,1.0,0,General,Otros,,,
"CADENA 15X20X8.0 4.5MTS 9,12 KLS (PAQUETES DE 25 UNIDADES)",CA152045B,CHM-CA152045B,PEND-CA152045B,10472.724,,,unid,unid,1.0,0,General,Otros,,,
CANDADO BRONCE 38MM TRICIRCLE,CAA264,CHM-CAA264,PEND-CAA264,4638.48,,,unidad,unidad,1.0,0,Hogar,Banio y Decoracion,,,
CANDADO BRONCE 50MM TRICIRCLE,CAA265,CHM-CAA265,PEND-CAA265,8849.256,,,unidad,unidad,1.0,0,Hogar,Banio y Decoracion,,,
"CASACA TIPO PILOTO HIPORA COLOR AZUL TALLA ""S""",CAHI-A-S,CHM-CAHI-A-S,PEND-CAHI-A-S,21990.612,,,unidad,unidad,1.0,0,General,Otros,,,
"CAJA RESIDENCIAL ODIS 8,5 LTS NEGRO CJ",CAJ0000475,CHM-CAJ0000475,PEND-CAJ0000475,42067.6,,,un,un,1.0,0,General,Otros,,,
CAL HIDRAULICA (25 KG.),CAL001,CHM-CAL001,PEND-CAL001,3306.172,,,saco,saco,1.0,0,Construccion,Materiales,,,
CALENDARIO DE 3 HOJAS 70X50 4/4 COLORES,CALEND-70X50,CHM-CALEND-70X50,PEND-CALEND-70X50,674.688,,,UNIDAD,UNIDAD,1.0,0,Construccion,Materiales,,,
CALENDARIO 50X70 ASOCIADOS,CALENDARIO50X70,CHM-CALENDARIO50X70,PEND-CALENDARIO50X70,602.4,,,UNIDAD,UNIDAD,1.0,0,Construccion,Materiales,,,
CAL PINTAR SACO 25KG,CALPIN25,CHM-CALPIN25,PEND-CALPIN25,4654.544,,,saco,saco,1.0,0,Construccion,Materiales,,,
CAL VIVA MOLIDA 1 KG (OXIDO DE CALCIO),CALV002,CHM-CALV002,PEND-CALV002,611.436,,,bolsa,bolsa,1.0,0,Construccion,Materiales,,,
CANDADO BRONCEADO 30 MM OISTER,CAN0000172,CHM-CAN0000172,PEND-CAN0000172,1724.2194,,,un,un,1.0,0,Hogar,Banio y Decoracion,,,
CANDADO BRONCEADO 40 MM OISTER,CAN0000176,CHM-CAN0000176,PEND-CAN0000176,2610.4,,,un,un,1.0,0,Hogar,Banio y Decoracion,,,
CANDADO BRONCEADO 50 MM OISTER,CAN0000179,CHM-CAN0000179,PEND-CAN0000179,3754.96,,,un,un,1.0,0,Hogar,Banio y Decoracion,,,
CANDADO BRONCEADO 60 MM OISTER,CAN0000180,CHM-CAN0000180,PEND-CAN0000180,5220.8,,,un,un,1.0,0,Hogar,Banio y Decoracion,,,
CANDADO SERIE B MOD. B30 (30 MM),CAN0000652,CHM-CAN0000652,PEND-CAN0000652,6049.7526,,,un,un,1.0,0,Hogar,Banio y Decoracion,,,
CANDADO SERIE B MOD. B40 (40 MM),CAN0000653,CHM-CAN0000653,PEND-CAN0000653,8425.12624,,,un,un,1.0,0,Hogar,Banio y Decoracion,,,
CANDADO SERIE B MOD. B50 (50 MM),CAN0000654,CHM-CAN0000654,PEND-CAN0000654,11010.92824,,,un,un,1.0,0,Hogar,Banio y Decoracion,,,
CANDADO SERIE B MOD. B60 (60 MM),CAN0000655,CHM-CAN0000655,PEND-CAN0000655,17754.50508,,,un,un,1.0,0,Hogar,Banio y Decoracion,,,
CANDADO OISTER XTRA 25MM BRONCEADO CJ,CAN0000960,CHM-CAN0000960,PEND-CAN0000960,1495.96,,,un,un,1.0,0,Hogar,Banio y Decoracion,,,
CANDADO OISTER XTRA CON HOMBRO 50MM FIERRO BRONCEADO CJ,CAN0000966,CHM-CAN0000966,PEND-CAN0000966,4987.872,,,un,un,1.0,0,Hogar,Banio y Decoracion,,,
CANDADO OISTER XTRA CON HOMBRO 40MM FIERRO BRONCEADO BT,CAN0000968,CHM-CAN0000968,PEND-CAN0000968,3849.336,,,un,un,1.0,0,Hogar,Banio y Decoracion,,,
CANDADO OISTER PRO CON HOMBRO 40MM NIQUEL BT,CAN0000978,CHM-CAN0000978,PEND-CAN0000978,3664.6,,,un,un,1.0,0,Hogar,Banio y Decoracion,,,
CANDADO OISTER PRO CON HOMBRO 50MM NIQUEL BT,CAN0000979,CHM-CAN0000979,PEND-CAN0000979,5726.5148,,,un,un,1.0,0,Hogar,Banio y Decoracion,,,
CANDADO OISTER PRO CON HOMBRO 60MM NIQUEL BT,CAN0000980,CHM-CAN0000980,PEND-CAN0000980,6526.0,,,un,un,1.0,0,Hogar,Banio y Decoracion,,,
CANDADO LAMINADO ODIS SET 3 X 40MM ACERO ZINCADO BLÍSTER,CAN0001003,CHM-CAN0001003,PEND-CAN0001003,12951.6,,,un,un,1.0,0,Aceros y Techumbre,Planchas,,,
CANDADO LAMINADO ODIS SET 3X50MM BT,CAN0001006,CHM-CAN0001006,PEND-CAN0001006,17971.6,,,un,un,1.0,0,Hogar,Banio y Decoracion,,,
CANDADO OISTER XTRA 30MM FIERRO BRONCEADO BT,CAN0001027,CHM-CAN0001027,PEND-CAN0001027,1962.82,,,un,un,1.0,0,Hogar,Banio y Decoracion,,,
CAÑERIA TIPO L-1/2' TIRA 6 MTS,CANL0126,CHM-CANL0126,PEND-CANL0126,20993.64,,,tira,tira,1.0,0,General,Otros,,,
CAÑERIA TIPO L-3/8' TIRA 6000MM FERRETAZO SEPTIEMBRE,CANL0386,CHM-CANL0386,PEND-CANL0386,15750.752,,,tira,tira,1.0,0,General,Otros,,,
CAÑERIA TIPO M-1/2' TIRA 6000MM,CANM0126,CHM-CANM0126,PEND-CANM0126,18133.244,,,tira,tira,1.0,0,General,Otros,,,
CONTENEDOR BASURA QRUBBBER 120 LTS. AMARILLO,CB120AMA,CHM-CB120AMA,PEND-CB120AMA,23595.02408,,,UN,UN,1.0,0,General,Otros,,,
CONTENEDOR BASURA QRUBBBER 120 LTS. AZUL,CB120AZU,CHM-CB120AZU,PEND-CB120AZU,23595.02408,,,UN,UN,1.0,0,General,Otros,,,
"TORNILLO VOLCANITA CRS #6-9 1.5/8"" FINA ZINC",CB22TAD,CHM-CB22TAD,PEND-CB22TAD,10.06008,,,unidad,unidad,1.0,0,Ferreteria,Fijaciones,,,
"DRYWALL.MADERA #6-9[CRS]X2""",CB23TAD,CHM-CB23TAD,PEND-CB23TAD,10.87332,,,unidad,unidad,1.0,0,General,Otros,,,
"DRYWALL.MADERA #6-9[CRS]X2""",CB23TAD,CHM-CB23TAD,PEND-CB23TAD,10.87332,,,unidad,unidad,1.0,0,General,Otros,,,
CONTENEDOR BASURA QRUBBBER 240 LTS. AZUL,CB240AZU,CHM-CB240AZU,PEND-CB240AZU,33437.53728,,,UN,UN,1.0,0,General,Otros,,,
CORTACERAMICA 460 UYUSTOOLS,CCA460,CHM-CCA460,PEND-CCA460,50361.142,,,un,un,1.0,0,General,Otros,,,
"CAÑERIA COBRE L-1/2"" TIRA 6 MTS NACOBRE",CCL126,CHM-CCL126,PEND-CCL126,24380.132,,,tira,tira,1.0,0,General,Otros,,,
"CAÑERIA COBRE L-3/4"" TIRA 6 MTS NACOBRE",CCL346,CHM-CCL346,PEND-CCL346,39684.104,,,tira,tira,1.0,0,General,Otros,,,
"*CLAVOS CORRIENTES 4"" X 8",CCL40025C,CHM-CCL40025C,PEND-CCL40025C,32172.18604,,,caja,caja,1.0,0,General,Otros,,,
"CLAVOS VOLCANITA VINILICO 1 ?"" X 136 (1,65 MM)",CCLV5825C,CHM-CCLV5825C,PEND-CCLV5825C,39086.2722,,,caja,caja,1.0,0,General,Otros,,,
"CAÑERIA COBRE M-1/2"" TIRA 6 MTS NACOBRE",CCM126,CHM-CCM126,PEND-CCM126,18234.648,,,tira,tira,1.0,0,General,Otros,,,
"CAÑERIA COBRE M-3/4"" TIRA 6 MTS NACOBRE",CCM346,CHM-CCM346,PEND-CCM346,27148.16,,,tira,tira,1.0,0,General,Otros,,,
CAMARA DESGRASADORA 100LTS.,CD 00100,CHM-CD-00100,PEND-CD-00100,33986.1028,,,unidad,unidad,1.0,0,General,Otros,,,
CAMARA DESGRASADORA 170LTS.,CD00170,CHM-CD00170,PEND-CD00170,52535.605200000005,,,unidad,unidad,1.0,0,General,Otros,,,
CAMARA DE INSPECCION 90LTS.,CDI 0090,CHM-CDI-0090,PEND-CDI-0090,36873.8578,,,UNIDAD,UNIDAD,1.0,0,General,Otros,,,
CADENA PUERTA,CDP001,CHM-CDP001,PEND-CDP001,2840.58708,,,un,un,1.0,0,General,Otros,,,
CUCHILLO CARTONERO CE1301 ALUMINIO UYUSTOOLS,CE1301A,CHM-CE1301A,PEND-CE1301A,6434.636,,,unidad,unidad,1.0,0,General,Otros,,,
CUCHILLO CARTONERO CE1305 18MM UYUSTOOLS,CE1305,CHM-CE1305,PEND-CE1305,1633.508,,,unidad,unidad,1.0,0,General,Otros,,,
CUCHILLO CARTONERO CON 3 HOJAS UYU,CEA3SU,CHM-CEA3SU,PEND-CEA3SU,4192.4028,,,un,un,1.0,0,General,Otros,,,
"CERRADURA SOBREPONER OISTER MOD. 110 NEGRA, BLISTER",CEP0000274,CHM-CEP0000274,PEND-CEP0000274,15888.22972,,,un,un,1.0,0,Hogar,Banio y Decoracion,,,
CERRADURA SOBREPONER OISTER MOD. 110 GRIS BLISTER,CEP0000275,CHM-CEP0000275,PEND-CEP0000275,15888.22972,,,un,un,1.0,0,Hogar,Banio y Decoracion,,,
CERRADURA SOBREPONER OISTER MOD. 111 NEGRA C/ SOLDAR A REJA BLISTER,CEP0000276,CHM-CEP0000276,PEND-CEP0000276,19924.38,,,un,un,1.0,0,Hogar,Banio y Decoracion,,,
CERRADURA SOBREPONER ODIS 321 NE BT,CEP0000707,CHM-CEP0000707,PEND-CEP0000707,24045.88032,,,un,un,1.0,0,Hogar,Banio y Decoracion,,,
CERRADURA SOBREPONER ODIS 321 GR BT,CEP0000709,CHM-CEP0000709,PEND-CEP0000709,25248.17032,,,un,un,1.0,0,Hogar,Banio y Decoracion,,,
CERRADURA SOBREPONER ODIS 323 NE BT,CEP0000711,CHM-CEP0000711,PEND-CEP0000711,25248.17032,,,un,un,1.0,0,Hogar,Banio y Decoracion,,,
"CERRADURA SOBREPONER ODIS 393 NEGRA, BLISTER",CEP0000714,CHM-CEP0000714,PEND-CEP0000714,29838.74948,,,un,un,1.0,0,Hogar,Banio y Decoracion,,,
CAJA METÁLICA PARA SOLDAR UNIVERSAL,CEP0000735,CHM-CEP0000735,PEND-CEP0000735,5421.6,,,un,un,1.0,0,General,Otros,,,
CER CIL 201 ET PB G2 / BLÍSTER ACCESO,CEP0000799,CHM-CEP0000799,PEND-CEP0000799,9146.01832,,,un,un,1.0,0,General,Otros,,,
CERRADURA CILINDRICA 201 RM PB G2 / BLISTER,CEP0000801,CHM-CEP0000801,PEND-CEP0000801,9146.01832,,,un,un,1.0,0,Hogar,Banio y Decoracion,,,
CERRADURA CILINDRICA 201 BK PB G2 / BLISTER,CEP0000802,CHM-CEP0000802,PEND-CEP0000802,9146.01832,,,un,un,1.0,0,Hogar,Banio y Decoracion,,,
CERRADURA CILINDRICA 206 G1 ACCESO,CEP0000877,CHM-CEP0000877,PEND-CEP0000877,11596.2,,,un,un,1.0,0,Hogar,Banio y Decoracion,,,
CERRADURA CILINDRICA 206 G1 DORMITORIO,CEP0000878,CHM-CEP0000878,PEND-CEP0000878,13150.0908,,,un,un,1.0,0,Hogar,Banio y Decoracion,,,
CERRADURA CILINDRICA 206 G1 BAÑO,CEP0000879,CHM-CEP0000879,PEND-CEP0000879,11596.2,,,un,un,1.0,0,Hogar,Banio y Decoracion,,,
CERRADURA SOBREPONER ODIS 773 NE CON CAJA MÉTALICA BT,CEP0000923,CHM-CEP0000923,PEND-CEP0000923,33453.28,,,un,un,1.0,0,Hogar,Banio y Decoracion,,,
CERRADURA EMBUTIR ODIS SIMONA 7040 SET DORMITORIO BT,CEP0000950,CHM-CEP0000950,PEND-CEP0000950,16522.56696,,,un,un,1.0,0,Hogar,Banio y Decoracion,,,
CERRADURA EMBUTIR ODIS 206 ET COLONIAL G1/BLISTER,CEP0000953,CHM-CEP0000953,PEND-CEP0000953,48192.0,,,un,un,1.0,0,Hogar,Banio y Decoracion,,,
CER CIL 201 ET SS G2 / BLÍSTER,CEP0000971,CHM-CEP0000971,PEND-CEP0000971,9146.01832,,,un,un,1.0,0,General,Otros,,,
CERRADURA CILINDRICA 201 RM SS G2 / BLISTER (DORMITORIO),CEP0000972,CHM-CEP0000972,PEND-CEP0000972,9146.01832,,,un,un,1.0,0,Hogar,Banio y Decoracion,,,
CER CIL 201 BK SS G2 / BLÍSTER (BAÑO),CEP0000973,CHM-CEP0000973,PEND-CEP0000973,9146.01832,,,un,un,1.0,0,General,Otros,,,
CERRADURA EMBUTIR ODIS 216 COLONIAL CON MANILLA ACCESO MEDIO BT,CEP0001282,CHM-CEP0001282,PEND-CEP0001282,54649.728,,,un,un,1.0,0,Hogar,Banio y Decoracion,,,
CERRADURA CILINDRICA OISTER BALL ACCESO INOX BT,CEP0001288,CHM-CEP0001288,PEND-CEP0001288,8335.208,,,un,un,1.0,0,Hogar,Banio y Decoracion,,,
CERRADURA CILINDRICA OISTER BALL DORMITORIO INOX BT,CEP0001289,CHM-CEP0001289,PEND-CEP0001289,8335.208,,,un,un,1.0,0,Hogar,Banio y Decoracion,,,
CERRADURA CILINDRICA OISTER BALL BAÑO INOX BT,CEP0001290,CHM-CEP0001290,PEND-CEP0001290,7717.80824,,,un,un,1.0,0,Hogar,Banio y Decoracion,,,
CERRADURA CILÍNDRICA OISTER 101 ACCESO NEGRO BT,CEP0001331,CHM-CEP0001331,PEND-CEP0001331,8335.208,,,un,un,1.0,0,Hogar,Banio y Decoracion,,,
CERRADURA CILÍNDRICA OISTER 101 DORMITORIO NEGRO BT,CEP0001332,CHM-CEP0001332,PEND-CEP0001332,8335.208,,,un,un,1.0,0,Hogar,Banio y Decoracion,,,
CERRADURA CILÍNDRICA OISTER 101 BAÑO NEGRO BT,CEP0001333,CHM-CEP0001333,PEND-CEP0001333,8335.208,,,un,un,1.0,0,Hogar,Banio y Decoracion,,,
CERRADURA CILÍNDRICA OISTER 101 ACCESO BRONCE PULIDO BT,CEP0001335,CHM-CEP0001335,PEND-CEP0001335,8335.208,,,un,un,1.0,0,Hogar,Banio y Decoracion,,,
CERRADURA CILÍNDRICA OISTER 101 DORMITORIO BRONCE PULIDO BT,CEP0001336,CHM-CEP0001336,PEND-CEP0001336,8335.208,,,un,un,1.0,0,Hogar,Banio y Decoracion,,,
CERRADURA CILÍNDRICA OISTER 101 BAÑO BRONCE PULIDO BT,CEP0001337,CHM-CEP0001337,PEND-CEP0001337,7717.80824,,,un,un,1.0,0,Hogar,Banio y Decoracion,,,
CERRADURA EMBUTIR OISTER TOLTEN POMO ACCESO BT,CEP0001349,CHM-CEP0001349,PEND-CEP0001349,39999.36,,,un,un,1.0,0,Hogar,Banio y Decoracion,,,
CERRADURA EMBUTIR OISTER TRANCURA ACCESO BT,CEP0001350,CHM-CEP0001350,PEND-CEP0001350,43071.6,,,blister,blister,1.0,0,Hogar,Banio y Decoracion,,,
CERRADURA SOBREPONER OISTER 112 NE CON CAJA BT,CEP0001364,CHM-CEP0001364,PEND-CEP0001364,20556.9,,,un,un,1.0,0,Hogar,Banio y Decoracion,,,
CERROJO TUBULAR OISTER 104 LLAVE - LLAVE (35-50) NIS BT,CEP0001366,CHM-CEP0001366,PEND-CEP0001366,10301.04,,,un,un,1.0,0,Gasfiteria,Tuberias y Conexiones,,,
CER. LOURDES MARINO GRIS 25X35CM (2.22M2),CERLOU02509,CHM-CERLOU02509,PEND-CERLOU02509,4909.56,,,M2,M2,1.0,0,General,Otros,,,
CER. LOURDES MARINO RUBI 25X35CM (2.22M2),CERLOU02510,CHM-CERLOU02510,PEND-CERLOU02510,4909.56,,,M2,M2,1.0,0,General,Otros,,,
CER. LOURDES BLANCO PLUS 35X35CM (2.2M2),CERLOU03500,CHM-CERLOU03500,PEND-CERLOU03500,4760.466,,,M2,M2,1.0,0,General,Otros,,,
CER. LOURDES MADERA PARQUET 35X35CM (2.2M2),CERLOU03502,CHM-CERLOU03502,PEND-CERLOU03502,4869.4,,,M2,M2,1.0,0,General,Otros,,,
CER. LOURDES MADRID ROJO 35X35CM (2.20M2),CERLOU03506,CHM-CERLOU03506,PEND-CERLOU03506,4969.8,,,M2,M2,1.0,0,General,Otros,,,
CER. LOURDES (A) MARINO BEIGE 25X35CM (2.22M2),CERMAR25005,CHM-CERMAR25005,PEND-CERMAR25005,4909.56,,,M2,M2,1.0,0,General,Otros,,,
COLGADOR DORADA 01,CGD001,CHM-CGD001,PEND-CGD001,11680.536,,,doz,doz,1.0,0,General,Otros,,,
COLGADOR ROPA 106,CGR106,CHM-CGR106,PEND-CGR106,15130.64144,,,doz,doz,1.0,0,General,Otros,,,
COLGADOR ROPA 6PCS,CGR601,CHM-CGR601,PEND-CGR601,7839.41272,,,un,un,1.0,0,General,Otros,,,
CHAQUETA INVIERNO S/MANGA VERDE TALLA L,CHIV-L,CHM-CHIV-L,PEND-CHIV-L,18694.48,,,unidad,unidad,1.0,0,General,Otros,,,
CHOCOLATE SANHE NUSS EN BARRA 250 GRS.,CHOCOLATE-7022,CHM-CHOCOLATE-7022,PEND-CHOCOLATE-7022,2306.66992,,,CAJA,CAJA,1.0,0,General,Otros,,,
CHAQUETA GABARDINA VERDE SIN MANGAS TALLA L,CHVVG-L,CHM-CHVVG-L,PEND-CHVVG-L,14045.96,,,unidad,unidad,1.0,0,General,Otros,,,
CHAQUETA GABARDINA VERDE SIN MANGAS TALLA M,CHVVG-M,CHM-CHVVG-M,PEND-CHVVG-M,14045.96,,,unidad,unidad,1.0,0,General,Otros,,,
CHAQUETA GABARDINA VERDE SIN MANGAS TALLA S,CHVVG-S,CHM-CHVVG-S,PEND-CHVVG-S,14043.952,,,unidad,unidad,1.0,0,General,Otros,,,
CHAQUETA GABARDINA VERDE SIN MANGAS TALLA XL,CHVVG-XL,CHM-CHVVG-XL,PEND-CHVVG-XL,14045.96,,,unidad,unidad,1.0,0,General,Otros,,,
CHAQUETA GABARDINA VERDE SIN MANGAS TALLA XXL,CHVVG-XXL,CHM-CHVVG-XXL,PEND-CHVVG-XXL,14043.952,,,unidad,unidad,1.0,0,General,Otros,,,
CARGADOR BC 21.5V-1.1A,CI0002,CHM-CI0002,PEND-CI0002,4307.16,,,unidad,unidad,1.0,0,General,Otros,,,
CINTA DE EMBALAJE TRANSPARENTE 48 MM X 100 M (72 ROLLOS X CAJA),CIEM48100NA,CHM-CIEM48100NA,PEND-CIEM48100NA,63974.88,,,caja,caja,1.0,0,General,Otros,,,
CLAVO 3X10 25KG/CAJA IMPORTADO,CL301025,CHM-CL301025,PEND-CL301025,29732.456,,,caja,caja,1.0,0,General,Otros,,,
CLAVO DE ALAMBRE COMÚN PULIDO 4X8 CAJA / 25KG,CL408025 MTK,CHM-CL408025-MTK,PEND-CL408025-MTK,22469.52,,,caja,caja,1.0,0,Electricidad,Cables y Accesorios,,,
CLAVO 1.1/2X14 CAJA 25KG,CLCTE0400220003,CHM-CLCTE0400220003,PEND-CLCTE0400220003,46204.08,,,caja,caja,1.0,0,General,Otros,,,
"CLAVO 2""X14 CAJA 25KG",CLCTE0500220003,CHM-CLCTE0500220003,PEND-CLCTE0500220003,50486.14,,,caja,caja,1.0,0,General,Otros,,,
CLAVO 2.1/2X11 CAJA 25KG,CLCTE0650310003,CHM-CLCTE0650310003,PEND-CLCTE0650310003,27409.2,,,CAJA,CAJA,1.0,0,General,Otros,,,
"CLAVO 3""X10 CAJA 25KG / BOLSAS 1KG",CLCTE0750350003,CHM-CLCTE0750350003,PEND-CLCTE0750350003,45606.7,,,caja,caja,1.0,0,General,Otros,,,
"CLAVO 3""X10 CAJA 25KG",CLCTE0750350005,CHM-CLCTE0750350005,PEND-CLCTE0750350005,27409.2,,,CAJA,CAJA,1.0,0,General,Otros,,,
"CLAVO 4""X8 CAJA 25KG / BOLSAS 1KG",CLCTE1000430001,CHM-CLCTE1000430001,PEND-CLCTE1000430001,44206.12,,,caja,caja,1.0,0,General,Otros,,,
"CLAVO 4""X8 CAJA 25KG",CLCTE1000430003,CHM-CLCTE1000430003,PEND-CLCTE1000430003,27409.2,,,CAJA,CAJA,1.0,0,General,Otros,,,
"CLAVO 5""X6 CAJA 25KG / BOLSAS 1KG",CLCTE1250510000,CHM-CLCTE1250510000,PEND-CLCTE1250510000,46133.8,,,caja,caja,1.0,0,General,Otros,,,
"CLAVO 5""X6 CAJA 25KG",CLCTE1250510001,CHM-CLCTE1250510001,PEND-CLCTE1250510001,44477.2,,,caja,caja,1.0,0,General,Otros,,,
"CLAVO 6""X5 CAJA 25KG",CLCTE1500560002,CHM-CLCTE1500560002,PEND-CLCTE1500560002,45380.8,,,unidad,unidad,1.0,0,General,Otros,,,
CLAVO TAPICERO 3/4 CAJA 10KG,CLESP0190195001,CHM-CLESP0190195001,PEND-CLESP0190195001,46158.9,,,caja,caja,1.0,0,General,Otros,,,
CLAVO VOLCANITA 1.5/8X13 BARNIZADO 25KG,CLESP0410259006,CHM-CLESP0410259006,PEND-CLESP0410259006,51128.7,,,caja,caja,1.0,0,General,Otros,,,
CLAVO VOLCANITA 1.5/8X13 VINILICO 25KG,CLESP0410259007,CHM-CLESP0410259007,PEND-CLESP0410259007,53473.04,,,caja,caja,1.0,0,General,Otros,,,
"CLAVO 7""X3 CAJA 25KG",CLESP1780658002,CHM-CLESP1780658002,PEND-CLESP1780658002,88572.88,,,unidad,unidad,1.0,0,General,Otros,,,
"CLAVO PUENTE 8"" X 1 CJA 25 KG",CLESP2030762001,CHM-CLESP2030762001,PEND-CLESP2030762001,79797.92,,,unidad,unidad,1.0,0,General,Otros,,,
"CLAVO GALVANIZADO 1""X16 CAJA 10KG",CLGAL0250170000,CHM-CLGAL0250170000,PEND-CLGAL0250170000,52549.36,,,unidad,unidad,1.0,0,General,Otros,,,
"GRAPA GALVANIZADA 1""X12 CAJA 25KG",CLGRP0250277006,CHM-CLGRP0250277006,PEND-CLGRP0250277006,64682.7,,,unidad,unidad,1.0,0,General,Otros,,,
GRAPA GALVANIZADA 1.1/4X10 25 BOLSA 1KG,CLGRP0320340001,CHM-CLGRP0320340001,PEND-CLGRP0320340001,83603.08,,,caja,caja,1.0,0,General,Otros,,,
GRAPA GALVANIZADA 1.1/4X10 CAJA 25KG,CLGRP0320340009,CHM-CLGRP0320340009,PEND-CLGRP0320340009,62950.8,,,caja,caja,1.0,0,General,Otros,,,
GRAPA GALVANIZADA 1.1/2X8 CAJA 25KG,CLGRP0380419006,CHM-CLGRP0380419006,PEND-CLGRP0380419006,61821.3,,,caja,caja,1.0,0,General,Otros,,,
CLORO LIQUIDO 10 LT,CLOR02,CHM-CLOR02,PEND-CLOR02,4682.656,,,bidon,bidon,1.0,0,General,Otros,,,
CLORO LIQUIDO 5 LT (HIP.DE SODIO 5%),CLOR03,CHM-CLOR03,PEND-CLOR03,2543.132,,,bidon,bidon,1.0,0,General,Otros,,,
PUNTA 1.1/4X16 CAJA 25KG,CLPTA0320173004,CHM-CLPTA0320173004,PEND-CLPTA0320173004,71223.76,,,caja,caja,1.0,0,General,Otros,,,
PUNTA 1.1/2X15 CAJA 25KG,CLPTA0380195007,CHM-CLPTA0380195007,PEND-CLPTA0380195007,65400.56,,,caja,caja,1.0,0,General,Otros,,,
"PUNTA 2""X14 CAJA 25KG",CLPTA0510228007,CHM-CLPTA0510228007,PEND-CLPTA0510228007,62303.22,,,caja,caja,1.0,0,General,Otros,,,
PUNTA 2.1/2X13 CAJA 25KG,CLPTA0650259003,CHM-CLPTA0650259003,PEND-CLPTA0650259003,59662.7,,,caja,caja,1.0,0,General,Otros,,,
"CAÑERIA POLIET.A.D. 5/8"" NARANJA",CÑ210001020,CHM-CÑ210001020,PEND-CÑ210001020,309.232,,,tiras,tiras,1.0,0,General,Otros,,,
COMBO 8 UNIDADES DE ROTOMARTILLOS G,CO-GLA-056699,CHM-CO-GLA-056699,PEND-CO-GLA-056699,803200.0,,,unidad,unidad,1.0,0,Electricidad,Cables y Accesorios,,,
LIQUIDACION 32 ESMERILES + 30 TALAD,CO-GLA-056751,CHM-CO-GLA-056751,PEND-CO-GLA-056751,3256976.0,,,unidad,unidad,1.0,0,Herramientas,Discos y Corte,,,
CORDEL ESTANDARD TIPO 1000 NATURAL EN BOBINAS DE 1 KG.,COES01000115NA,CHM-COES01000115NA,PEND-COES01000115NA,3316.212,,,kilo,kilo,1.0,0,General,Otros,,,
COMBO MANGO FIBRA 2LB UYUSTOOLS,COF002,CHM-COF002,PEND-COF002,6039.43148,,,un,un,1.0,0,General,Otros,,,
COMBO MANGO FIBRA 12LB UYUSTOOLS,COF012,CHM-COF012,PEND-COF012,35414.15224,,,un,un,1.0,0,General,Otros,,,
"CORDEL TIPO 1000 EN OVILLOS DE 200 GRMS.MULTIPLES COLORES (CAJA 4,8 KGS)",COOV01000200MU,CHM-COOV01000200MU,PEND-COOV01000200MU,4218.808,,,kilo,kilo,1.0,0,General,Otros,,,
SERVICIOS DE CORTE,CORTE,CHM-CORTE,PEND-CORTE,1.004,,,unidad,unidad,1.0,0,General,Otros,,,
ALAMBRE PUAS ALTA RES.16 X 275 MT..,CPUMO275R,CHM-CPUMO275R,PEND-CPUMO275R,21454.476,,,ROLLO,ROLLO,1.0,0,Electricidad,Cables y Accesorios,,,
ALAMBRE DE PÚAS 16 X 500 MTS.,CPUMO500R,CHM-CPUMO500R,PEND-CPUMO500R,42795.5,,,ROLLO,ROLLO,1.0,0,Electricidad,Cables y Accesorios,,,
CUCHILLO PARA CARTONERO 18MM X 10UN,CQA018,CHM-CQA018,PEND-CQA018,877.85744,,,set,set,1.0,0,General,Otros,,,
CREOLINA 1 LT,CREO002,CHM-CREO002,PEND-CREO002,2539.116,,,botella,botella,1.0,0,General,Otros,,,
CRUCETAS REUTILIZABLE PARA CERAMICAS 2MM 200UN/SET UYUSTOOLS,CRZ02R,CHM-CRZ02R,PEND-CRZ02R,886.4818,,,set,set,1.0,0,General,Otros,,,
SIERRA CIRCULAR ELÉCTRICA CS 1250-185,CS0001,CHM-CS0001,PEND-CS0001,46605.68,,,unidad,unidad,1.0,0,Herramientas,Discos y Corte,,,
SIERRA CIRCULAR INALÁMBRICA CS 21V-140,CS0002,CHM-CS0002,PEND-CS0002,40531.48,,,unidad,unidad,1.0,0,Herramientas,Discos y Corte,,,
ONE PIECE LAMPA,CS0060671301Cf,CHM-CS0060671301CF,PEND-CS0060671301CF,74532.86368,,,UNIDAD,UNIDAD,1.0,0,General,Otros,,,
ONE PIECE NEW MONZA DOBLE DESCARGA C/ASIENTO SOFT CLOSE,CS0071191301CF,CHM-CS0071191301CF,PEND-CS0071191301CF,82830.0,,,UNIDAD,UNIDAD,1.0,0,General,Otros,,,
SIERRA CALADORA INALÁMBRICA JS 21V-25,CSI0001,CHM-CSI0001,PEND-CSI0001,27389.12,,,unidad,unidad,1.0,0,Construccion,Materiales,,,
CUMARU MIEL BRILLO 45X45,CSL-13-0057,CHM-CSL-13-0057,PEND-CSL-13-0057,7884.763400000001,,,m2,m2,1.0,0,General,Otros,,,
"CLAVO TECHO 2 1/2"" HELICOIDAL 100U/BOLSA 30 BOLSAS/CAJA IMPORTADO",CTHB212,CHM-CTHB212,PEND-CTHB212,39384.912,,,caja,caja,1.0,0,General,Otros,,,
CENTRO PUNTO 4PCS,CTP401,CHM-CTP401,PEND-CTP401,3419.44328,,,set,set,1.0,0,General,Otros,,,
CUELLO POLAR BORDADO CHILEMAT,CU-PO-CHMT,CHM-CU-PO-CHMT,PEND-CU-PO-CHMT,1222.872,,,unidad,unidad,1.0,0,General,Otros,,,
"CUERDA PARA CARGA R2512A 1""X15FT 1500LBS",CU2512,CHM-CU2512,PEND-CU2512,7646.00216,,,un,un,1.0,0,General,Otros,,,
CORTATUBO 3-30MM UYU,CWA003,CHM-CWA003,PEND-CWA003,9298.044,,,unidad,unidad,1.0,0,Gasfiteria,Tuberias y Conexiones,,,
CLAVO STAPLE 6MM TAIWAN,CXG106,CHM-CXG106,PEND-CXG106,2098.8118,,,set,set,1.0,0,General,Otros,,,
CLAVO STAPLE 8MM TAIWAN,CXG108,CHM-CXG108,PEND-CXG108,1528.59,,,set,set,1.0,0,General,Otros,,,
CLAVO ENGRAPADORA 0.7X6MM UYU,CXG706,CHM-CXG706,PEND-CXG706,692.76,,,unidad,unidad,1.0,0,General,Otros,,,
CLAVO ENGRAPADORA 0.7X10MM UYU,CXG708,CHM-CXG708,PEND-CXG708,722.88,,,set,set,1.0,0,General,Otros,,,
MARTILLO DEMOLEDOR ELÉCTRICO REDBO DB 1000-45,D0001,CHM-D0001,PEND-D0001,106022.4,,,unidad,unidad,1.0,0,Herramientas,Discos y Corte,,,
BATERIA CONVENCIONAL 9 VOLTS,D630-70000,CHM-D630-70000,PEND-D630-70000,1012.032,,,blister,blister,1.0,0,General,Otros,,,
"DADO ADAPTADORES CON CARDAN 1/2"" UYU",DAC102,CHM-DAC102,PEND-DAC102,3732.872,,,unidad,unidad,1.0,0,General,Otros,,,
"DADO MAGNETICO 5/16"" FWYY-TMX",DAG516YX,CHM-DAG516YX,PEND-DAG516YX,989.03036,,,un,un,1.0,0,General,Otros,,,
"DISCO CORTAPASTO 10""X 3 DIENTES UYUSTOOLS",DCP310,CHM-DCP310,PEND-DCP310,4236.88,,,un,un,1.0,0,Herramientas,Discos y Corte,,,
"DISCO DIAMOND PROFESIONAL 4""(115MM) SECO UYUSTOOLS",DD4PS1,CHM-DD4PS1,PEND-DD4PS1,4534.97764,,,un,un,1.0,0,Herramientas,Discos y Corte,,,
"DISCO DIAMOND PROFESIONAL 4""(115MM) TURBO UYUSTOOLS",DD4PT2,CHM-DD4PT2,PEND-DD4PT2,5861.352,,,un,un,1.0,0,Herramientas,Discos y Corte,,,
DISCO DIAMOND DE PULIR 115MM SECO,DDP115,CHM-DDP115,PEND-DDP115,10150.9922,,,un,un,1.0,0,Herramientas,Discos y Corte,,,
DISCO DIAMOND DE PULIR 180MM SECO,DDP180,CHM-DDP180,PEND-DDP180,27037.72,,,unidad,unidad,1.0,0,Herramientas,Discos y Corte,,,
DISCO DIAMOND UYUSTOOLS 115 SECO,DDU115,CHM-DDU115,PEND-DDU115,2963.2558,,,un,un,1.0,0,Herramientas,Discos y Corte,,,
DISCO DIAMOND UYUSTOOLS 115 LISO-HUMEDO,DDU115H,CHM-DDU115H,PEND-DDU115H,3403.56,,,unidad,unidad,1.0,0,Herramientas,Discos y Corte,,,
DISCO DIAMOND 115 TURBO UYUSTOOLS,DDU116,CHM-DDU116,PEND-DDU116,3390.508,,,unidad,unidad,1.0,0,Herramientas,Discos y Corte,,,
DISCO DIAMOND 180 TURBO UYUSTOOLS,DDU181,CHM-DDU181,PEND-DDU181,6654.873439999999,,,un,un,1.0,0,Herramientas,Discos y Corte,,,
DESTORNILLADOR GOLPE UYUSTOOLS 6PCS TIPO 604,DEG604,CHM-DEG604,PEND-DEG604,6882.79148,,,set,set,1.0,0,General,Otros,,,
"DESTORNILLADOR CHROME VANADIUM PLANA 5MMX4""",DEM104,CHM-DEM104,PEND-DEM104,913.05768,,,un,un,1.0,0,General,Otros,,,
"DESTORNILLADOR CHROME VANADIUM PLANA 6MMX5""",DEM105,CHM-DEM105,PEND-DEM105,1017.6042,,,un,un,1.0,0,General,Otros,,,
"DESTORNILLADOR CHROME VANADIUM PLANA 6MMX6""",DEM106,CHM-DEM106,PEND-DEM106,1146.54792,,,un,un,1.0,0,General,Otros,,,
"DESTORNILLADOR CHROME VANADIUM PLANA 8MMX8""",DEM108,CHM-DEM108,PEND-DEM108,1732.02048,,,un,un,1.0,0,General,Otros,,,
DESTORNILLADOR CHROME VANADIUM CRUZ PH1X4,DEM204,CHM-DEM204,PEND-DEM204,954.87428,,,un,un,1.0,0,General,Otros,,,
"DESTORNILLADOR CHROME VANADIUM CRUZ PH2X6""",DEM206,CHM-DEM206,PEND-DEM206,1101.24744,,,un,un,1.0,0,General,Otros,,,
BALON GAS 230 GRS CON VALVULA PROVIDUS+,DEPCAMBAL048,CHM-DEPCAMBAL048,PEND-DEPCAMBAL048,2705.78,,,unidad,unidad,1.0,0,Gasfiteria,Tuberias y Conexiones,,,
BALON GAS 450 GRS CON VALVULA PROVIDUS+,DEPCAMBAL050,CHM-DEPCAMBAL050,PEND-DEPCAMBAL050,4329.248,,,unidad,unidad,1.0,0,Gasfiteria,Tuberias y Conexiones,,,
BALON DE GAS 330 GR PROVIDUS PROFESIONAL,DEPCAMBAL054,CHM-DEPCAMBAL054,PEND-DEPCAMBAL054,2339.32,,,unidad,unidad,1.0,0,General,Otros,,,
BALON GAS 227 GRS  APE PROVIDUS+,DEPCAMBAL058,CHM-DEPCAMBAL058,PEND-DEPCAMBAL058,1480.9,,,unidad,unidad,1.0,0,General,Otros,,,
BALON DE GAS DESECHABLE 190 GR. PROVIDUS SAFETY,DEPCAMBAL140,CHM-DEPCAMBAL140,PEND-DEPCAMBAL140,1335.32,,,unidad,unidad,1.0,0,General,Otros,,,
COCINILLA DOS PLATOS REG. Y MANGUE,DEPCAMCOC011,CHM-DEPCAMCOC011,PEND-DEPCAMCOC011,36635.96,,,unidad,unidad,1.0,0,General,Otros,,,
COCINILLA CAMPING MODELO YATAC PROVIDUS+,DEPCAMCOC031,CHM-DEPCAMCOC031,PEND-DEPCAMCOC031,15060.0,,,unidad,unidad,1.0,0,General,Otros,,,
COCINILLA CAMPING  2 QUEM. HUELDE  PROVIDUS+,DEPCAMCOC033,CHM-DEPCAMCOC033,PEND-DEPCAMCOC033,28814.8,,,unidad,unidad,1.0,0,General,Otros,,,
"FLEXIBLE GAS 1/2"" X 3/8"" IZQ HI/HI 100CM  PROVIDUS+",DEPCAMFLE003,CHM-DEPCAMFLE003,PEND-DEPCAMFLE003,5823.2,,,unidad,unidad,1.0,0,General,Otros,,,
"FLEXIBLE GAS 1/2""DER. HI X 1/2"" DER. HI 100 CM PROVIDUS+",DEPCAMFLE007,CHM-DEPCAMFLE007,PEND-DEPCAMFLE007,5695.692,,,unidad,unidad,1.0,0,General,Otros,,,
"FLEXIBLE GAS 1/2"" X 3/8"" IZQ HI/HI 60CM PROVIDUS+",DEPCAMFLE011,CHM-DEPCAMFLE011,PEND-DEPCAMFLE011,5120.4,,,unidad,unidad,1.0,0,General,Otros,,,
"FLEXIBLE GAS 1/2"" DER. HI X 1/2"" DER. HI 40 CM PROVIDUS+",DEPCAMFLE019,CHM-DEPCAMFLE019,PEND-DEPCAMFLE019,6038.056,,,unidad,unidad,1.0,0,General,Otros,,,
"FLEXIBLE GAS 1/2"" X 1/2"" IZQ HI/HI 60CM  PROVIDUS+",DEPCAMFLE021,CHM-DEPCAMFLE021,PEND-DEPCAMFLE021,5321.2,,,unidad,unidad,1.0,0,General,Otros,,,
"FLEXIBLE GAS 1/2"" DER. HI X 1/2"" DER. HE 100 CM PROVIDUS+",DEPCAMFLE039,CHM-DEPCAMFLE039,PEND-DEPCAMFLE039,5836.252,,,unidad,unidad,1.0,0,General,Otros,,,
"FLEXIBLE GAS 1/2"" HI X 7/8"" HI DER 60 CM PROVIDUS+",DEPCAMFLE043,CHM-DEPCAMFLE043,PEND-DEPCAMFLE043,6124.4,,,unidad,unidad,1.0,0,General,Otros,,,
"FLEXIBLE GAS 7/16"" HE DER X 7/8"" HE IZQ 60 CM PROVIDUS+ ALTA PRESION",DEPCAMFLE047,CHM-DEPCAMFLE047,PEND-DEPCAMFLE047,7730.8,,,unidad,unidad,1.0,0,General,Otros,,,
CAPSULA DAISY CO2 (12G) GRANEL,DEPCAZDAI105,CHM-DEPCAZDAI105,PEND-DEPCAZDAI105,481.92,,,unidad,unidad,1.0,0,General,Otros,,,
"LATA GAMO 250 POSTON 4,5 EXPANDER",DEPCAZPOS030,CHM-DEPCAZPOS030,PEND-DEPCAZPOS030,2504.98,,,unidad,unidad,1.0,0,General,Otros,,,
"LATA GAMO 250 POSTON 5,5 EXPANDER",DEPCAZPOS031,CHM-DEPCAZPOS031,PEND-DEPCAZPOS031,3995.92,,,unidad,unidad,1.0,0,General,Otros,,,
"BOTELLA 1500 BALINES METALICOS UMAREX 4,5MM",DEPCAZUMA085,CHM-DEPCAZUMA085,PEND-DEPCAZUMA085,3905.56,,,unidad,unidad,1.0,0,General,Otros,,,
"MONOFILAMENTO SUPERFLEX 0,40X100 MT BLANCO",DEPPESMAZ054,CHM-DEPPESMAZ054,PEND-DEPPESMAZ054,652.6,,,unidad,unidad,1.0,0,General,Otros,,,
"MONOFILAMENTO SUPERFLEX 0,45X100 MT BLANCO",DEPPESMAZ055,CHM-DEPPESMAZ055,PEND-DEPPESMAZ055,702.8,,,unidad,unidad,1.0,0,General,Otros,,,
"MONOFILAMENTO SUPERFLEX 0,50X100 MT BLANCO",DEPPESMAZ056,CHM-DEPPESMAZ056,PEND-DEPPESMAZ056,722.88,,,unidad,unidad,1.0,0,General,Otros,,,
"MONOFILAMENTO SUPERFLEX 0,60X100 MT BLANCO",DEPPESMAZ057,CHM-DEPPESMAZ057,PEND-DEPPESMAZ057,993.96,,,unidad,unidad,1.0,0,General,Otros,,,
"MONOFILAMENTO SUPERFLEX 0,70X100 MT BLANCO",DEPPESMAZ058,CHM-DEPPESMAZ058,PEND-DEPPESMAZ058,1204.8,,,unidad,unidad,1.0,0,General,Otros,,,
AGUA DESTILADA 5 LT,DEST002,CHM-DEST002,PEND-DEST002,1861.416,,,bidon,bidon,1.0,0,General,Otros,,,
DISCO GOMA PARA TALADRO 5 TAIWAN,DGT005,CHM-DGT005,PEND-DGT005,2733.24944,,,un,un,1.0,0,Herramientas,Discos y Corte,,,
DIABLO 18,DIA018,CHM-DIA018,PEND-DIA018,4036.6322,,,un,un,1.0,0,General,Otros,,,
DIDEPREN-2000 1/4 GL,DIDE 005,CHM-DIDE-005,PEND-DIDE-005,5452.724,,,tarro,tarro,1.0,0,General,Otros,,,
"AROMATICO TIPO FRUTAS, DURAZNO",DL-F042-DU,CHM-DL-F042-DU,PEND-DL-F042-DU,291.16,,,UNIDAD,UNIDAD,1.0,0,General,Otros,,,
"AROMATIZADOR PELOTA, VAINILLA",DL-G005,CHM-DL-G005,PEND-DL-G005,491.96,,,UNIDAD,UNIDAD,1.0,0,General,Otros,,,
"AROMATIZADOR DADO,  FRUTILLA",DL-G010,CHM-DL-G010,PEND-DL-G010,491.96,,,UNIDAD,UNIDAD,1.0,0,General,Otros,,,
DISCO LIJA FLAP P/MADERA 115MM #100 UYU,DLF4100M,CHM-DLF4100M,PEND-DLF4100M,1523.068,,,unidad,unidad,1.0,0,Herramientas,Discos y Corte,,,
DISCO LIJA FLAP P/MADERA 115MM #40 UYU,DLF440M,CHM-DLF440M,PEND-DLF440M,950.69764,,,un,un,1.0,0,Herramientas,Discos y Corte,,,
DISCO LIJA FLAP P/METAL 115MM #40 UYU,DLF440T,CHM-DLF440T,PEND-DLF440T,1479.71528,,,un,un,1.0,0,Herramientas,Discos y Corte,,,
DISCO LIJA FLAP P/METAL 115MM #60 UYU,DLF460T,CHM-DLF460T,PEND-DLF460T,2006.996,,,unidad,unidad,1.0,0,Herramientas,Discos y Corte,,,
DISCO LIJA FLAP P/MADERA 115MM #80 UYU,DLF480M,CHM-DLF480M,PEND-DLF480M,1343.352,,,unidad,unidad,1.0,0,Herramientas,Discos y Corte,,,
DISCO LIJA FLAP P/MADERA 180MM #40 UYU,DLF740M,CHM-DLF740M,PEND-DLF740M,2503.24308,,,un,un,1.0,0,Herramientas,Discos y Corte,,,
DISCO LIJA FLAP P/MADERA 180MM #80 UYU,DLF780M,CHM-DLF780M,PEND-DLF780M,3819.216,,,unidad,unidad,1.0,0,Herramientas,Discos y Corte,,,
DISCO MADERA 115 X 40D 200UN/CAJA,DMA117,CHM-DMA117,PEND-DMA117,4086.46072,,,un,un,1.0,0,Herramientas,Discos y Corte,,,
DISCO MADERA 230 X 40T,DMA409,CHM-DMA409,PEND-DMA409,8709.60964,,,un,un,1.0,0,Herramientas,Discos y Corte,,,
DISCO MADERA 10 X 60T,DMA610,CHM-DMA610,PEND-DMA610,13750.60328,,,un,un,1.0,0,Herramientas,Discos y Corte,,,
DISCO MADERA 180 X 18T,DMD718,CHM-DMD718,PEND-DMD718,4561.814560000001,,,un,un,1.0,0,Herramientas,Discos y Corte,,,
DISCO MADERA 180 X 24T,DMD724,CHM-DMD724,PEND-DMD724,4697.716,,,unidad,unidad,1.0,0,Herramientas,Discos y Corte,,,
DISCO MADERA 180 X 40T,DMD740,CHM-DMD740,PEND-DMD740,5945.688,,,un,un,1.0,0,Herramientas,Discos y Corte,,,
DISCO MADERA 180 X 60T,DMD760,CHM-DMD760,PEND-DMD760,6324.196,,,unidad,unidad,1.0,0,Herramientas,Discos y Corte,,,
DISCO PULIR 115MM CON 5LIJAS,DP115J,CHM-DP115J,PEND-DP115J,2606.74544,,,set,set,1.0,0,Herramientas,Discos y Corte,,,
DISCO PULIR 180MM GOMA,DP180G,CHM-DP180G,PEND-DP180G,3864.12492,,,un,un,1.0,0,Herramientas,Discos y Corte,,,
DISCO PULIR 180MM ESPONJA BELCRO,DP181E,CHM-DP181E,PEND-DP181E,3925.45928,,,un,un,1.0,0,Herramientas,Discos y Corte,,,
DISCO REMOVEDOR DE PINTURA P/ESMERIL 115MM UYU,DRP115E,CHM-DRP115E,PEND-DRP115E,5102.328,,,un,un,1.0,0,Pinturas,Aplicacion,,,
DISCO REMOVEDOR DE PINTURA P/TALADRO 115MM UYU,DRP115T,CHM-DRP115T,PEND-DRP115T,5244.16308,,,un,un,1.0,0,Pinturas,Aplicacion,,,
MOLDURA NOMASTYL A 3 30 X 30 MM,DSMNNA300,CHM-DSMNNA300,PEND-DSMNNA300,597.4402399999999,,,metro,metro,1.0,0,General,Otros,,,
MOLDURA NOMASTYL B2 35 X 35 MM,DSMNNB200,CHM-DSMNNB200,PEND-DSMNNB200,609.1268,,,metro,metro,1.0,0,General,Otros,,,
MOLDURA NOMASTYL LX28 30 X 20MM,DSMNNK111,CHM-DSMNNK111,PEND-DSMNNK111,302.204,,,metro,metro,1.0,0,General,Otros,,,
"DESTORCEDOR ZINC O+O 1/2"" UYUSTOOLS",DZ102-OO,CHM-DZ102-OO,PEND-DZ102-OO,905.6582,,,un,un,1.0,0,Aceros y Techumbre,Planchas,,,
"DESTORCEDOR ZINC O+O 3/4"" UYUSTOOLS",DZ304-OO,CHM-DZ304-OO,PEND-DZ304-OO,1907.1482,,,un,un,1.0,0,Aceros y Techumbre,Planchas,,,
"DESTORCEDOR ZINC O+O 5/8"" UYUSTOOLS",DZ508-OO,CHM-DZ508-OO,PEND-DZ508-OO,1058.98908,,,un,un,1.0,0,Aceros y Techumbre,Planchas,,,
ALAMBRE PARA SOLDADURA MIG FLUX REDBO E71T-GS 0.8 MM 1KG,E0002,CHM-E0002,PEND-E0002,6074.2,,,unidad,unidad,1.0,0,Electricidad,Cables y Accesorios,,,
ALAMBRE PARA SOLDADURA MIG SÓLIDO REDBO ER70S 0.8MM 1KG,E0005,CHM-E0005,PEND-E0005,5080.24,,,unidad,unidad,1.0,0,Electricidad,Cables y Accesorios,,,
"ELECTRODO 6011 3/32"" (2,5MM) 1KG",E0020,CHM-E0020,PEND-E0020,1877.48,,,unidad,unidad,1.0,0,General,Otros,,,
ESCALERA MULTIPROPOSITO (MULTIUSO) 12P / 150KG,EAM-PRO,CHM-EAM-PRO,PEND-EAM-PRO,56475.0,,,Unidad,Unidad,1.0,0,Construccion,Materiales,,,
"ESCOBILLA PARA CHIMENEA 4"" UYUSTOOLS",EB004M,CHM-EB004M,PEND-EB004M,4657.64636,,,un,un,1.0,0,General,Otros,,,
"ESCOBILLA PARA CHIMENEA 5"" UYUSTOOLS",EB005M,CHM-EB005M,PEND-EB005M,5616.0145600000005,,,un,un,1.0,0,General,Otros,,,
"ESCOBILLA PARA CHIMENEA 6"" UYUSTOOLS",EB006M,CHM-EB006M,PEND-EB006M,5918.85108,,,un,un,1.0,0,General,Otros,,,
ESCOBILLA DE ALAMBRE 9X20 FILAS UYU,EBA920,CHM-EBA920,PEND-EBA920,3854.36604,,,un,un,1.0,0,Electricidad,Cables y Accesorios,,,
ESCOBILLA COPA 3 9251,EBC003,CHM-EBC003,PEND-EBC003,2927.664,,,unidad,unidad,1.0,0,General,Otros,,,
ESCOBILLA COPA 4 9251,EBC004,CHM-EBC004,PEND-EBC004,3164.34696,,,un,un,1.0,0,General,Otros,,,
ESCOBILLA MINI 3PCS,EBM301,CHM-EBM301,PEND-EBM301,1046.5294399999998,,,set,set,1.0,0,General,Otros,,,
ESCOBILLA REDONDA 5,EBR005,CHM-EBR005,PEND-EBR005,2624.17488,,,un,un,1.0,0,General,Otros,,,
ESCOBILLA REDONDA SET 5PCS,EBR501,CHM-EBR501,PEND-EBR501,2763.57024,,,set,set,1.0,0,General,Otros,,,
ESCOBILLA REDONDA PARA TALADRO 3 COPA 9271,EBT103,CHM-EBT103,PEND-EBT103,1184.89068,,,un,un,1.0,0,Herramientas,Discos y Corte,,,
ESCUADRA ESQUINA 50 X 50,ECE050,CHM-ECE050,PEND-ECE050,137.548,,,unidad,unidad,1.0,0,General,Otros,,,
ESCUADRA ESQUINA 63 X 63,ECE063,CHM-ECE063,PEND-ECE063,212.848,,,unidad,unidad,1.0,0,General,Otros,,,
"ESCUADRA FIERRO 6"" UYUSTOOLS",ECF06U,CHM-ECF06U,PEND-ECF06U,2667.628,,,un,un,1.0,0,General,Otros,,,
"ESCUADRA FIERRO 8"" UYUSTOOLS (12 UND)",ECF08U,CHM-ECF08U,PEND-ECF08U,35689.45907999999,,,doz,doz,1.0,0,General,Otros,,,
"ESCUADRA FIERRO 10"" UYUSTOOLS",ECF10U,CHM-ECF10U,PEND-ECF10U,35267.77908,,,doz,doz,1.0,0,General,Otros,,,
"ESCUADRA FIERRO 12"" UYUSTOOLS",ECF12U,CHM-ECF12U,PEND-ECF12U,46255.42456,,,doz,doz,1.0,0,General,Otros,,,
"ESCUADRA CON NIVEL ALUM. 6"" UYU",ECN206,CHM-ECN206,PEND-ECN206,3301.56364,,,un,un,1.0,0,General,Otros,,,
"ESCUADRA CON NIVEL ALUMINIO 8"" UYUSTOOLS",ECN208,CHM-ECN208,PEND-ECN208,3967.62728,,,un,un,1.0,0,General,Otros,,,
"ESCUADRA CON NIVEL ALUMINIO 10"" UYUSTOOLS",ECN210,CHM-ECN210,PEND-ECN210,5683.0918,,,un,un,1.0,0,General,Otros,,,
"ESCUADRA CON NIVEL ALUMINIO 12"" UYUSTOOLS",ECN212,CHM-ECN212,PEND-ECN212,6090.40456,,,un,un,1.0,0,General,Otros,,,
"ESCUADRA TRIANGULAR ALUMINIO 7"" UYUSTOOLS",ECT007,CHM-ECT007,PEND-ECT007,7259.60272,,,un,un,1.0,0,General,Otros,,,
ESTUCO EXTERIOR HIDROFUGO,EE004-25 RM,CHM-EE004-25-RM,PEND-EE004-25-RM,1937.72,,,un,un,1.0,0,General,Otros,,,
ENGRAMPADORA TAIWAN 4-14MM,EGT001,CHM-EGT001,PEND-EGT001,11203.07376,,,un,un,1.0,0,General,Otros,,,
ENGRAPADORA METALICA,EGU001,CHM-EGU001,PEND-EGU001,8245.41024,,,un,un,1.0,0,General,Otros,,,
"ELECTROBOMBA PERIFÉRICA EKM60 AQUASTRONG 0,5HP 220V 50HZ 1""X 1""",EKM60,CHM-EKM60,PEND-EKM60,76006.816,,,unidad,unidad,1.0,0,General,Otros,,,
SAMANA BRILLANTE 45X45,EMB-13-0022,CHM-EMB-13-0022,PEND-EMB-13-0022,5511.96,,,m2,m2,1.0,0,General,Otros,,,
ENGRASADORA 400 TIPO GERMAN,ENG402,CHM-ENG402,PEND-ENG402,17919.392,,,unidad,unidad,1.0,0,General,Otros,,,
FUENTE ENLOZADA BEIGE DE 20CM,ENHL015909,CHM-ENHL015909,PEND-ENHL015909,793.16,,,unidad,unidad,1.0,0,General,Otros,,,
FUENTE ENLOZADA BEIGE 22 CM,ENHL015916,CHM-ENHL015916,PEND-ENHL015916,893.56,,,unidad,unidad,1.0,0,General,Otros,,,
FUENTE ENLOZADA BEIGE 24 CM,ENHL015923,CHM-ENHL015923,PEND-ENHL015923,993.96,,,unidad,unidad,1.0,0,General,Otros,,,
MUG ENLOZADO 0.40MM DE 8 CM BLANCO BORDE AZUL,ENHL033613,CHM-ENHL033613,PEND-ENHL033613,2299.16,,,unidad,unidad,1.0,0,General,Otros,,,
MUG ENLOZADO 0.40MM DE 10 CMS BLANCO BORDE AZUL,ENHL033620,CHM-ENHL033620,PEND-ENHL033620,3001.96,,,unidad,unidad,1.0,0,General,Otros,,,
JARRA BLANCA DE 1.25 LITROS 0.5MM ESPESOR,ENHL033934,CHM-ENHL033934,PEND-ENHL033934,8724.76,,,unidad,unidad,1.0,0,General,Otros,,,
JARRA AZUL DE 1.25 LITROS 0.5MM ESPESOR,ENHL033958,CHM-ENHL033958,PEND-ENHL033958,8724.76,,,unidad,unidad,1.0,0,General,Otros,,,
PAILA ENLOZADA 14 CM.,ENPA300147,CHM-ENPA300147,PEND-ENPA300147,3915.6,,,unidad,unidad,1.0,0,General,Otros,,,
AZUCARERO ENLOZADO 12 CM 0.7 LITROS FLORES,ENSP100105,CHM-ENSP100105,PEND-ENSP100105,8935.6,,,unidad,unidad,1.0,0,General,Otros,,,
SEPARADOR DE CERAMICA 3MM (100 UNDS ),EP3,CHM-EP3,PEND-EP3,860.428,,,unidad,unidad,1.0,0,General,Otros,,,
DRENO LATERAL PARA CONCRETO,EP88110112,CHM-EP88110112,PEND-EP88110112,5522.0,,,unidad,unidad,1.0,0,General,Otros,,,
"ESPATULA MANGO M ACERO INOX. UYUSTOOLS 2""",EPU102,CHM-EPU102,PEND-EPU102,1360.42,,,unidad,unidad,1.0,0,Aceros y Techumbre,Planchas,,,
"ESPATULA MANGO M ACERO INOX. UYUSTOOLS 3""",EPU103,CHM-EPU103,PEND-EPU103,2301.168,,,un,un,1.0,0,Aceros y Techumbre,Planchas,,,
"ESPATULA MANGO M ACERO INOX. UYUSTOOLS 4""",EPU104,CHM-EPU104,PEND-EPU104,2238.92,,,un,un,1.0,0,Aceros y Techumbre,Planchas,,,
PISO DUCHA FELPUDO NEGRO,ES4*PR1,CHM-ES4PR1,PEND-ES4PR1,3374.444,,,unidad,unidad,1.0,0,General,Otros,,,
ESTANQUE VERTICAL ESTANDAR 1300 LTS MONOBLOCK POLIETILENO,EVS1300,CHM-EVS1300,PEND-EVS1300,119523.56952,,,unidad,unidad,1.0,0,Construccion,Materiales,,,
ESTANQUE VERTICAL ESTANDAR 2000 LTS MONOBLOCK POLIETILENO,EVS2000,CHM-EVS2000,PEND-EVS2000,188069.28,,,unidad,unidad,1.0,0,Construccion,Materiales,,,
ESTANQUE VERTICAL ESTANDAR 3400 LTS MONOBLOCK POLIETILENO,EVS3400,CHM-EVS3400,PEND-EVS3400,279394.124,,,unidad,unidad,1.0,0,Construccion,Materiales,,,
ESTANQUE VERTICA LESTANDAR 5400 LTS MONOBLOCK POLIETILENO,EVS5400,CHM-EVS5400,PEND-EVS5400,492377.65396,,,unidad,unidad,1.0,0,General,Otros,,,
ESTANQUE VERTICAL ESTANDAR 630 LTS MONOBLOCK POLIETILENO,EVS630,CHM-EVS630,PEND-EVS630,74525.7654,,,unidad,unidad,1.0,0,Construccion,Materiales,,,
ESTANQUES VERTICALES ESTANDAR GRIS 1000 LTS.,EVSG001000,CHM-EVSG001000,PEND-EVSG001000,75913.0424,,,unidad,unidad,1.0,0,Construccion,Materiales,,,
ESTANQUES VERTICALES ESTANDAR GRIS 1300 LTS.,EVSG001300,CHM-EVSG001300,PEND-EVSG001300,90614.8152,,,Unidad,Unidad,1.0,0,Construccion,Materiales,,,
ESTANQUES VERTICALES ESTANDAR GRIS 2000 LTS.,EVSG002000,CHM-EVSG002000,PEND-EVSG002000,138801.494,,,unidad,unidad,1.0,0,Construccion,Materiales,,,
ESTANQUE VERTICAL ESTANDAR 210LTS,EVSG00210,CHM-EVSG00210,PEND-EVSG00210,36864.7214,,,unidad,unidad,1.0,0,Construccion,Materiales,,,
ESTANQUES VERTICALES ESTANDAR GRIS 2500 LTS.,EVSG002500,CHM-EVSG002500,PEND-EVSG002500,162334.9026,,,unidad,unidad,1.0,0,Construccion,Materiales,,,
ESTANQUES VERTICALES ESTANDAR GRIS 3400 LTS.,EVSG003400,CHM-EVSG003400,PEND-EVSG003400,203515.2678,,,unidad,unidad,1.0,0,Construccion,Materiales,,,
ESTANQUES VERTICALES ESTANDAR GRIS 500 LTS.,EVSG00500,CHM-EVSG00500,PEND-EVSG00500,49944.783200000005,,,unidad,unidad,1.0,0,Construccion,Materiales,,,
ESTANQUES VERTICALES ESTANDAR GRIS 5400 LTS.,EVSG005400,CHM-EVSG005400,PEND-EVSG005400,335321.5424,,,unidad,unidad,1.0,0,Construccion,Materiales,,,
ESTANQUES VERTICALES ESTANDAR GRIS 650 LTS.,EVSG00650,CHM-EVSG00650,PEND-EVSG00650,53320.0304,,,unidad,unidad,1.0,0,Construccion,Materiales,,,
EXTRACTOR TORNILLO 5PCS,EXT501,CHM-EXT501,PEND-EXT501,1943.56328,,,set,set,1.0,0,Ferreteria,Fijaciones,,,
DRYWALL.MADERA #6-9[CRS]X1 5/8,F22TAD,CHM-F22TAD,PEND-F22TAD,7.81112,,,unidad,unidad,1.0,0,General,Otros,,,
"DRYWALL.MADERA #6-9[CRS]X2""",F23TAD,CHM-F23TAD,PEND-F23TAD,9.54804,,,unidad,unidad,1.0,0,General,Otros,,,
DRYWALL.MADERA #8-8[CRS]X2 1/2,F25TAD,CHM-F25TAD,PEND-F25TAD,16.355159999999998,,,unidad,unidad,1.0,0,General,Otros,,,
"DRYWALL.MADERA #8-8[CRS]X3""",F26TAD,CHM-F26TAD,PEND-F26TAD,17.329040000000003,,,unidad,unidad,1.0,0,General,Otros,,,
GAMELA OVALADA GIGANTE,FAB-5,CHM-FAB-5,PEND-FAB-5,5391.48,,,1,1,1.0,0,General,Otros,,,
CLAVOS PARA TECHO GALVANIZADO 1.3/4,FCBI-100,CHM-FCBI-100,PEND-FCBI-100,2000.00816,,,ciento,ciento,1.0,0,General,Otros,,,
MOUSE INALAMBRICO COLOR NEGRO CON PILAS,FD-223 B,CHM-FD-223-B,PEND-FD-223-B,2901.56,,,UNIDAD,UNIDAD,1.0,0,General,Otros,,,
RADIO LINTERNA BT,FD-TG136B,CHM-FD-TG136B,PEND-FD-TG136B,9025.96,,,UNIDAD,UNIDAD,1.0,0,General,Otros,,,
COOLER CON VENTILADOR PARA LAPTOP.,FD-YL025,CHM-FD-YL025,PEND-FD-YL025,4708.76,,,UNIDAD,UNIDAD,1.0,0,General,Otros,,,
CURVA CONDUIT 16X90º CEM,FE120801016,CHM-FE120801016,PEND-FE120801016,142.568,,,uni,uni,1.0,0,General,Otros,,,
CURVA CONDUIT 20X90º CEM,FE120801020,CHM-FE120801020,PEND-FE120801020,178.712,,,uni,uni,1.0,0,General,Otros,,,
"CAJA 5/8"" PVC TABIQUERA CORRIENTE NEGRA",FE120812001,CHM-FE120812001,PEND-FE120812001,277.104,,,uni,uni,1.0,0,Gasfiteria,Tuberias y Conexiones,,,
CAJA TABIQUERA LISA 16-20MM,FE120812015,CHM-FE120812015,PEND-FE120812015,337.344,,,uni,uni,1.0,0,General,Otros,,,
TAPA CIEGA PVC RECTANGULAR ALFAPLAS,FE120812310,CHM-FE120812310,PEND-FE120812310,84.336,,,uni,uni,1.0,0,Gasfiteria,Tuberias y Conexiones,,,
BOMBA TRASVASIJADORA 25 MM,FERBOMTRA001,CHM-FERBOMTRA001,PEND-FERBOMTRA001,14457.6,,,unidad,unidad,1.0,0,General,Otros,,,
ROLLO CADENA GALV 6.0 MM ESLAB/CORTO 32 M RAYUN,FERCADGAL176,CHM-FERCADGAL176,PEND-FERCADGAL176,56726.0,,,unidad,unidad,1.0,0,General,Otros,,,
ROLLO CADENA GALV 8.0 MM ESLAB/CORTO 18 M RAYUN,FERCADGAL178,CHM-FERCADGAL178,PEND-FERCADGAL178,55119.6,,,unidad,unidad,1.0,0,General,Otros,,,
CANDADO BRONCE 35 MM CAJA BLOSSOM,FERCANBRO017,CHM-FERCANBRO017,PEND-FERCANBRO017,1044.16,,,unidad,unidad,1.0,0,Hogar,Banio y Decoracion,,,
CINTA METRICA PROFESIONAL 5 M BELLOTA,FERCINBEL005,CHM-FERCINBEL005,PEND-FERCINBEL005,2911.6,,,unidad,unidad,1.0,0,General,Otros,,,
CINTA AMERICANA PLATEADA 50 MM X 10 M GEKO,FERCINGEK003,CHM-FERCINGEK003,PEND-FERCINGEK003,2861.4,,,unidad,unidad,1.0,0,General,Otros,,,
CINTA ANTIDESLIZANTE 25 MM X 5 M NEGRA GEKO,FERCINGEK011,CHM-FERCINGEK011,PEND-FERCINGEK011,3313.2,,,unidad,unidad,1.0,0,General,Otros,,,
RASTRILLO METALICO CONSTRUCCION FG,FERCONRAS001,CHM-FERCONRAS001,PEND-FERCONRAS001,5823.2,,,unidad,unidad,1.0,0,General,Otros,,,
"ESCOFINA CARP 4101-8"" BELLOTA",FERESCOFI045,CHM-FERESCOFI045,PEND-FERESCOFI045,5722.8,,,unidad,unidad,1.0,0,General,Otros,,,
ESPATULA MANGO MADERA 40 MM RAYUN,FERESPRAY001,CHM-FERESPRAY001,PEND-FERESPRAY001,953.8,,,unidad,unidad,1.0,0,General,Otros,,,
ESPATULA MANGO MADERA 60 MM RAYUN,FERESPRAY003,CHM-FERESPRAY003,PEND-FERESPRAY003,1355.4,,,unidad,unidad,1.0,0,General,Otros,,,
ESPATULA MANGO MADERA 80 MM RAYUN,FERESPRAY005,CHM-FERESPRAY005,PEND-FERESPRAY005,1455.8,,,unidad,unidad,1.0,0,General,Otros,,,
ESPATULA MANGO MADERA 100 MM RAYUN,FERESPRAY007,CHM-FERESPRAY007,PEND-FERESPRAY007,1656.6,,,unidad,unidad,1.0,0,General,Otros,,,
ESPATULA MANGO MADERA 120 MM RAYUN,FERESPRAY009,CHM-FERESPRAY009,PEND-FERESPRAY009,1857.4,,,unidad,unidad,1.0,0,General,Otros,,,
GUANTE SUPERVISOR B V C/FORRO (12 UN),FERGUACAB068,CHM-FERGUACAB068,PEND-FERGUACAB068,1831.296,,,unidad,unidad,1.0,0,General,Otros,,,
LIMA SIERRA TRIANG.4041-4 C/MANGO BELLOTA,FERLIMBEL320,CHM-FERLIMBEL320,PEND-FERLIMBEL320,2309.2,,,unidad,unidad,1.0,0,Herramientas,Discos y Corte,,,
LIMA SIERRA TRIANG.4041-5 C/MANGO,FERLIMBEL330,CHM-FERLIMBEL330,PEND-FERLIMBEL330,3012.0,,,unidad,unidad,1.0,0,Herramientas,Discos y Corte,,,
"MACHETE 22"" SUPERCOMFORT BELLOTA",FERMACBEL023,CHM-FERMACBEL023,PEND-FERMACBEL023,3915.6,,,unidad,unidad,1.0,0,General,Otros,,,
MARTILLO CARPINTERO MANGO FIBRA 16 ONZAS,FERMARCAR045,CHM-FERMARCAR045,PEND-FERMARCAR045,3664.6,,,unidad,unidad,1.0,0,Herramientas,Discos y Corte,,,
MARTILLO MANGO FIBRA 31 MM,FERMARCAR102,CHM-FERMARCAR102,PEND-FERMARCAR102,4869.4,,,unidad,unidad,1.0,0,Herramientas,Discos y Corte,,,
"NIVEL ALUM BASIC 3GT 12""",FERNIVBEL098,CHM-FERNIVBEL098,PEND-FERNIVBEL098,5672.6,,,unidad,unidad,1.0,0,General,Otros,,,
"NIVEL ALUM BASIC 3GT 18""",FERNIVBEL100,CHM-FERNIVBEL100,PEND-FERNIVBEL100,7831.2,,,unidad,unidad,1.0,0,General,Otros,,,
"NIVEL ALUM BASIC 3GT  24""",FERNIVBEL102,CHM-FERNIVBEL102,PEND-FERNIVBEL102,9437.6,,,unidad,unidad,1.0,0,General,Otros,,,
MONOFILAMENTO 2.4 MM PARA ORILLADORA 15 MTS ARATY,FERORIMAZ003,CHM-FERORIMAZ003,PEND-FERORIMAZ003,1556.2,,,unidad,unidad,1.0,0,General,Otros,,,
MONOFILAMENTO 2.7 MM PARA ORILLADORA 15 MTS ARATY,FERORIMAZ005,CHM-FERORIMAZ005,PEND-FERORIMAZ005,1706.8,,,unidad,unidad,1.0,0,General,Otros,,,
PIEDRA ASENTAR DOBLE CARA,FERPIEASE001,CHM-FERPIEASE001,PEND-FERPIEASE001,1204.8,,,unidad,unidad,1.0,0,General,Otros,,,
PISTOLA CALAFATEAR SILICONA AZ,FERPISCAL015,CHM-FERPISCAL015,PEND-FERPISCAL015,1004.0,,,unidad,unidad,1.0,0,Construccion,Materiales,,,
PISTOLA CALAFATEAR SILICONA OP,FERPISCAL017,CHM-FERPISCAL017,PEND-FERPISCAL017,1405.6,,,unidad,unidad,1.0,0,Construccion,Materiales,,,
PISTOLA CALAFATEAR ALUMINIO,FERPISCAL019,CHM-FERPISCAL019,PEND-FERPISCAL019,4718.8,,,unidad,unidad,1.0,0,Construccion,Materiales,,,
LLANA DENTADA 280 X 130 MM X 6 MM RAYÜN,FERPLALLA100,CHM-FERPLALLA100,PEND-FERPLALLA100,3162.6,,,unidad,unidad,1.0,0,General,Otros,,,
LLANA DENTADA 280 X 130 MM X 8 MM RAYÜN,FERPLALLA102,CHM-FERPLALLA102,PEND-FERPLALLA102,3263.0,,,unidad,unidad,1.0,0,General,Otros,,,
LLANA LISA 300 X 180 MM RAYÜN,FERPLALLA104,CHM-FERPLALLA104,PEND-FERPLALLA104,2600.36,,,unidad,unidad,1.0,0,General,Otros,,,
PLOMADA CARPINTERA 500 GRS.,FERPLOCAR005,CHM-FERPLOCAR005,PEND-FERPLOCAR005,2208.8,,,unidad,unidad,1.0,0,General,Otros,,,
SACO PAPERO 25 KILOS.,FERSACESC013,CHM-FERSACESC013,PEND-FERSACESC013,183.732,,,unidad,unidad,1.0,0,General,Otros,,,
SACO PP ROJO 60 X 90 CM,FERSACESC015,CHM-FERSACESC015,PEND-FERSACESC015,226.904,,,unidad,unidad,1.0,0,General,Otros,,,
RESPIRADOR DOS VIAS GM306,FERSEGRES025,CHM-FERSEGRES025,PEND-FERSEGRES025,2610.4,,,unidad,unidad,1.0,0,General,Otros,,,
SOPLETE PG800 + 1 GAS + GUANTE,FERSOLKIT035,CHM-FERSOLKIT035,PEND-FERSOLKIT035,12951.6,,,unidad,unidad,1.0,0,General,Otros,,,
SOPLETE HT 8931 PROVIDUS C/ENC F,FERSOLPIS014,CHM-FERSOLPIS014,PEND-FERSOLPIS014,19879.2,,,unidad,unidad,1.0,0,General,Otros,,,
SOPLETE 360° MRS830 C/ENCEND. PROVIDUS +,FERSOLPIS017,CHM-FERSOLPIS017,PEND-FERSOLPIS017,15160.4,,,unidad,unidad,1.0,0,General,Otros,,,
SOPLETE HT 8912 PROVIDUS,FERSOLPIS018,CHM-FERSOLPIS018,PEND-FERSOLPIS018,12550.0,,,unidad,unidad,1.0,0,General,Otros,,,
SOPLETE PORTATIL PG-300M PROVIDUS,FERSOLPIS041,CHM-FERSOLPIS041,PEND-FERSOLPIS041,13554.0,,,unidad,unidad,1.0,0,General,Otros,,,
SOPLETE PORTATIL PG-400M C/PIEZO PROVIDUS,FERSOLPIS043,CHM-FERSOLPIS043,PEND-FERSOLPIS043,11257.852,,,unidad,unidad,1.0,0,General,Otros,,,
SOPLETE PORTATIL PG800 PROVIDUS,FERSOLPIS051,CHM-FERSOLPIS051,PEND-FERSOLPIS051,11746.8,,,unidad,unidad,1.0,0,General,Otros,,,
REGULADOR DE GAS PROVIDUS+,FERSOLREG009,CHM-FERSOLREG009,PEND-FERSOLREG009,7297.072,,,unidad,unidad,1.0,0,General,Otros,,,
REGULADOR DE GAS +PROVIDUS BLISTER,FERSOLREG015,CHM-FERSOLREG015,PEND-FERSOLREG015,7630.4,,,unidad,unidad,1.0,0,General,Otros,,,
KIT REGULADOR + FLEXIBLE PROVIDUS BOLSA TRAD.,FERSOLREG018,CHM-FERSOLREG018,PEND-FERSOLREG018,12349.2,,,unidad,unidad,1.0,0,General,Otros,,,
REGULADOR GAS TYPE 591 BAJA PRESIÓN PROVIDUS,FERSOLREG019,CHM-FERSOLREG019,PEND-FERSOLREG019,8128.384,,,unidad,unidad,1.0,0,General,Otros,,,
"KIT REGULADOR + FLEXIBLE 3/8"" PROVIDUS BLISTER",FERSOLREG020,CHM-FERSOLREG020,PEND-FERSOLREG020,13955.6,,,unidad,unidad,1.0,0,General,Otros,,,
REGULADOR 45 KG TRC-1936 PROVIDUS HC,FERSOLREG047,CHM-FERSOLREG047,PEND-FERSOLREG047,28614.0,,,unidad,unidad,1.0,0,General,Otros,,,
SOPLETE PV700 PROFESIONAL 360º PROVIDUS,FERSOLSOP025,CHM-FERSOLSOP025,PEND-FERSOLSOP025,22088.0,,,unidad,unidad,1.0,0,General,Otros,,,
FILM EMBALAJE STRETCH TRANSP. 50CM X 200 METROS,FEST502015,CHM-FEST502015,PEND-FEST502015,8021.96,,,unidad,unidad,1.0,0,General,Otros,,,
PAILA FIERRO FUNDIDO 16.5 CM INT,FFFP380217,CHM-FFFP380217,PEND-FFFP380217,8021.96,,,unidad,unidad,1.0,0,General,Otros,,,
TETERA FIERRO FUNDIDO CON FILTRO 0.9 LITROS,FFFT011487,CHM-FFFT011487,PEND-FFFT011487,20983.6,,,unidad,unidad,1.0,0,General,Otros,,,
TETERA FIERRO FUNDIDO CON FILTRO 0.95 LITROS,FFFT993626,CHM-FFFT993626,PEND-FFFT993626,21987.6,,,unidad,unidad,1.0,0,General,Otros,,,
OLLETA DE FIERRO FUNDIDO MINI 7 CM 125CC,FFOL333077,CHM-FFOL333077,PEND-FFOL333077,9939.6,,,unidad,unidad,1.0,0,General,Otros,,,
OLLETA DE FIERRO FUNDIDO DE 23 CM 5.5 LTS (# 2),FFOL333244,CHM-FFOL333244,PEND-FFOL333244,47087.6,,,unidad,unidad,1.0,0,General,Otros,,,
FOSA HORIZONTAL 1250LTS.,FH001250,CHM-FH001250,PEND-FH001250,105364.8804,,,unidad,unidad,1.0,0,General,Otros,,,
FOSA HORIZONTAL 2000LTS.,FH002000,CHM-FH002000,PEND-FH002000,200885.9424,,,Unidad,Unidad,1.0,0,General,Otros,,,
FOSA HORIZONTAL 2500LTS.,FH002500,CHM-FH002500,PEND-FH002500,233181.1586,,,unidad,unidad,1.0,0,General,Otros,,,
FOSA HORIZONTAL 3250LTS.,FH003250,CHM-FH003250,PEND-FH003250,321200.5836,,,unidad,unidad,1.0,0,General,Otros,,,
HERRADURAS CABALLO Nº1 PHINNO,FHERRA1,CHM-FHERRA1,PEND-FHERRA1,26796.76,,,caja,caja,1.0,0,General,Otros,,,
HERRADURAS CABALLO Nº2 PHINNO,FHERRA2,CHM-FHERRA2,PEND-FHERRA2,26796.76,,,caja,caja,1.0,0,General,Otros,,,
HERRADURAS CABALLO Nº3 PHINNO,FHERRA3,CHM-FHERRA3,PEND-FHERRA3,26796.76,,,caja,caja,1.0,0,General,Otros,,,
HERRADURAS CABALLO Nº4 PHINNO,FHERRA4,CHM-FHERRA4,PEND-FHERRA4,29276.64,,,caja,caja,1.0,0,General,Otros,,,
HERRADURAS CABALLO Nº5 PHINNO,FHERRA5,CHM-FHERRA5,PEND-FHERRA5,30360.96,,,caja,caja,1.0,0,General,Otros,,,
"MALLA HARNERO Nº 4 X 0,60 ROLLO 30 ML",FHG04X06R,CHM-FHG04X06R,PEND-FHG04X06R,52413.05696,,,rollo,rollo,1.0,0,General,Otros,,,
"MALLA HARNERO Nº 6 X 0,60 ROLLO 30 ML",FHG06X06R,CHM-FHG06X06R,PEND-FHG06X06R,46911.3478,,,rollo,rollo,1.0,0,General,Otros,,,
"MALLA HARNERO Nº 8 X 0,60 ROLLO 30 ML",FHG08X06R,CHM-FHG08X06R,PEND-FHG08X06R,47189.7068,,,rollo,rollo,1.0,0,General,Otros,,,
"MALLA HARNERO Nº 10 X 0,60 ROLLO 30 ML",FHG10X06R,CHM-FHG10X06R,PEND-FHG10X06R,40163.514,,,rollo,rollo,1.0,0,General,Otros,,,
"MALLA HARNERO Nº 12 X 0,60 ROLLO 30 ML",FHG12X06R,CHM-FHG12X06R,PEND-FHG12X06R,47699.90948,,,rollo,rollo,1.0,0,General,Otros,,,
FIELTRO ASFALTO LISO 1040 (ROLLO 40 MTS 2),FIE-L10,CHM-FIE-L10,PEND-FIE-L10,7410.524,,,rollo,rollo,1.0,0,General,Otros,,,
DIMENSIONADO VERDE CONSTRUCCION 1 X 10 X 3.20 MTS. (CONCEPCION),FLD1X10320CONCE,CHM-FLD1X10320CONCE,PEND-FLD1X10320CONCE,3369.44408,,,unidad,unidad,1.0,0,General,Otros,,,
DIMENSIONADO VERDE CONSTRUCCION 1 X 2 X 3.20 MTS. (CONCEPCION),FLD1X2320CONCE,CHM-FLD1X2320CONCE,PEND-FLD1X2320CONCE,693.90456,,,unidad,unidad,1.0,0,General,Otros,,,
DIMENSIONADO VERDE CONSTRUCCION 1 X 2 X 3.20 MTS. (PLANTA),FLD1X2320PLAN,CHM-FLD1X2320PLAN,PEND-FLD1X2320PLAN,632.52,,,UNIDAD,UNIDAD,1.0,0,General,Otros,,,
DIMENSIONADO VERDE CONSTRUCCION 1 X 3 X 3.20 MTS. (CONCEPCION),FLD1X3320CONCE,CHM-FLD1X3320CONCE,PEND-FLD1X3320CONCE,1040.85684,,,unidad,unidad,1.0,0,General,Otros,,,
DIMENSIONADO VERDE CONSTRUCCION 1 X 3 X 3.20 MTS. (COQUIMBO ),FLD1X3320CQBO,CHM-FLD1X3320CQBO,PEND-FLD1X3320CQBO,1187.01916,,,unidad,unidad,1.0,0,General,Otros,,,
DIMENSIONADO VERDE CONSTRUCCION 1 X 3 X 3.20 MTS. (PLANTA),FLD1X3320PLAN,CHM-FLD1X3320PLAN,PEND-FLD1X3320PLAN,948.78,,,UNIDAD,UNIDAD,1.0,0,General,Otros,,,
DIMENSIONADO VERDE CONSTRUCCION 1 X 4 X 3.20 MTS. (CONCEPCION),FLD1X4320CONCE,CHM-FLD1X4320CONCE,PEND-FLD1X4320CONCE,1387.80912,,,unidad,unidad,1.0,0,General,Otros,,,
DIMENSIONADO VERDE CONSTRUCCION 1 X 4 X 3.20 MTS. (COQUIMBO),FLD1X4320CQBO,CHM-FLD1X4320CQBO,PEND-FLD1X4320CQBO,1582.68552,,,unidad,unidad,1.0,0,General,Otros,,,
DIMENSIONADO VERDE CONSTRUCCION 1 X 4 X 3.20 MTS. (PLANTA),FLD1X4320PLAN,CHM-FLD1X4320PLAN,PEND-FLD1X4320PLAN,1265.04,,,unidad,unidad,1.0,0,General,Otros,,,
DIMENSIONADO VERDE CONSTRUCCION 1 X 5 X 3.20 MTS. (CONCEPCION),FLD1X5320CONCE,CHM-FLD1X5320CONCE,PEND-FLD1X5320CONCE,1734.77144,,,unidad,unidad,1.0,0,General,Otros,,,
DIMENSIONADO VERDE CONSTRUCCION 1 X 6 X 3.20 MTS. (CONCEPCION),FLD1X6320CONCE,CHM-FLD1X6320CONCE,PEND-FLD1X6320CONCE,1840.94444,,,unidad,unidad,1.0,0,General,Otros,,,
DIMENSIONADO VERDE CONSTRUCCION 1 X 8 X 3.20 MTS. (CONCEPCION),FLD1X8320CONCE,CHM-FLD1X8320CONCE,PEND-FLD1X8320CONCE,3096.90828,,,unidad,unidad,1.0,0,General,Otros,,,
DIMENSIONADO VERDE CONSTRUCCION 2 X 4 X 3.20 MTS. (CONCEPCION),FLD243320CONCE,CHM-FLD243320CONCE,PEND-FLD243320CONCE,2775.6282800000004,,,unidad,unidad,1.0,0,General,Otros,,,
DIMENSIONADO VERDE CONSTRUCCION 2 X 10 X 3.20 MTS. (PLANTA),FLD2X10320PLAN,CHM-FLD2X10320PLAN,PEND-FLD2X10320PLAN,7028.0,,,UNIDAD,UNIDAD,1.0,0,General,Otros,,,
DIMENSIONADO VERDE CONSTRUCCION 2 X 2 X 3.20 MTS. (PLANTA),FLD2X2320PLAN,CHM-FLD2X2320PLAN,PEND-FLD2X2320PLAN,1265.04,,,UNIDAD,UNIDAD,1.0,0,General,Otros,,,
DIMENSIONADO VERDE CONSTRUCCION 2 X 3 X 3.20 MTS. (PLANTA),FLD2X3320PLAN,CHM-FLD2X3320PLAN,PEND-FLD2X3320PLAN,2008.64256,,,Unidad,Unidad,1.0,0,General,Otros,,,
DIMENSIONADO VERDE CONSTRUCCION 2 X 4 X 3.20 MTS. (CHILLAN),FLD2X4320CHIL,CHM-FLD2X4320CHIL,PEND-FLD2X4320CHIL,2770.49784,,,unidad,unidad,1.0,0,General,Otros,,,
DIMENSIONADO VERDE CONSTRUCCION 2 X 5 X 3.20 MTS. (CONCEPCION),FLD2X5320CONCE,CHM-FLD2X5320CONCE,PEND-FLD2X5320CONCE,3469.53284,,,unidad,unidad,1.0,0,General,Otros,,,
DIMENSIONADO VERDE CONSTRUCCION 2 X 6 X 3.20 MTS. (CONCEPCION),FLD2X6320CONCE,CHM-FLD2X6320CONCE,PEND-FLD2X6320CONCE,4163.437400000001,,,unidad,unidad,1.0,0,General,Otros,,,
DIMENSIONADO VERDE CONSTRUCCION 2 X 6 X 3.20 MTS. (PLANTA),FLD2X6320PLAN,CHM-FLD2X6320PLAN,PEND-FLD2X6320PLAN,3795.12,,,UNIDAD,UNIDAD,1.0,0,General,Otros,,,
DIMENSIONADO VERDE CONSTRUCCION 2 X 8 X 3.20 MTS. (CONCEPCION),FLD2X8320CONCE,CHM-FLD2X8320CONCE,PEND-FLD2X8320CONCE,5391.10852,,,unidad,unidad,1.0,0,General,Otros,,,
DIMENSIONADO VERDE CONSTRUCCION 2 X 8 X 3.20 MTS. (PLANTA),FLD2X8320PLAN,CHM-FLD2X8320PLAN,PEND-FLD2X8320PLAN,5622.4,,,UNIDAD,UNIDAD,1.0,0,General,Otros,,,
DIMENSIONADO SECO CEPILLADO 1 X 10 X 3.20 MTS. (CONCEPCION),FLDSCEP1X10320CONCE,CHM-FLDSCEP1X10320CONCE,PEND-FLDSCEP1X10320CONCE,5296.02972,,,unidad,unidad,1.0,0,General,Otros,,,
DIMENSIONADO SECO CEPILLADO 1 X 2 X 3.20 MTS. (CONCEPCION),FLDSCEP1X2320CONCE,CHM-FLDSCEP1X2320CONCE,PEND-FLDSCEP1X2320CONCE,897.4254,,,unidad,unidad,1.0,0,General,Otros,,,
DIMENSIONADO SECO CEPILLADO 1 X 3 X 3.20 MTS. (CONCEPCION),FLDSCEP1X3320CONCE,CHM-FLDSCEP1X3320CONCE,PEND-FLDSCEP1X3320CONCE,1438.20992,,,unidad,unidad,1.0,0,General,Otros,,,
DIMENSIONADO SECO CEPILLADO 1 X 4 X 3.20 MTS. (CONCEPCION),FLDSCEP1X4320CONCE,CHM-FLDSCEP1X4320CONCE,PEND-FLDSCEP1X4320CONCE,1794.8508,,,unidad,unidad,1.0,0,General,Otros,,,
DIMENSIONADO SECO CEPILLADO 1 X 5 X 3.20 MTS. (CONCEPCION),FLDSCEP1X5320CONCE,CHM-FLDSCEP1X5320CONCE,PEND-FLDSCEP1X5320CONCE,2243.55848,,,unidad,unidad,1.0,0,General,Otros,,,
DIMENSIONADO SECO CEPILLADO 1 X 6 X 3.20 MTS. (CONCEPCION),FLDSCEP1X6320CONCE,CHM-FLDSCEP1X6320CONCE,PEND-FLDSCEP1X6320CONCE,2876.41984,,,unidad,unidad,1.0,0,General,Otros,,,
DIMENSIONADO SECO CEPILLADO 1 X 8 X 3.20 MTS. (CONCEPCION),FLDSCEP1X8320CONCE,CHM-FLDSCEP1X8320CONCE,PEND-FLDSCEP1X8320CONCE,3991.29156,,,unidad,unidad,1.0,0,General,Otros,,,
DIMENSIONADO SECO CEPILLADO 2 X 3 X 3.20 MTS. (CONCEPCION),FLDSCEP2X3320CONCE,CHM-FLDSCEP2X3320CONCE,PEND-FLDSCEP2X3320CONCE,2876.41984,,,unidad,unidad,1.0,0,General,Otros,,,
DIMENSIONADO SECO CEPILLADO 2 X 4 X 3.20 MTS. (CONCEPCION),FLDSCEP2X4320CONCE,CHM-FLDSCEP2X4320CONCE,PEND-FLDSCEP2X4320CONCE,3835.21976,,,unidad,unidad,1.0,0,General,Otros,,,
DIMENSIONADO SECO CEPILLADO 2 X 5 X 3.20 MTS. (CONCEPCION),FLDSCEP2X5320CONCE,CHM-FLDSCEP2X5320CONCE,PEND-FLDSCEP2X5320CONCE,4487.116959999999,,,unidad,unidad,1.0,0,General,Otros,,,
DIMENSIONADO SECO CEPILLADO 2 X 6 X 3.20 MTS. (CONCEPCION),FLDSCEP2X6320CONCE,CHM-FLDSCEP2X6320CONCE,PEND-FLDSCEP2X6320CONCE,5752.82964,,,unidad,unidad,1.0,0,General,Otros,,,
"PINO VERDE TAPA 1 X 4 X 3,20 MTS. (CONCEPCION)",FLT1X4320CONCE,CHM-FLT1X4320CONCE,PEND-FLT1X4320CONCE,1032.54372,,,unidad,unidad,1.0,0,General,Otros,,,
"PINO VERDE TAPA 1 X 4 X 3,20MTS (PLANTA)",FLT1X4320PLAN,CHM-FLT1X4320PLAN,PEND-FLT1X4320PLAN,1032.112,,,UNIDAD,UNIDAD,1.0,0,General,Otros,,,
"MALLA HEXAG. 3/4´´ X 1,20 X 50 MT.",FMH07512R,CHM-FMH07512R,PEND-FMH07512R,36208.256,,,ROLLO,ROLLO,1.0,0,General,Otros,,,
FORMON AZUL POR UNIDAD 1,FMZ001,CHM-FMZ001,PEND-FMZ001,4039.092,,,unidad,unidad,1.0,0,General,Otros,,,
FORMON AZUL POR UNIDAD 3/4,FMZ304,CHM-FMZ304,PEND-FMZ304,2913.4272800000003,,,un,un,1.0,0,General,Otros,,,
FORMON AZUL POR UNIDAD 5/8,FMZ508,CHM-FMZ508,PEND-FMZ508,3425.71828,,,un,un,1.0,0,General,Otros,,,
INTERRUPTOR TERMOMAGNETICO UNIPOLAR 10A - 6KA,FN81CEW10,CHM-FN81CEW10,PEND-FN81CEW10,1613.428,,,UNIDAD,UNIDAD,1.0,0,Electricidad,Cables y Accesorios,,,
INTERRUPTOR TERMOMAGNETICO UNIPOLAR 16A - 6KA,FN81CEW16,CHM-FN81CEW16,PEND-FN81CEW16,1613.428,,,UNIDAD,UNIDAD,1.0,0,Electricidad,Cables y Accesorios,,,
BT/INT TERMOMAGT 1X20A-6KA,FN81CEW20,CHM-FN81CEW20,PEND-FN81CEW20,1613.428,,,UNIDAD,UNIDAD,1.0,0,General,Otros,,,
FLAPPER CON CADENA PLÂSTICA (BLISTER),FPER,CHM-FPER,PEND-FPER,621.978,,,unidad,unidad,1.0,0,General,Otros,,,
"ALAMBRE DE PUAS 14 X 100 MTS ROLLO 7,2 KG",FPU14100R,CHM-FPU14100R,PEND-FPU14100R,10597.22,,,ROLLO,ROLLO,1.0,0,Electricidad,Cables y Accesorios,,,
"FRAGUE BLANCO, FORMATO 1 KG",FR001-01 CJ RM,CHM-FR001-01-CJ-RM,PEND-FR001-01-CJ-RM,6596.28,,,cj,cj,1.0,0,General,Otros,,,
"FRAGUE BLANCO, FORMATO 1 KG ( 10 UNIDADES )",FR001-01_CJ,CHM-FR001-01_CJ,PEND-FR001-01_CJ,6505.92,,,cj,cj,1.0,0,General,Otros,,,
"FRAGUE GREY, FORMATO 1 KG",FR002-01 CJ RM,CHM-FR002-01-CJ-RM,PEND-FR002-01-CJ-RM,6596.28,,,cj,cj,1.0,0,General,Otros,,,
"FRAGUE GREY, FORMATO 1 KG ( 10 UNIDADES )",FR002-01_CJ,CHM-FR002-01_CJ,PEND-FR002-01_CJ,6505.92,,,cj,cj,1.0,0,General,Otros,,,
"FRAGUE NEGRO, FORMATO 1 KG",FR003-01 CJ RM,CHM-FR003-01-CJ-RM,PEND-FR003-01-CJ-RM,6596.28,,,cj,cj,1.0,0,General,Otros,,,
"FRAGUE NEGRO, FORMATO 1 KG ( 10 UNIDADES )",FR003-01_CJ,CHM-FR003-01_CJ,PEND-FR003-01_CJ,6505.92,,,cj,cj,1.0,0,General,Otros,,,
"FRAGUE ALMOND, FORMATO 1 KG ( 10 UNIDADES )",FR004-01_CJ,CHM-FR004-01_CJ,PEND-FR004-01_CJ,6505.92,,,cj,cj,1.0,0,General,Otros,,,
"FRAGUE BONE, FORMATO 1 KG ( 10 UNIDADES )",FR005-01_CJ,CHM-FR005-01_CJ,PEND-FR005-01_CJ,6505.92,,,cj,cj,1.0,0,General,Otros,,,
"FRAGUE QUILICURA, FORMATO 1 KG ( 10 UNIDADES )",FR006-01_CJ,CHM-FR006-01_CJ,PEND-FR006-01_CJ,6505.92,,,cj,cj,1.0,0,General,Otros,,,
"FRAGUE CAFE OSCURO, FORMATO 1 KG",FR007-01 CJ RM,CHM-FR007-01-CJ-RM,PEND-FR007-01-CJ-RM,6596.28,,,cj,cj,1.0,0,General,Otros,,,
"FRAGUE CAFE OSCURO, FORMATO 1 KG ( 10 UNIDADES )",FR007-01_CJ,CHM-FR007-01_CJ,PEND-FR007-01_CJ,6505.92,,,cj,cj,1.0,0,General,Otros,,,
"FRAGUE MENDOZA, FORMATO 1 KG",FR008-01 CJ RM,CHM-FR008-01-CJ-RM,PEND-FR008-01-CJ-RM,6596.28,,,cj,cj,1.0,0,General,Otros,,,
"FRAGUE MENDOZA, FORMATO 1 KG ( 10 UNIDADES )",FR008-01_CJ,CHM-FR008-01_CJ,PEND-FR008-01_CJ,6505.92,,,cj,cj,1.0,0,General,Otros,,,
"FRAGUE HELECHO, FORMATO 1 KG ( 10 UNIDADES )",FR009-01_CJ,CHM-FR009-01_CJ,PEND-FR009-01_CJ,6505.92,,,cj,cj,1.0,0,General,Otros,,,
"FRAGUE CAFE CLARO, FORMATO 1 KG",FR010-01 CJ RM,CHM-FR010-01-CJ-RM,PEND-FR010-01-CJ-RM,6596.28,,,cj,cj,1.0,0,General,Otros,,,
"FRAGUE CAFE CLARO, FORMATO 1 KG ( 10 UNIDADES )",FR010-01_CJ,CHM-FR010-01_CJ,PEND-FR010-01_CJ,6505.92,,,cj,cj,1.0,0,General,Otros,,,
REMACHE HOJALATERO ZN POP CIEGO DOM M 4.0 X 10.0 (100 UNIDADES),FRAI-100,CHM-FRAI-100,PEND-FRAI-100,1288.0818000000002,,,ciento,ciento,1.0,0,Ferreteria,Fijaciones,,,
REMACHE HOJALATERO ZN POP CIEGO DOM M 4.0 X 15.0 (100 UNIDADES),FRAK-100,CHM-FRAK-100,PEND-FRAK-100,1708.96864,,,ciento,ciento,1.0,0,Ferreteria,Fijaciones,,,
FOSA SEPTICA HORIZONTAL 1200 LTS MONOBLOCK POLIETILENO,FSH1200,CHM-FSH1200,PEND-FSH1200,145939.432,,,Unidad,Unidad,1.0,0,General,Otros,,,
FOSA SEPTICA HORIZONTAL 2000 LTS MONOBLOCK POLIETILENO,FSH2000,CHM-FSH2000,PEND-FSH2000,283253.64056,,,unidad,unidad,1.0,0,General,Otros,,,
FOSA SEPTICA HORIZONTAL 2500 LTS MONOBLOCK POLIETILENO,FSH2500,CHM-FSH2500,PEND-FSH2500,330209.85712,,,unidad,unidad,1.0,0,General,Otros,,,
FOSA SEPTICA HORIZONTAL 3250 LTS MONOBLOCK POLIETILENO,FSH3250,CHM-FSH3250,PEND-FSH3250,433225.72892,,,unidad,unidad,1.0,0,General,Otros,,,
TORNILLO CAB LENTEJA PTA BROCA Nº 8 X 1,FTAA-100,CHM-FTAA-100,PEND-FTAA-100,956.85216,,,ciento,ciento,1.0,0,Ferreteria,Fijaciones,,,
TORNILLO CAB LENTEJA PTA BROCA Nº 8 X 1/2,FTAB-100,CHM-FTAB-100,PEND-FTAB-100,603.38392,,,ciento,ciento,1.0,0,Ferreteria,Fijaciones,,,
TORNILLO CAB LENTEJA PTA BROCA Nº 8 X 3/4,FTAC-100,CHM-FTAC-100,PEND-FTAC-100,864.66488,,,ciento,ciento,1.0,0,Ferreteria,Fijaciones,,,
TORNILLO CAB LENTEJA PTA BROCA Nº 8 X 1.1/4,FTAD-100,CHM-FTAD-100,PEND-FTAD-100,1319.6576,,,ciento,ciento,1.0,0,Ferreteria,Fijaciones,,,
TORNILLO CAB LENTEJA PTA FINA ZN Nº 8 X 1,FTAE-100,CHM-FTAE-100,PEND-FTAE-100,833.91236,,,ciento,ciento,1.0,0,Ferreteria,Fijaciones,,,
TORNILLO CAB LENTEJA PTA FINA ZN Nº 8 X 3/4,FTAG-100,CHM-FTAG-100,PEND-FTAG-100,741.68492,,,ciento,ciento,1.0,0,Ferreteria,Fijaciones,,,
"TOR DRYWALL ROSCA MAD CRS ZN 8 X 3""",FTAH-100,CHM-FTAH-100,PEND-FTAH-100,2149.90536,,,bolsa,bolsa,1.0,0,General,Otros,,,
TORNILLO DRYWALL ROSCA MAD CRS ZN 8 X 21/2,FTAI-100,CHM-FTAI-100,PEND-FTAI-100,1838.00272,,,bolsa,bolsa,1.0,0,Ferreteria,Fijaciones,,,
"TORNILLO DRYWALL ROS MAD CRS VOLC ZN 6 X 1""",FTAJ-100,CHM-FTAJ-100,PEND-FTAJ-100,515.41344,,,caja,caja,1.0,0,Ferreteria,Fijaciones,,,
"TORNILLO DRYWALL ROS MAD CRS VOLC ZN 6 X 2""",FTAK-100,CHM-FTAK-100,PEND-FTAK-100,1139.56008,,,caja,caja,1.0,0,Ferreteria,Fijaciones,,,
"TORNILLO DRYWALL ROS MAD CRS VOLC ZN 6 X 1 1/4""",FTAL-100,CHM-FTAL-100,PEND-FTAL-100,651.48556,,,caja,caja,1.0,0,Ferreteria,Fijaciones,,,
"TORNILLO DRYWALL ROS MAD CRS VOLC ZN 6 X 1 5/8""",FTAM-100,CHM-FTAM-100,PEND-FTAM-100,832.9184,,,caja,caja,1.0,0,Ferreteria,Fijaciones,,,
TOR. AVELLANANTE FIBROCEMENTO10 X 1.1/4    (CAJA 100 UNIDADES),FTAW-100,CHM-FTAW-100,PEND-FTAW-100,1649.74268,,,caja,caja,1.0,0,Construccion,Materiales,,,
"TOR HEX PTA ESPAD LAT MAD C/G ±10-12X1"" CJ100",FTBH-100,CHM-FTBH-100,PEND-FTBH-100,3119.85972,,,caja,caja,1.0,0,General,Otros,,,
"TOR HEX PTA ESPAD LAT MAD C/G ±10-12X2"" CJ100",FTBI-100,CHM-FTBI-100,PEND-FTBI-100,3704.31824,,,caja,caja,1.0,0,General,Otros,,,
"TOR HEX PTA ESPAD LAT MAD C/G ±10-12X3"" CJ100",FTBJ-100,CHM-FTBJ-100,PEND-FTBJ-100,5481.4886,,,caja,caja,1.0,0,General,Otros,,,
TOR HEX PTA ESPAD LAT MAD C/G ±10-12X11/2 CJ100,FTBK-100,CHM-FTBK-100,PEND-FTBK-100,3506.2491200000004,,,caja,caja,1.0,0,General,Otros,,,
TOR HEX PTA ESPAD LAT MAD C/G ±10-12X21/2 100,FTBL-100,CHM-FTBL-100,PEND-FTBL-100,5199.17384,,,caja,caja,1.0,0,General,Otros,,,
TORNILLO DRYWALL ROS MAD CRS VOLC ZN 8 X 4 (200 UND),FTDG-200,CHM-FTDG-200,PEND-FTDG-200,4760.466,,,caja,caja,1.0,0,Ferreteria,Fijaciones,,,
TORNILLO CAB LENTEJA PTA BROCA ±8X 1.5/8,FTDI-100,CHM-FTDI-100,PEND-FTDI-100,1869.8496,,,caja,caja,1.0,0,Ferreteria,Fijaciones,,,
TOR HEX TAP FAST C/G ±10-12X2 (100 UNID),FTDL-100,CHM-FTDL-100,PEND-FTDL-100,3704.76,,,caja,caja,1.0,0,General,Otros,,,
TOR HEX TAP FAST C/G ±10-12X3 (100 UNID),FTDM-100,CHM-FTDM-100,PEND-FTDM-100,4894.5,,,caja,caja,1.0,0,General,Otros,,,
TOR HEX TAP FAST C/G ±10-12X11/2 (100 UNID),FTDO-100,CHM-FTDO-100,PEND-FTDO-100,3130.58244,,,caja,caja,1.0,0,General,Otros,,,
TOR HEX TAP FAST C/G ±10-12X2 1/2 (100 UNID),FTDP-100,CHM-FTDP-100,PEND-FTDP-100,4642.496,,,caja,caja,1.0,0,General,Otros,,,
TORNILLO MULTIUSO O TURBO 6.0 X 80,FTHF-144,CHM-FTHF-144,PEND-FTHF-144,17128.50104,,,gruesa,gruesa,1.0,0,Ferreteria,Fijaciones,,,
TORNILLO MULTIUSO O TURBO 6.0 X 100,FTHG-144,CHM-FTHG-144,PEND-FTHG-144,20585.4638,,,gruesa,gruesa,1.0,0,Ferreteria,Fijaciones,,,
TORNILLO MULTIUSO O TURBO 6.0 X 120,FTHH-144,CHM-FTHH-144,PEND-FTHH-144,26002.927320000003,,,gruesa,gruesa,1.0,0,Ferreteria,Fijaciones,,,
"TORNILLO ROSCALATA (TIPO AB, BIND, CAB PAN) #6 X 1"" (100 UNIDADES)",FTIE-100,CHM-FTIE-100,PEND-FTIE-100,752.5482,,,ciento,ciento,1.0,0,Ferreteria,Fijaciones,,,
"TORNILLO ROSCALATA (TIPO AB, BIND, CAB PAN) #6 X 2"" (100 UNIDADES)",FTIF-100,CHM-FTIF-100,PEND-FTIF-100,1514.56412,,,ciento,ciento,1.0,0,Ferreteria,Fijaciones,,,
"TORNILLO ROSCALATA (TIPO AB, BIND, CAB PAN) #6 X 1 1/2"" (100 UNIDADES)",FTIG-100,CHM-FTIG-100,PEND-FTIG-100,1207.52084,,,ciento,ciento,1.0,0,Ferreteria,Fijaciones,,,
"TORNILLO ROSCALATA (TIPO AB, BIND, CAB PAN) #8 X 1 1/2"" (100 UNIDADES)",FTIP-100,CHM-FTIP-100,PEND-FTIP-100,1831.78796,,,ciento,ciento,1.0,0,Ferreteria,Fijaciones,,,
"TORNILLO ROSCALATA (TIPO AB, BIND, CAB PAN) #8 X 3/4"" (100 UNIDADES)",FTIS-100,CHM-FTIS-100,PEND-FTIS-100,960.7276,,,ciento,ciento,1.0,0,Ferreteria,Fijaciones,,,
"TORNILLO ROSCALATA (TIPO AB, BIND, CAB PAN) #10 X 1 1/2"" (100 UNIDADES)",FTIY-100,CHM-FTIY-100,PEND-FTIY-100,2495.72312,,,ciento,ciento,1.0,0,Ferreteria,Fijaciones,,,
"TORNILLO SELLADOR AUTOROSCAN C/G/G #12 X 1"" (100 UNIDADES)",FTKC-100,CHM-FTKC-100,PEND-FTKC-100,2040.81072,,,ciento,ciento,1.0,0,Ferreteria,Fijaciones,,,
"TORNILLO SELLADOR AUTOROSCAN C/G/G #12 X 2"" (100 UNIDADES)",FTKD-100,CHM-FTKD-100,PEND-FTKD-100,3361.42212,,,ciento,ciento,1.0,0,Ferreteria,Fijaciones,,,
"TORNILLO SELLADOR AUTOROSCAN C/G/G #12 X 1 1/2"" (100 UNIDADES)",FTKF-100,CHM-FTKF-100,PEND-FTKF-100,3085.18156,,,ciento,ciento,1.0,0,Ferreteria,Fijaciones,,,
"TORNILLO SELLADOR AUTOROSCAN C/G/G #12 X 1 1/4"" (100 UNIDADES)",FTKG-100,CHM-FTKG-100,PEND-FTKG-100,2676.45316,,,ciento,ciento,1.0,0,Ferreteria,Fijaciones,,,
"TORNILLO SELLADOR AUTOROSCAN C/G/G #12 X 3/4"" (100 UNIDADES)",FTKI-100,CHM-FTKI-100,PEND-FTKI-100,2002.75912,,,ciento,ciento,1.0,0,Ferreteria,Fijaciones,,,
"TORNILLO TIRAFONDO CAB HEX TN 1/4 X 2"" (100 UNIDADES)",FTNZ-100,CHM-FTNZ-100,PEND-FTNZ-100,4088.31812,,,ciento,ciento,1.0,0,Ferreteria,Fijaciones,,,
"TORNILLO TIRAFONDO CAB HEX TN 1/4 X 3"" (100 UNIDADES)",FTOA-100,CHM-FTOA-100,PEND-FTOA-100,5412.65436,,,ciento,ciento,1.0,0,Ferreteria,Fijaciones,,,
"TORNILLO TIRAFONDO CAB HEX TN 1/4 X 4"" (100 UNIDADES)",FTOB-100,CHM-FTOB-100,PEND-FTOB-100,9251.4584,,,ciento,ciento,1.0,0,Ferreteria,Fijaciones,,,
"TORNILLO TIRAFONDO CAB HEX TN 1/4 X 5"" (100 UNIDADES)",FTOC-100,CHM-FTOC-100,PEND-FTOC-100,11013.31776,,,ciento,ciento,1.0,0,Ferreteria,Fijaciones,,,
"TORNILLO TIRAFONDO CAB HEX TN 1/4 X 1 1/2"" (100 UNIDADES)",FTOD-100,CHM-FTOD-100,PEND-FTOD-100,3255.91176,,,ciento,ciento,1.0,0,Ferreteria,Fijaciones,,,
"TORNILLO VOLCANITA PTA BROCA AP ZN #6 X 1"" (100 UNIDADES)",FTQA-100,CHM-FTQA-100,PEND-FTQA-100,613.18296,,,ciento,ciento,1.0,0,Ferreteria,Fijaciones,,,
"TORNILLO VOLCANITA PTA BROCA AP ZN #6 X 1 5/8"" (100 UNIDADES)",FTQC-100,CHM-FTQC-100,PEND-FTQC-100,932.99712,,,ciento,ciento,1.0,0,Ferreteria,Fijaciones,,,
"TORNILLO VOLCANITA PTA BROCA AP ZN #6-18 X 1 1/4"" (100 UNIDADES)",FTQD-100,CHM-FTQD-100,PEND-FTQD-100,729.908,,,ciento,ciento,1.0,0,Ferreteria,Fijaciones,,,
TARUGO PLASTICO N° 5 1000 UNIDADES,FUAL-110,CHM-FUAL-110,PEND-FUAL-110,4656.9335200000005,,,caja,caja,1.0,0,General,Otros,,,
TARUGO PLASTICO N° 6 1000 UNIDADES,FUAM-110,CHM-FUAM-110,PEND-FUAM-110,6815.754400000001,,,caja,caja,1.0,0,General,Otros,,,
TARUGO PLASTICO N° 8 1000 UNIDADES,FUAN-110,CHM-FUAN-110,PEND-FUAN-110,13027.18112,,,caja,caja,1.0,0,General,Otros,,,
TARUGO PLASTICO N° 10 1000 UNIDADES,FUAO-110,CHM-FUAO-110,PEND-FUAO-110,17775.699520000002,,,caja,caja,1.0,0,General,Otros,,,
TARUGO PALOMA TARUGO PALOMA 500 UNIDADES,FUAQ-500,CHM-FUAQ-500,PEND-FUAQ-500,9455.40092,,,bolsa,bolsa,1.0,0,General,Otros,,,
"FLEXIBLE PARA MONOMANDOS Y MONOBLOCK 30CM.HI 1/2""X HE M10X1 (FAS)",FX6,CHM-FX6,PEND-FX6,2600.36,,,unidad,unidad,1.0,0,General,Otros,,,
MANGUERA AIRE 50FT TAIWAN,G10,CHM-G10,PEND-G10,14667.436,,,unidad,unidad,1.0,0,General,Otros,,,
POSTON GAMO 4.5 MATCH 100UD CAJA,G503-K0000,CHM-G503-K0000,PEND-G503-K0000,961.832,,,cajita,cajita,1.0,0,General,Otros,,,
GATA HIDRAULICA UYUSTOOLS PESADA 2T,GAB202,CHM-GAB202,PEND-GAB202,19857.112,,,unidad,unidad,1.0,0,General,Otros,,,
GATA HIDRAULICA UYUSTOOLS PESADA 4T,GAB204,CHM-GAB204,PEND-GAB204,25398.188,,,unidad,unidad,1.0,0,General,Otros,,,
ALAMBRE GALVANIZADO BWG 18X50KG,GB000124100001,CHM-GB000124100001,PEND-GB000124100001,124375.52,,,rollo,rollo,1.0,0,Electricidad,Cables y Accesorios,,,
"ALAMBRE GALVANIZADO CTE 1,24 BWG 18 (1KG) ( CAJA 20 ROLLOS )",GB000124100010,CHM-GB000124100010,PEND-GB000124100010,82503.7,,,caja,caja,1.0,0,Electricidad,Cables y Accesorios,,,
"ALAMBRE GALVANIZADO CORRIENTE 1,65 MM ROLLO 1 KG (20 ROLLOS DE 1 KG",GB000165100010,CHM-GB000165100010,PEND-GB000165100010,77875.26,,,caja,caja,1.0,0,Electricidad,Cables y Accesorios,,,
ALAMBRE GALVANIZADO BWG 16X50KG,GB000165100012,CHM-GB000165100012,PEND-GB000165100012,117613.58,,,rollo,rollo,1.0,0,Electricidad,Cables y Accesorios,,,
ALAMBRE GALVANIZADO BWG 14X50KG,GB000211100005,CHM-GB000211100005,PEND-GB000211100005,115239.12,,,rollo,rollo,1.0,0,Electricidad,Cables y Accesorios,,,
"ALAMBRE GALVANIZADO CTE 2,11 BWG 14 (1KG) ( CAJA 20 ROLLOS )",GB000211100013,CHM-GB000211100013,PEND-GB000211100013,77378.28,,,caja,caja,1.0,0,Electricidad,Cables y Accesorios,,,
ALAMBRE GALVANIZADO BWG 12 X 50 KG,GB000277060001,CHM-GB000277060001,PEND-GB000277060001,114104.6,,,rollo,rollo,1.0,0,Electricidad,Cables y Accesorios,,,
GANCHO CON OJO 2 TON UYUSTOOLS,GCH02T,CHM-GCH02T,PEND-GCH02T,9449.46728,,,un,un,1.0,0,General,Otros,,,
GEOMEMBRANA 1MM 7.01X100 TM,GEOM1701100TM,CHM-GEOM1701100TM,PEND-GEOM1701100TM,2519.42756,,,m2,m2,1.0,0,General,Otros,,,
GAUGE 15PCS 120UN,GGA015,CHM-GGA015,PEND-GGA015,3706.94872,,,set,set,1.0,0,General,Otros,,,
"GRILLETE 1/2"" UYUSTOOLS",GLT102,CHM-GLT102,PEND-GLT102,5324.6638,,,un,un,1.0,0,General,Otros,,,
"GRILLETE 3/4"" UYUSTOOLS",GLT304,CHM-GLT304,PEND-GLT304,10193.160199999998,,,un,un,1.0,0,General,Otros,,,
GORRO DE LANA CON DOBLEZ BORDADO CHILEMAT,GO-LA-CHMT,CHM-GO-LA-CHMT,PEND-GO-LA-CHMT,1539.132,,,unidad,unidad,1.0,0,General,Otros,,,
GRAPA PARA CABLE BLANCO 7MM 100PCS/SET UYU,GPC07B,CHM-GPC07B,PEND-GPC07B,1849.63908,,,set,set,1.0,0,Electricidad,Cables y Accesorios,,,
GRAPA PARA CABLE BLANCO 8MM 100PCS/SET UYU,GPC08B,CHM-GPC08B,PEND-GPC08B,1432.7582,,,set,set,1.0,0,Electricidad,Cables y Accesorios,,,
"CINTA ELECTRICA 2351GOMA AUTOFUNDENTE 3/4"" X 3M (160)",H0-0015-7997-0,CHM-H0-0015-7997-0,PEND-H0-0015-7997-0,2510.0,,,rollo,rollo,1.0,0,General,Otros,,,
"HERVIDOR DE AGUA 1,7LTS 2000W HA-2000 NEGRO",HA-2000NG,CHM-HA-2000NG,PEND-HA-2000NG,8497.856,,,unidad,unidad,1.0,0,General,Otros,,,
GORROS PERSONALIZADOS LOGO CHILEMAT-MARKETING,HAT2012,CHM-HAT2012,PEND-HAT2012,1196.69772,,,UNIDAD,UNIDAD,1.0,0,General,Otros,,,
HACHA SIN MANGO 3.5LB UYUSTOOLS,HAU035,CHM-HAU035,PEND-HAU035,9956.52744,,,un,un,1.0,0,General,Otros,,,
HACHA MANGO FIBRA 1500G UYUSTOOLS,HAU15F,CHM-HAU15F,PEND-HAU15F,19513.744,,,unidad,unidad,1.0,0,General,Otros,,,
HACHA MANGO FIBRA 2000G UYUSTOOLS,HAU20F,CHM-HAU20F,PEND-HAU20F,20568.22512,,,unidad,unidad,1.0,0,General,Otros,,,
4910 CINTA VHB 19MM X 5M,HB-0044-5921-8,CHM-HB-0044-5921-8,PEND-HB-0044-5921-8,4684.09172,,,rollo,rollo,1.0,0,General,Otros,,,
3M SUPER 77 ADHESIVO AEROSOL 330 GR,HB-0045-3972-0,CHM-HB-0045-3972-0,PEND-HB-0045-3972-0,12528.53448,,,tarro,tarro,1.0,0,General,Otros,,,
CINTA 3M VHB IG-110WF 19MM X 5MT,HB-0045-4339-1,CHM-HB-0045-4339-1,PEND-HB-0045-4339-1,7021.976,,,unidad,unidad,1.0,0,General,Otros,,,
"DISCO DE CORTE FINO INOX 115 X 1,0 X 22,2",HB-0046-7619-1,CHM-HB-0046-7619-1,PEND-HB-0046-7619-1,644.9696,,,disco,disco,1.0,0,Herramientas,Discos y Corte,,,
101+ MASKING TAPE 18MMX50M,HB-0046-8211-6,CHM-HB-0046-8211-6,PEND-HB-0046-8211-6,684.728,,,rollo,rollo,1.0,0,General,Otros,,,
101+ MASKING TAPE 24MMX50M,HB-0046-8217-3,CHM-HB-0046-8217-3,PEND-HB-0046-8217-3,910.628,,,rollo,rollo,1.0,0,General,Otros,,,
101+ MASKING TAPE 38MMX50M,HB-0046-8230-6,CHM-HB-0046-8230-6,PEND-HB-0046-8230-6,1441.744,,,rollo,rollo,1.0,0,General,Otros,,,
101+ MASKING TAPE 48MMX50M,HB-0046-8235-5,CHM-HB-0046-8235-5,PEND-HB-0046-8235-5,2168.71028,,,rollo,rollo,1.0,0,General,Otros,,,
PASTO SINTETICO NELTUME 18MM ROLLO 2 X 25 METROS,HBNELTUME_50M,CHM-HBNELTUME_50M,PEND-HBNELTUME_50M,200549.0,,,UNIDAD,UNIDAD,1.0,0,General,Otros,,,
"HORNO HE-16NG, INOX, 16 LITROS",HE-16NG,CHM-HE-16NG,PEND-HE-16NG,31884.6806,,,unidad,unidad,1.0,0,General,Otros,,,
"VALVULA DE ADMISION 15/16"" TIPO FLUID MASTER (SILENCIOSA)",HE263/N,CHM-HE263N,PEND-HE263N,2423.656,,,unidad,unidad,1.0,0,Gasfiteria,Tuberias y Conexiones,,,
HOJA P/CALADORA 10PCS P/MADERA COMBINADA UYU,HOC10M,CHM-HOC10M,PEND-HOC10M,4282.06,,,set,set,1.0,0,Construccion,Materiales,,,
HOJA CALADORA 5PCS BI-METAL UYUSTOOLS,HOC502,CHM-HOC502,PEND-HOC502,3557.44308,,,set,set,1.0,0,Construccion,Materiales,,,
HORMIGON H20,HT002-25,CHM-HT002-25,PEND-HT002-25,2379.48,,,pl,pl,1.0,0,Construccion,Materiales,,,
HUAIPE PAÑO 1 KG. (FRANELA),HUAI004,CHM-HUAI004,PEND-HUAI004,2123.46,,,bolsa,bolsa,1.0,0,General,Otros,,,
HUINCHA CON MANGO 30M,HUM030,CHM-HUM030,PEND-HUM030,6363.53272,,,un,un,1.0,0,General,Otros,,,
HUINCHA CON MANGO 100M UYUSTOOLS,HUM100,CHM-HUM100,PEND-HUM100,15020.17132,,,un,un,1.0,0,General,Otros,,,
HUAIPE COLOR CTE. KG.,HUMECSE002-2,CHM-HUMECSE002-2,PEND-HUMECSE002-2,1807.2,,,kilo,kilo,1.0,0,General,Otros,,,
AMP 300W HALOGENA ( 118MM ) 240V EKOLINE,I0430001,CHM-I0430001,PEND-I0430001,1020.064,,,unidad,unidad,1.0,0,General,Otros,,,
BASE RECTA LOZA CHINA E-27,I0431005,CHM-I0431005,PEND-I0431005,659.628,,,unidad,unidad,1.0,0,General,Otros,,,
AISLADOR CARRETE CHICO (51X46),I0431016,CHM-I0431016,PEND-I0431016,491.96,,,unidad,unidad,1.0,0,General,Otros,,,
SEGURO AEREO 250V 60A,I0431022,CHM-I0431022,PEND-I0431022,3492.916,,,unidad,unidad,1.0,0,General,Otros,,,
FL AMARRA NATURAL 100 X 2.5MM,I0602031,CHM-I0602031,PEND-I0602031,13.052,,,unidad,unidad,1.0,0,General,Otros,,,
FL AMARRA NATURAL 150 X 3.5MM,I0602032,CHM-I0602032,PEND-I0602032,30.12,,,unidad,unidad,1.0,0,General,Otros,,,
FL AMARRA NATURAL 200 X 3.5MM,I0602033,CHM-I0602033,PEND-I0602033,39.156,,,unidad,unidad,1.0,0,General,Otros,,,
FL AMARRA NATURAL 300 X 3.5MM,I0602035,CHM-I0602035,PEND-I0602035,59.236,,,unidad,unidad,1.0,0,General,Otros,,,
FL AMARRA NATURAL 250 X 4.5MM,I0602036,CHM-I0602036,PEND-I0602036,64.256,,,unidad,unidad,1.0,0,General,Otros,,,
FL AMARRA NATURAL 300 X 4.5MM,I0602037,CHM-I0602037,PEND-I0602037,67.268,,,unidad,unidad,1.0,0,General,Otros,,,
FL AMARRA NATURAL 380 X 4.7MM,I0602038,CHM-I0602038,PEND-I0602038,79.316,,,unidad,unidad,1.0,0,General,Otros,,,
FL AMARRA NEGRA 100 X 2.5MM,I0602040,CHM-I0602040,PEND-I0602040,13.052,,,unidad,unidad,1.0,0,General,Otros,,,
FL AMARRA NEGRA 150 X 3.5MM,I0602041,CHM-I0602041,PEND-I0602041,30.12,,,unidad,unidad,1.0,0,General,Otros,,,
FL AMARRA NEGRA 300 X 4.5MM,I0602044,CHM-I0602044,PEND-I0602044,74.296,,,unidad,unidad,1.0,0,General,Otros,,,
FL AMARRA NEGRA 380 X 4.7MM,I0602045,CHM-I0602045,PEND-I0602045,79.316,,,unidad,unidad,1.0,0,General,Otros,,,
"GRAMPA AISLADA 5/8"""" (100U X CAJA)""",I0604002,CHM-I0604002,PEND-I0604002,1208.816,,,unidad,unidad,1.0,0,General,Otros,,,
"GRAMPA AISLADA 3/4"""" (100U X CAJA)""",I0604003,CHM-I0604003,PEND-I0604003,1354.396,,,unidad,unidad,1.0,0,General,Otros,,,
"GRAMPA AISLADA 1"""" (100U X CAJA)""",I0604004,CHM-I0604004,PEND-I0604004,1522.064,,,unidad,unidad,1.0,0,General,Otros,,,
"BARRA COBRIZADA T/TIERRA 1/2""""X1.5MTS.EKO""",I0604006,CHM-I0604006,PEND-I0604006,5654.528,,,tira,tira,1.0,0,General,Otros,,,
CAJA ESTANCA CIRC. 80X50MM C/CONOS EP048,I0606072,CHM-I0606072,PEND-I0606072,2381.488,,,unidad,unidad,1.0,0,General,Otros,,,
CAJA ESTANCA 84X84X50MM C/CONOS EP-088,I0606073,CHM-I0606073,PEND-I0606073,2732.888,,,unidad,unidad,1.0,0,General,Otros,,,
CAJA ESTANCA 119X119X64MM C/CONOS EV-111,I0606074,CHM-I0606074,PEND-I0606074,3909.576,,,unidad,unidad,1.0,0,General,Otros,,,
CORDON SPTRD 2X24AWG POLARIZADO N/B,I0606177,CHM-I0606177,PEND-I0606177,201.804,,,metro,metro,1.0,0,General,Otros,,,
SPLITTER 1X2 VIAS EKOLINE,I0606280,CHM-I0606280,PEND-I0606280,594.368,,,unidad,unidad,1.0,0,General,Otros,,,
INT. DIFERENCIAL 2X25A.30MA MAGNET. EKOL,I0606365,CHM-I0606365,PEND-I0606365,11739.772,,,unidad,unidad,1.0,0,General,Otros,,,
BASE DE EMPALME (CHILECTRA) 23 X 16 MM,I0606413,CHM-I0606413,PEND-I0606413,91.364,,,unidad,unidad,1.0,0,General,Otros,,,
MEDIDOR MONOF.10/50A.DD-862 EKOLINE CERT,I0606477,CHM-I0606477,PEND-I0606477,29105.96,,,unidad,unidad,1.0,0,General,Otros,,,
ADAPTADOR SCHUKO 2P+T 10A BLANCO EKOLINE,I0606491,CHM-I0606491,PEND-I0606491,3503.96,,,unidad,unidad,1.0,0,General,Otros,,,
ALARG.MULTIPLE 6 POSIC. 10A. 2P+T 3MTS.,I0606492,CHM-I0606492,PEND-I0606492,9015.92,,,unidad,unidad,1.0,0,General,Otros,,,
ALARGADOR MULTIPLE 6 POSICIONES 2P+T 10A 5MT EKOLINE,I0606494,CHM-I0606494,PEND-I0606494,11557.044,,,unidad,unidad,1.0,0,General,Otros,,,
MACHO TRIPLE 10A 2P+T BLANCO,I0606509,CHM-I0606509,PEND-I0606509,2270.044,,,unidad,unidad,1.0,0,General,Otros,,,
CORDON VF HO3 2X0.75 MM2 NEGRO,I0606511,CHM-I0606511,PEND-I0606511,763.04,,,metro,metro,1.0,0,General,Otros,,,
CORDON VF HO3 3X0.75 MM2 NEGRO,I0606513,CHM-I0606513,PEND-I0606513,984.924,,,metro,metro,1.0,0,General,Otros,,,
CORDON VF HO5 2X1 MM2 NEGRO,I0606517,CHM-I0606517,PEND-I0606517,931.712,,,metro,metro,1.0,0,General,Otros,,,
CORDON VF HO5 3X1 MM2 NEGRO,I0606519,CHM-I0606519,PEND-I0606519,1046.168,,,metro,metro,1.0,0,General,Otros,,,
CALOTA S/P 1-2 MOD. BT2 BLANCA,I0606571,CHM-I0606571,PEND-I0606571,3180.672,,,unidad,unidad,1.0,0,Construccion,Materiales,,,
"BUSCAPOLO NEON 2"""" EKOLINE""",I0606603,CHM-I0606603,PEND-I0606603,833.32,,,unidad,unidad,1.0,0,General,Otros,,,
INT. AUTOMATICO 1X6A TIPO C 6K EKOLINE,I0606646,CHM-I0606646,PEND-I0606646,2594.336,,,unidad,unidad,1.0,0,Electricidad,Cables y Accesorios,,,
INT. AUTOMATICO 1X10A TIPO C 6K EKOLINE,I0606647,CHM-I0606647,PEND-I0606647,2594.336,,,unidad,unidad,1.0,0,Electricidad,Cables y Accesorios,,,
INT. AUTOMATICO 1X16A TIPO C 6K EKOLINE,I0606648,CHM-I0606648,PEND-I0606648,2594.336,,,unidad,unidad,1.0,0,Electricidad,Cables y Accesorios,,,
INT. AUTOMATICO 1X20A TIPO C 6K EKOLINE,I0606649,CHM-I0606649,PEND-I0606649,2594.336,,,unidad,unidad,1.0,0,Electricidad,Cables y Accesorios,,,
INT. AUTOMATICO 1X25A TIPO C 6K EKOLINE,I0606650,CHM-I0606650,PEND-I0606650,2594.336,,,unidad,unidad,1.0,0,Electricidad,Cables y Accesorios,,,
TARUGO PLASTICO 6 MM. (100 X CAJA),I0606816,CHM-I0606816,PEND-I0606816,925.688,,,unidad,unidad,1.0,0,General,Otros,,,
ENCH. MACHO CONVERTIBLE 10A 2P+T GRIS,I0606887,CHM-I0606887,PEND-I0606887,1040.144,,,unidad,unidad,1.0,0,General,Otros,,,
CABLE ARAFLEX RV-K 2X1.5 MM2,I0607024,CHM-I0607024,PEND-I0607024,980.908,,,metro,metro,1.0,0,Electricidad,Cables y Accesorios,,,
CABLE ARAFLEX RV-K 2X2.5 MM2,I0607025,CHM-I0607025,PEND-I0607025,1566.24,,,metro,metro,1.0,0,Electricidad,Cables y Accesorios,,,
CABLE ARAFLEX RV-K 3X1.5 MM2,I0607035,CHM-I0607035,PEND-I0607035,1316.244,,,metro,metro,1.0,0,Electricidad,Cables y Accesorios,,,
CABLE ARAFLEX RV-K 3X2.5 MM2,I0607036,CHM-I0607036,PEND-I0607036,1932.7,,,metro,metro,1.0,0,Electricidad,Cables y Accesorios,,,
BASE P/CELDA FOTOELCT. LC-10 10A 240V,I0607210,CHM-I0607210,PEND-I0607210,5966.772,,,unidad,unidad,1.0,0,General,Otros,,,
TUBO FLUORESCENTE T8 36W LUZ DIA EKOLINE,I0607213,CHM-I0607213,PEND-I0607213,1086.328,,,unidad,unidad,1.0,0,Gasfiteria,Tuberias y Conexiones,,,
CABLE AUTOMOTRIZ 14 AWG NEGRO EKOLINE,I0607396,CHM-I0607396,PEND-I0607396,1154.6,,,metro,metro,1.0,0,Electricidad,Cables y Accesorios,,,
CABLE AUTOMOTRIZ 14 AWG ROJO EKOLINE,I0607397,CHM-I0607397,PEND-I0607397,1154.6,,,metro,metro,1.0,0,Electricidad,Cables y Accesorios,,,
CORDON PARALELO 2X20 AWG BLANCO EKOLINE,I0607402,CHM-I0607402,PEND-I0607402,511.036,,,metro,metro,1.0,0,General,Otros,,,
CORDON PARALELO 2X20 AWG NEGRO EKOLINE,I0607403,CHM-I0607403,PEND-I0607403,511.036,,,metro,metro,1.0,0,General,Otros,,,
LAUCHA DE ACERO 10 MTS EKOLINE,I0607436,CHM-I0607436,PEND-I0607436,2234.904,,,unidad,unidad,1.0,0,Aceros y Techumbre,Planchas,,,
LAUCHA DE ACERO 15 MTS EKOLINE,I0607437,CHM-I0607437,PEND-I0607437,2421.648,,,unidad,unidad,1.0,0,Aceros y Techumbre,Planchas,,,
PORTALAMPARA E-27 BLANCO EKOLINE,I0607543,CHM-I0607543,PEND-I0607543,812.236,,,unidad,unidad,1.0,0,General,Otros,,,
AL. CALECO 2X2.5 MM2 EKOLINE,I0607613,CHM-I0607613,PEND-I0607613,2021.052,,,metro,metro,1.0,0,Construccion,Materiales,,,
RIEL DIN SIMETRICO 1 METRO EKOLINE,I0607772,CHM-I0607772,PEND-I0607772,2799.152,,,unidad,unidad,1.0,0,General,Otros,,,
"ABRAZADERA 2 PC 1/2"""" E.G. EKOLINE""",I0607790,CHM-I0607790,PEND-I0607790,113.452,,,unidad,unidad,1.0,0,General,Otros,,,
"ABRAZADERA 2 PC 3/4"""" E.G. EKOLINE""",I0607791,CHM-I0607791,PEND-I0607791,152.608,,,unidad,unidad,1.0,0,General,Otros,,,
"ABRAZADERA 2 PC 1"" E.G. EKOLINE""",I0607792,CHM-I0607792,PEND-I0607792,167.668,,,unidad,unidad,1.0,0,General,Otros,,,
"ABRAZADERA TIPO #CD0B 1/2"" EKOLINE""",I0607797,CHM-I0607797,PEND-I0607797,408.628,,,unidad,unidad,1.0,0,General,Otros,,,
"ABRAZADERA TIPO #CD1B 3/4"""" EKOLINE""",I0607798,CHM-I0607798,PEND-I0607798,466.86,,,unidad,unidad,1.0,0,General,Otros,,,
CAJA CHUQUI E.G. (118X76X40) 5/8-1/2 EKO,I0607832,CHM-I0607832,PEND-I0607832,2192.736,,,unidad,unidad,1.0,0,General,Otros,,,
LAUCHA DE ACERO 20 MTS EKOLINE,I0608176,CHM-I0608176,PEND-I0608176,4165.596,,,unidad,unidad,1.0,0,Aceros y Techumbre,Planchas,,,
TABLERO EMPOTRADO 4 MÓDULOS PUERTA TRANSPARENTE T4 EKOLINE,I0608189,CHM-I0608189,PEND-I0608189,5854.324,,,unidad,unidad,1.0,0,General,Otros,,,
TABLERO EMB 6 MOD. PTA.TRANSP. T6 EKOLIN,I0608190,CHM-I0608190,PEND-I0608190,9186.6,,,unidad,unidad,1.0,0,General,Otros,,,
TABLERO EMB 8 MOD. PTA.TRANSP. T8 EKOLIN,I0608191,CHM-I0608191,PEND-I0608191,11168.496,,,unidad,unidad,1.0,0,General,Otros,,,
TABLERO EMB 12 MOD. PTA.TRANSP. T12 EKOL,I0608193,CHM-I0608193,PEND-I0608193,15388.308,,,unidad,unidad,1.0,0,General,Otros,,,
MACHO VOLANTE 2P+T 16A 220V IP44 KB013,I0608321,CHM-I0608321,PEND-I0608321,3316.212,,,unidad,unidad,1.0,0,General,Otros,,,
MACHO VOLANTE 3P+T 32A 380V IP44 KB024,I0608325,CHM-I0608325,PEND-I0608325,5528.024,,,unidad,unidad,1.0,0,General,Otros,,,
HEMBRA SOBREP. 2P+T 16A 220V IP44 KB113,I0608331,CHM-I0608331,PEND-I0608331,5110.36,,,unidad,unidad,1.0,0,General,Otros,,,
HEMBRA SOBREP. 2P+T 32A 220V IP44 KB123,I0608334,CHM-I0608334,PEND-I0608334,6070.184,,,unidad,unidad,1.0,0,General,Otros,,,
HEMBRA SOBREP. 3P+T 32A 380V IP44 KB124,I0608335,CHM-I0608335,PEND-I0608335,6141.468,,,unidad,unidad,1.0,0,General,Otros,,,
HEMBRA VOLANTE 2P+T 16A 220V IP44 KB213,I0608343,CHM-I0608343,PEND-I0608343,3685.684,,,unidad,unidad,1.0,0,General,Otros,,,
"ABRAZ. 2 PT 2 PATAS TUBO 1/2"" EKOLINE""",I0608403,CHM-I0608403,PEND-I0608403,83.332,,,unidad,unidad,1.0,0,Gasfiteria,Tuberias y Conexiones,,,
TABLERO SOB. 4 MOD. PTA.TRANSP. T4 EKO,I0608624,CHM-I0608624,PEND-I0608624,7706.704,,,unidad,unidad,1.0,0,General,Otros,,,
TABLERO SOB. 8 MOD. PTA.TRANSP. T8 EKO,I0608625,CHM-I0608625,PEND-I0608625,15101.164,,,unidad,unidad,1.0,0,General,Otros,,,
TABLERO SOB. 12 MOD. PTA.TRANSP. T12 EKO,I0608626,CHM-I0608626,PEND-I0608626,18694.48,,,unidad,unidad,1.0,0,General,Otros,,,
TABLERO SOB. 16 MOD. PTA.TRANSP. T16 EKO,I0608627,CHM-I0608627,PEND-I0608627,30906.132,,,unidad,unidad,1.0,0,General,Otros,,,
"ABRAZADERA TIPO #CD2B 1"""" EKOLINE""",I0608647,CHM-I0608647,PEND-I0608647,951.792,,,unidad,unidad,1.0,0,General,Otros,,,
ALARGADOR PROFESIONAL 10MTS NARANJO EKO,I0609051,CHM-I0609051,PEND-I0609051,28857.972,,,unidad,unidad,1.0,0,General,Otros,,,
CANALETA 20X10X2000MM EKOLINE PZC-2010,I0609205,CHM-I0609205,PEND-I0609205,800.188,,,unidad,unidad,1.0,0,General,Otros,,,
CANALETA 30X15X2000MM EKOLINE PZA-3015,I0609206,CHM-I0609206,PEND-I0609206,1765.032,,,unidad,unidad,1.0,0,General,Otros,,,
CANALETA 40X16X2000MM EKOLINE PZA-4016,I0609207,CHM-I0609207,PEND-I0609207,2140.528,,,unidad,unidad,1.0,0,General,Otros,,,
CINTA PASACABLE DE NYLON 10M EKOLINE,I0609346,CHM-I0609346,PEND-I0609346,12051.012,,,unidad,unidad,1.0,0,Electricidad,Cables y Accesorios,,,
"CONECTOR BRONCE TT 5/8"""" EKOLINE ECONOMIC""",I0609391,CHM-I0609391,PEND-I0609391,993.96,,,unidad,unidad,1.0,0,General,Otros,,,
EQUIPO ESPECIAL P/TUBO LED 1X1200MM S/T,I0609612,CHM-I0609612,PEND-I0609612,4178.648,,,unidad,unidad,1.0,0,Gasfiteria,Tuberias y Conexiones,,,
EQUIPO ESPECIAL P/TUBO LED 2X1200MM S/T,I0609613,CHM-I0609613,PEND-I0609613,6540.056,,,unidad,unidad,1.0,0,Gasfiteria,Tuberias y Conexiones,,,
BARRA COBRIZADA TOMA TIERRA 5/8''X1.5 M EKOLINE,I0609761,CHM-I0609761,PEND-I0609761,7017.96,,,tira,tira,1.0,0,Electricidad,Cables y Accesorios,,,
CABLE COAXIAL RG-6 BLANCO EKOLINE,I0609921,CHM-I0609921,PEND-I0609921,479.912,,,metro,metro,1.0,0,Electricidad,Cables y Accesorios,,,
ENCHUFE HEMBRA 2P+T 16A NEGRO EKOLINE,I0609934,CHM-I0609934,PEND-I0609934,2723.852,,,unidad,unidad,1.0,0,Electricidad,Cables y Accesorios,,,
TERMINAL BUSHING P/CONDUIT RIGIDO 20MM EKOLINE,I0610016,CHM-I0610016,PEND-I0610016,336.34,,,unidad,unidad,1.0,0,General,Otros,,,
TERMINAL BUSHING P/CONDUIT RIGIDO 32MM EKOLINE,I0610018,CHM-I0610018,PEND-I0610018,714.848,,,unidad,unidad,1.0,0,General,Otros,,,
CONDUIT 25MM NO ROSCABLE (EX EMT 3/4'' I0607692),I0610025,CHM-I0610025,PEND-I0610025,6672.584,,,tira,tira,1.0,0,Electricidad,Cables y Accesorios,,,
INTERRUPTOR DE PASO NEGRO EKOLINE,I0610057,CHM-I0610057,PEND-I0610057,1486.924,,,unidad,unidad,1.0,0,Electricidad,Cables y Accesorios,,,
CONECTOR RECTO 20MM P/FLEX.MET C/PVC,I0610060,CHM-I0610060,PEND-I0610060,1057.212,,,unidad,unidad,1.0,0,Gasfiteria,Tuberias y Conexiones,,,
CAJA CHUQUI PLASTICA SOBREPUESTA EKOLINE,I0610074,CHM-I0610074,PEND-I0610074,868.46,,,unidad,unidad,1.0,0,General,Otros,,,
TUBO FLEXIBLE METÁLICO 20MM C/PVC,I0610075,CHM-I0610075,PEND-I0610075,1929.688,,,metro,metro,1.0,0,Gasfiteria,Tuberias y Conexiones,,,
TUBO FLEXIBLE METÁLICO 32MM C/PVC,I0610077,CHM-I0610077,PEND-I0610077,4338.284,,,metro,metro,1.0,0,Gasfiteria,Tuberias y Conexiones,,,
ENCHUFE TRIPLE PLANO 2P+T 10A EKOLINE,I0610128,CHM-I0610128,PEND-I0610128,3027.06,,,unidad,unidad,1.0,0,Electricidad,Cables y Accesorios,,,
INTERRUPTOR DE PASO BLANCO EKOLINE,I0610129,CHM-I0610129,PEND-I0610129,1486.924,,,unidad,unidad,1.0,0,Electricidad,Cables y Accesorios,,,
CABLE CONCENTRICO 2X4 MM2 (ROLLO) EKOLINE,I0610131,CHM-I0610131,PEND-I0610131,1915.632,,,metro,metro,1.0,0,Electricidad,Cables y Accesorios,,,
CABLE CONCENTRICO 2X6 MM2 (ROLLO) EKOLINE,I0610132,CHM-I0610132,PEND-I0610132,2670.64,,,metro,metro,1.0,0,Electricidad,Cables y Accesorios,,,
PORTALAMPARA BASE RECTA OVALADO BLANCO E-27 EKOLINE,I0610162,CHM-I0610162,PEND-I0610162,2203.78,,,unidad,unidad,1.0,0,General,Otros,,,
CONECTOR RECTO 20MM CONEXIÓN DE EMT A FLEXIBLE EKOLINE,I0610190,CHM-I0610190,PEND-I0610190,1242.952,,,unidad,unidad,1.0,0,General,Otros,,,
CONECTOR RECTO 20MM CONEXIÓN DE CONDUIT RIGIDO A FLEXIBLE EKOLINE,I0610195,CHM-I0610195,PEND-I0610195,1242.952,,,unidad,unidad,1.0,0,General,Otros,,,
CASQUETE HIDROBOX IP55 C/MODULO 9/12 EKOLINE,I0610200,CHM-I0610200,PEND-I0610200,7951.68,,,unidad,unidad,1.0,0,General,Otros,,,
CASQUETE HIDROBOX IP55 C/ENCHUFE 2P+T 10/16A EKOLINE,I0610201,CHM-I0610201,PEND-I0610201,8225.772,,,unidad,unidad,1.0,0,Electricidad,Cables y Accesorios,,,
CASQUETE HIDROBOX IP55 C/MODULO 9/12 + ENCHUFE 2P+T 10/16A EKOLINE,I0610202,CHM-I0610202,PEND-I0610202,9186.6,,,unidad,unidad,1.0,0,Electricidad,Cables y Accesorios,,,
CASQUETE HIDROBOX IP55 C/ENCHUFE (2) 2P+T 10/16A EKOLINE,I0610203,CHM-I0610203,PEND-I0610203,9599.244,,,unidad,unidad,1.0,0,Electricidad,Cables y Accesorios,,,
AMPOLLETA LED CLÁSICA 12W E-27 LUZ DÍA 6500K EKOLINE,I0610257,CHM-I0610257,PEND-I0610257,4432.66,,,unidad,unidad,1.0,0,General,Otros,,,
CAJA DE DISTRIBUCION CUADRADA SOBREPUESTA 65 X 65 MM EKOLINE,I0610298,CHM-I0610298,PEND-I0610298,635.532,,,unidad,unidad,1.0,0,General,Otros,,,
CABLE LIBRE DE HALOGENO H07Z1-K 1.5 MM2 450/750V ROJO (ROLLO 50 MTS),I0610530,CHM-I0610530,PEND-I0610530,286.14,,,metro,metro,1.0,0,Electricidad,Cables y Accesorios,,,
CABLE LIBRE DE HALOGENO H07Z1-K 1.5 MM2 450/750V BLANC (ROLLO 50 MT),I0610531,CHM-I0610531,PEND-I0610531,281.12,,,metro,metro,1.0,0,Electricidad,Cables y Accesorios,,,
CABLE LIBRE DE HALOGENO H07Z1-K 1.5 MM2 450/750V VERDE (ROLLO 50 MT),I0610532,CHM-I0610532,PEND-I0610532,281.12,,,metro,metro,1.0,0,Electricidad,Cables y Accesorios,,,
CABLE LIBRE DE HALOGENO H07Z1-K 2.5 MM2 450/750V ROJO (ROLLO 50 MTS),I0610535,CHM-I0610535,PEND-I0610535,451.8,,,metro,metro,1.0,0,Electricidad,Cables y Accesorios,,,
CABLE LIBRE DE HALOGENO H07Z1-K 2.5 MM2 450/750V BLANC (ROLLO 50 MT),I0610536,CHM-I0610536,PEND-I0610536,451.8,,,metro,metro,1.0,0,Electricidad,Cables y Accesorios,,,
CABLE LIBRE DE HALOGENO H07Z1-K 2.5 MM2 450/750V VERDE (ROLLO 50 MT),I0610537,CHM-I0610537,PEND-I0610537,457.824,,,metro,metro,1.0,0,Electricidad,Cables y Accesorios,,,
TAPA PLASTICA CIEGA RECTANGULAR EKOLINE,I0610564,CHM-I0610564,PEND-I0610564,114.456,,,unidad,unidad,1.0,0,General,Otros,,,
CALOTA 1 MÓDULO SOBREPUESTO BLANCO EKOLINE,I0610605,CHM-I0610605,PEND-I0610605,1546.16,,,unidad,unidad,1.0,0,Construccion,Materiales,,,
ALARGADOR 4 POS 10A 2P+T 3M CON SWITCH Y 2 TOMAS USB EKOLINE,I0610609,CHM-I0610609,PEND-I0610609,13041.96,,,unidad,unidad,1.0,0,Electricidad,Cables y Accesorios,,,
FOTOCELDA ELECTRONICA S/BASE 120-277 VAC EKOLINE,I0610634,CHM-I0610634,PEND-I0610634,13041.96,,,unidad,unidad,1.0,0,General,Otros,,,
ENCHUFE MACHO FORCE 10A EKOLINE,I0610695,CHM-I0610695,PEND-I0610695,1997.96,,,unidad,unidad,1.0,0,Electricidad,Cables y Accesorios,,,
ENCHUFE HEMBRA FORCE 10/16A EKOLINE,I0610697,CHM-I0610697,PEND-I0610697,2700.76,,,unidad,unidad,1.0,0,Electricidad,Cables y Accesorios,,,
PROYECTOR LED 30W SPEED LUZ DIA EGB,I0610802,CHM-I0610802,PEND-I0610802,9025.96,,,unidad,unidad,1.0,0,General,Otros,,,
REGLETA PLASTICA CONEXION (4-6MM) 12P,I0929002,CHM-I0929002,PEND-I0929002,1048.176,,,unidad,unidad,1.0,0,General,Otros,,,
REGLETA PLASTICA CONEXION (6-10MM) 12P,I0929003,CHM-I0929003,PEND-I0929003,1455.8,,,unidad,unidad,1.0,0,General,Otros,,,
MEDIDOR DE HUMEDAD SCHNEIDER ELECTRIC,IMT23208,CHM-IMT23208,PEND-IMT23208,4005.96,,,UNIDAD,UNIDAD,1.0,0,General,Otros,,,
LÁPIZ DETECTOR DE VOLTAJE SCHNEIDER ELECTRIC,IMT23209,CHM-IMT23209,PEND-IMT23209,3203.764,,,UNIDAD,UNIDAD,1.0,0,General,Otros,,,
ALAMBRE PUAS IOWA BWG 14 ROLLO 100M,IOG10211127000,CHM-IOG10211127000,PEND-IOG10211127000,17630.24,,,rollo,rollo,1.0,0,Electricidad,Cables y Accesorios,,,
ALAMBRE PUAS IOWA BWG 14 ROLLO 275M,IOG10211127001,CHM-IOG10211127001,PEND-IOG10211127001,47127.76,,,rollo,rollo,1.0,0,Electricidad,Cables y Accesorios,,,
ALAMBRE PUAS IOWA BWG 12.1/2 ROLLO 275M,IOG10241127000,CHM-IOG10241127000,PEND-IOG10241127000,56264.16,,,rollo,rollo,1.0,0,Electricidad,Cables y Accesorios,,,
ESCOBILLA PLANCA SUPERGRUESA BICOLOR,IVO-3504,CHM-IVO-3504,PEND-IVO-3504,539.148,,,1,1,1.0,0,General,Otros,,,
PERRO ROPA MADERA 24PIEZAS,IVO-444,CHM-IVO-444,PEND-IVO-444,408.628,,,1,1,1.0,0,General,Otros,,,
JARRO GRADUADO 5000ML,IVO-9075,CHM-IVO-9075,PEND-IVO-9075,3943.712,,,unidad,unidad,1.0,0,General,Otros,,,
JARRO GRADUADO 2000 ML,IVO-9148,CHM-IVO-9148,PEND-IVO-9148,881.512,,,1,1,1.0,0,General,Otros,,,
TIJERA CORTAR CESPED ERGO RAYÜN,JARTIJCES041,CHM-JARTIJCES041,PEND-JARTIJCES041,8785.0,,,unidad,unidad,1.0,0,General,Otros,,,
TOSTADOR GRUESO,JCA-4,CHM-JCA-4,PEND-JCA-4,1475.88,,,1,1,1.0,0,General,Otros,,,
JUEGO 4P CELTIC 30 CM BLANCO,JS0070801301CF,CHM-JS0070801301CF,PEND-JS0070801301CF,56286.248,,,unidad,unidad,1.0,0,General,Otros,,,
SURQUEADOR PARA MOTOCULTIVADOR TDT110,K1,CHM-K1,PEND-K1,27108.0,,,unidad,unidad,1.0,0,General,Otros,,,
COSECHADOR DE PAPAS PARA MOTOCULTIVADOR TDT110,K3,CHM-K3,PEND-K3,35140.0,,,unidad,unidad,1.0,0,General,Otros,,,
"VALVULA DE ADMISION 15/16""",KEF26/NX,CHM-KEF26NX,PEND-KEF26NX,2791.12,,,unidad,unidad,1.0,0,Gasfiteria,Tuberias y Conexiones,,,
KIT FOSA SEPTICA,KFH1250,CHM-KFH1250,PEND-KFH1250,150518.927,,,unidad,unidad,1.0,0,General,Otros,,,
KIT INSTALACIÃ“N WC (SELLO CERA + LLAVE ANG.+ FLEXIBLE COFLEX + SET ANCLAJE),KITCO01,CHM-KITCO01,PEND-KITCO01,5231.9946,,,unidad,unidad,1.0,0,Ferreteria,Fijaciones,,,
LUMBER CAFE MATE 51X51,KPC-13-0044,CHM-KPC-13-0044,PEND-KPC-13-0044,5505.44404,,,m2,m2,1.0,0,General,Otros,,,
LICUADORA JARRO VIDRIO 1.5LT L-1630 NEGRA,L-1630NG,CHM-L-1630NG,PEND-L-1630NG,17001.85648,,,unidad,unidad,1.0,0,General,Otros,,,
LAMPARA TRABAJO 5M-CABLE UYUSTOOLS,LAT05U,CHM-LAT05U,PEND-LAT05U,12902.404,,,unidad,unidad,1.0,0,Electricidad,Cables y Accesorios,,,
"BISAGRA #840 CINCADA 3"" X 3"" (3 UNIDADES)",LBAU-003,CHM-LBAU-003,PEND-LBAU-003,1327.20768,,,bolsa,bolsa,1.0,0,Hogar,Banio y Decoracion,,,
BISAGRA MUEBLE COCINA RETEN RECTA 26MM (24 UNIDADES),LBBT-024,CHM-LBBT-024,PEND-LBBT-024,8537.122440000001,,,caja,caja,1.0,0,Hogar,Banio y Decoracion,,,
BISAGRA MUEBLE COCINA RETEN RECTA 35MM (24 UNIDADES),LBBU-024,CHM-LBBU-024,PEND-LBBU-024,12004.1754,,,caja,caja,1.0,0,Hogar,Banio y Decoracion,,,
"LLAVE DE PASO 1/2"" SOLDAR MANILLA AZUL",LC32,CHM-LC32,PEND-LC32,4106.36,,,unidad,unidad,1.0,0,Gasfiteria,Tuberias y Conexiones,,,
MOLINO GRANO TOLVA ALTA,LD105,CHM-LD105,PEND-LD105,16064.0,,,unidad,unidad,1.0,0,General,Otros,,,
SET PUERTA CELOSIA MIXTA 20X600X2000,LF2420,CHM-LF2420,PEND-LF2420,29919.2,,,UNIDAD,UNIDAD,1.0,0,General,Otros,,,
COBERTOR AFAMILY SHAGGIE GRIS 1.5P,LICCBSHAAF15G,CHM-LICCBSHAAF15G,PEND-LICCBSHAAF15G,15060.0,,,unidad,unidad,1.0,0,General,Otros,,,
COBERTOR AFAMILY SHAGGIE ROSA 1.5P,LICCBSHAAF15R,CHM-LICCBSHAAF15R,PEND-LICCBSHAAF15R,15060.0,,,unidad,unidad,1.0,0,General,Otros,,,
"BANDAS DE LIJA 3""X21"" 2PCS/SET #60 UYU",LJ360BD,CHM-LJ360BD,PEND-LJ360BD,1433.712,,,set,set,1.0,0,General,Otros,,,
DISCO LIJA FIBRA P/MADERA 5UN/SET 115MM #40 UYU,LJF440M,CHM-LJF440M,PEND-LJF440M,1717.3922,,,set,set,1.0,0,Herramientas,Discos y Corte,,,
LIJA PAPEL SET 5PCS 180MM,LJP502,CHM-LJP502,PEND-LJP502,1435.8003199999998,,,set,set,1.0,0,General,Otros,,,
DISCO LIJA CON VELCRO 50UN/SET 115MM #120 UYU,LJV4120,CHM-LJV4120,PEND-LJV4120,6129.6910800000005,,,set,set,1.0,0,Herramientas,Discos y Corte,,,
DISCO LIJA CON VELCRO 50UN/SET 115MM #60 UYU,LJV460,CHM-LJV460,PEND-LJV460,7306.5598,,,set,set,1.0,0,Herramientas,Discos y Corte,,,
DISCO LIJA CON VELCRO 50UN/SET 115MM #80 UYU,LJV480,CHM-LJV480,PEND-LJV480,6129.6910800000005,,,set,set,1.0,0,Herramientas,Discos y Corte,,,
LLANA UYUSTOOLS SIN DT. PTN-120W,LLS101,CHM-LLS101,PEND-LLS101,3781.064,,,unidad,unidad,1.0,0,General,Otros,,,
ACEITE SAE 30 FUTUROIL API SC CAJA (24BTX1LT),LMFMB030001-8,CHM-LMFMB030001-8,PEND-LMFMB030001-8,27542.64164,,,caja,caja,1.0,0,General,Otros,,,
LONA MULTIUSO DE 2 X 50M CON OJETILLOS AZU/PLA,LMULTI250,CHM-LMULTI250,PEND-LMULTI250,56072.396,,,unidad,unidad,1.0,0,General,Otros,,,
LONA MULTIUSO DE 4 X 50M SIN OJETILLOS AZU/PLA,LMULTI450,CHM-LMULTI450,PEND-LMULTI450,134154.48,,,unidad,unidad,1.0,0,General,Otros,,,
ASPERSOR PLASTICO SECTORIAL DE 1/2,LN47360001,CHM-LN47360001,PEND-LN47360001,803.2,,,UNIDAD,UNIDAD,1.0,0,General,Otros,,,
UNIÓN RÁPIDA HE 3/4,LN47360015,CHM-LN47360015,PEND-LN47360015,180.72,,,UNIDAD,UNIDAD,1.0,0,General,Otros,,,
LINTERNA RECARGABLE NO.825 LED 7 UYUSTOOLS,LNR825,CHM-LNR825,PEND-LNR825,4386.11456,,,un,un,1.0,0,General,Otros,,,
LINTERNA RECARGABLE NO.826 LED 15 UYUSTOOLS,LNR826,CHM-LNR826,PEND-LNR826,4405.280919999999,,,un,un,1.0,0,General,Otros,,,
ANTENA EXTERIOR ECONOMICA,LOG-12,CHM-LOG-12,PEND-LOG-12,5923.6,,,unidad,unidad,1.0,0,General,Otros,,,
"ANGULO LAMINADO 20 X 20 X 30 X 6000 MM PESO: 5,27",LPA2030,CHM-LPA2030,PEND-LPA2030,7735.32804,,,tira,tira,1.0,0,General,Otros,,,
"ANGULO LAMINADO 25 X 25 X 30 X 6000 MM PESO: 6,68",LPA2530,CHM-LPA2530,PEND-LPA2530,9804.933480000002,,,tira,tira,1.0,0,General,Otros,,,
"ANGULO LAMINADO 30 X 30 X 30 X 6000 MM PESO: 8,19",LPA3030,CHM-LPA3030,PEND-LPA3030,12021.31368,,,tira,tira,1.0,0,General,Otros,,,
"ANGULO LAMINADO 40 X 40 X 30 X 6000 MM PESO: 11,06",LPA4030,CHM-LPA4030,PEND-LPA4030,16233.91696,,,tira,tira,1.0,0,General,Otros,,,
"ANGULO LAMINADO 50 X 50 X 30 X 6000 MM PESO: 13,98",LPA5030,CHM-LPA5030,PEND-LPA5030,20519.9026,,,tira,tira,1.0,0,General,Otros,,,
"POMELES DE ACERO TREF CON GOLILLA 1"" X 120 MM 2 UN.",LPAA-002,CHM-LPAA-002,PEND-LPAA-002,3966.59316,,,bolsa,bolsa,1.0,0,Aceros y Techumbre,Planchas,,,
FE CUADRADO LAMINADO 10 X 6000 MM,LPC10,CHM-LPC10,PEND-LPC10,4941.688,,,TIRA,TIRA,1.0,0,General,Otros,,,
"FE CUADRADO LAMINADO 12 X 6000 MM PESO: 6,78",LPC12,CHM-LPC12,PEND-LPC12,10506.63912,,,tira,tira,1.0,0,General,Otros,,,
"PLETINA LAMINADA 12 X 30 X 6000 MM PESO: 1,7",LPP1230,CHM-LPP1230,PEND-LPP1230,2634.40564,,,tira,tira,1.0,0,General,Otros,,,
"PLETINA LAMINADA 20 X 3,0 X 6000 MM",LPP2030,CHM-LPP2030,PEND-LPP2030,2883.488,,,TIRA,TIRA,1.0,0,General,Otros,,,
"PLETINA LAMINADA 25 X 30 X 6000 MM PESO: 3,53",LPP2530,CHM-LPP2530,PEND-LPP2530,5470.27392,,,tira,tira,1.0,0,General,Otros,,,
"PLETINA LAMINADA 25 X 5,0 X 6000 MM",LPP2550,CHM-LPP2550,PEND-LPP2550,6001.912,,,TIRA,TIRA,1.0,0,General,Otros,,,
"PLETINA LAMINADA 32 X 30 X 6000 MM PESO: 4,52",LPP3230,CHM-LPP3230,PEND-LPP3230,7004.42608,,,tira,tira,1.0,0,General,Otros,,,
"PLETINA LAMINADA 38 X 30 X 6000 MM PESO: 5,37",LPP3830,CHM-LPP3830,PEND-LPP3830,8321.63392,,,tira,tira,1.0,0,General,Otros,,,
"PLETINA LAMINADA 38 X 50 X 6000 MM PESO: 8,95",LPP3850,CHM-LPP3850,PEND-LPP3850,13869.38652,,,tira,tira,1.0,0,General,Otros,,,
"PLETINA LAMINADA 50 X 30 X 6000 MM PESO: 7,07",LPP5030,CHM-LPP5030,PEND-LPP5030,10956.03956,,,tira,tira,1.0,0,General,Otros,,,
"PLETINA LAMINADA 50 X 50 X 6000 MM PESO: 11,78",LPP5050,CHM-LPP5050,PEND-LPP5050,18254.89868,,,tira,tira,1.0,0,General,Otros,,,
PACK DE 3 LINTERNAS LED DE CABEZA A BATERÍA 3 X AAA INCLUIDAS,LX-HL044-1,CHM-LX-HL044-1,PEND-LX-HL044-1,4909.56,,,UNIDAD,UNIDAD,1.0,0,General,Otros,,,
383906 HORNO MICROONDAS MEC. 20LTS 700W,M-2030NG,CHM-M-2030NG,PEND-M-2030NG,53145.736,,,unidad,unidad,1.0,0,General,Otros,,,
MAS. MAGICA LIV.700 ML NVA FORMULA.,M01MARM00ML87,CHM-M01MARM00ML87,PEND-M01MARM00ML87,7730.8,,,700 ml,700 ml,1.0,0,General,Otros,,,
MASILLA MAGICA TRADICIONAL,M01MARM91MT86,CHM-M01MARM91MT86,PEND-M01MARM91MT86,4497.92,,,350 ml,350 ml,1.0,0,General,Otros,,,
"MANGA RECUPERADA NEGRA A1L 100X0,100 (200MT / 38,4KG APROX)",MARNAN0100020000100,CHM-MARNAN0100020000100,PEND-MARNAN0100020000100,66010.20888,,,rollo,rollo,1.0,0,General,Otros,,,
"MANGA RECUPERADA NEGRA A1L 200X0,090 (100MT / 35,9KG APROX)",MARNAN0200010000090,CHM-MARNAN0200010000090,PEND-MARNAN0200010000090,57104.78912,,,rollo,rollo,1.0,0,General,Otros,,,
"MANGA RECUPERADA NEGRA A1L 200X0,100 (100MT / 39,6KG APROX)",MARNAN0200010000100,CHM-MARNAN0200010000100,PEND-MARNAN0200010000100,63631.05016,,,rollo,rollo,1.0,0,General,Otros,,,
"MANGA RECUPERADA TRANSPARENTE A1L 200X0,090 (100MT / 35,9KG APROX)",MARTAN0200010000090,CHM-MARTAN0200010000090,PEND-MARTAN0200010000090,62820.16956,,,rollo,rollo,1.0,0,General,Otros,,,
"MANGA RECUPERADA TRANSPARENTE A1L 200X0,100 (100MT / 39,6KG APROX)",MARTAN0200010000100,CHM-MARTAN0200010000100,PEND-MARTAN0200010000100,80103.136,,,unidad,unidad,1.0,0,General,Otros,,,
MASILLA BLANCA 1 KILO,MASI002,CHM-MASI002,PEND-MASI002,1207.812,,,bol,bol,1.0,0,General,Otros,,,
MASILLA NEGRA 1 KG,MASI004,CHM-MASI004,PEND-MASI004,1207.812,,,bol,bol,1.0,0,General,Otros,,,
MARTILLO 16 OZ MANGO TPR FERRAWYY-TMX,MAT16YX,CHM-MAT16YX,PEND-MAT16YX,6228.816,,,unidad,unidad,1.0,0,Herramientas,Discos y Corte,,,
MARTILLO 24 OZ MANGO TPR FERRAWYY-TMX,MAT24YX,CHM-MAT24YX,PEND-MAT24YX,7610.32,,,unidad,unidad,1.0,0,Herramientas,Discos y Corte,,,
DRYWALL.MADERA #6-9[CRS]X1 5/8 NBO,MB22TAD,CHM-MB22TAD,PEND-MB22TAD,8.30308,,,unidad,unidad,1.0,0,General,Otros,,,
"DRYWALL.MADERA #6-9[CRS]X2"" NBO",MB23TAD,CHM-MB23TAD,PEND-MB23TAD,8.01192,,,unidad,unidad,1.0,0,General,Otros,,,
"MUEBLE BASE LAVAPLATOS 100 CMS, MDP (A PEDIDO, FORMATO RTA)",MBL0100,CHM-MBL0100,PEND-MBL0100,21887.2,,,Unidad,Unidad,1.0,0,General,Otros,,,
"MUEBLE BASE LAVAPLATOS 120 CMS, MDP (A PEDIDO, FORMATO RTA)",MBL0120,CHM-MBL0120,PEND-MBL0120,23995.6,,,Unidad,Unidad,1.0,0,General,Otros,,,
"MUEBLE BASE LAVAPLATOS 80 CMS, MDP (A PEDIDO, FORMATO RTA)",MBL080,CHM-MBL080,PEND-MBL080,19578.0,,,unidad,unidad,1.0,0,General,Otros,,,
MARCO SIERRA CROMADO FIJA UYUSTOOLS,MCC009,CHM-MCC009,PEND-MCC009,4111.38,,,un,un,1.0,0,Herramientas,Discos y Corte,,,
MALLA CUADRADA ECOSOL 1.00M ROLLO 25M,MCG1060019510000,CHM-MCG1060019510000,PEND-MCG1060019510000,39176.08,,,rollo,rollo,1.0,0,General,Otros,,,
MALLA CUADRADA ECOSOL 1.20M ROLLO 25M,MCG1060019512000,CHM-MCG1060019512000,PEND-MCG1060019512000,51424.88,,,rollo,rollo,1.0,0,General,Otros,,,
MALLA CUADRADA ECOSOL 1.50M ROLLO 25M,MCG1060019515000,CHM-MCG1060019515000,PEND-MCG1060019515000,64311.22,,,rollo,rollo,1.0,0,General,Otros,,,
MALLA CUADRADA ECOSOL 1.80M ROLLO 25M,MCG1060019518000,CHM-MCG1060019518000,PEND-MCG1060019518000,76951.58,,,rollo,rollo,1.0,0,General,Otros,,,
MALLA CUADRADA 7014X1.80M ROLLO 25M,MCG1070021118000,CHM-MCG1070021118000,PEND-MCG1070021118000,78261.8,,,rollo,rollo,1.0,0,General,Otros,,,
"ALARGADOR MULTIPLE CON SWITCH, 4 POSICIONES, NEGRO 3 MTS",ME-069B,CHM-ME-069B,PEND-ME-069B,3363.4,,,unidad,unidad,1.0,0,General,Otros,,,
"ALARGADOR MULTIPLE CON SWITCH, 4 POSICIONES, BLANCO 3 MTS",ME-069W,CHM-ME-069W,PEND-ME-069W,3363.4,,,unidad,unidad,1.0,0,General,Otros,,,
"ALARGADOR MULTIPLE CON SWITCH, 6 POSICIONES, NEGRO 3 MTS",ME-070B,CHM-ME-070B,PEND-ME-070B,3303.16,,,UNIDAD,UNIDAD,1.0,0,General,Otros,,,
ALARGADOR DE 5 METROS MULTIPLE CON SWITCH 5 POSISIONES NEGRO,ME-071B5,CHM-ME-071B5,PEND-ME-071B5,3915.6,,,unidad,unidad,1.0,0,General,Otros,,,
ALARGADOR 5MT C/SWITCH 5 POSICIONES BLANCO,ME-071w5,CHM-ME-071W5,PEND-ME-071W5,3915.6,,,unidad,unidad,1.0,0,General,Otros,,,
EXTENCION ELECTRICA 10 METROS PRODUCTO CERTIFICADO,ME-1210,CHM-ME-1210,PEND-ME-1210,7489.84,,,UNIDAD,UNIDAD,1.0,0,General,Otros,,,
EXTENSION 15 MT,ME-1215,CHM-ME-1215,PEND-ME-1215,8534.0,,,unidad,unidad,1.0,0,General,Otros,,,
"MANGUERA ENTRADA PARA LAVADORA 3/4"" 1.50 CM.",MEL150,CHM-MEL150,PEND-MEL150,2121.452,,,unidad,unidad,1.0,0,General,Otros,,,
INICIADORES DE FUEGO 24 UN FLAMAX,MENPARENC011,CHM-MENPARENC011,PEND-MENPARENC011,998.98,,,unidad,unidad,1.0,0,General,Otros,,,
PASTILLAS GREEN WHITE 32 S/OLOR FLAMAX,MENPARENC013,CHM-MENPARENC013,PEND-MENPARENC013,1024.08,,,unidad,unidad,1.0,0,General,Otros,,,
"MALLA MULT 1,00X2,00 M 5050MM",MGBM0100020001,CHM-MGBM0100020001,PEND-MGBM0100020001,17134.826240000002,,,unidad,unidad,1.0,0,General,Otros,,,
MALLA HEXAGONAL 3/4X22X0.60M ROLLO 50M,MHG1190067060000,CHM-MHG1190067060000,PEND-MHG1190067060000,43508.34,,,rollo,rollo,1.0,0,General,Otros,,,
MALLA HEXAGONAL 3/4X22X0.80M ROLLO 50M,MHG1190067080000,CHM-MHG1190067080000,PEND-MHG1190067080000,58467.94,,,rollo,rollo,1.0,0,General,Otros,,,
MALLA HEXAGONAL 3/4X22X1.20M ROLLO 50M,MHG1190067120000,CHM-MHG1190067120000,PEND-MHG1190067120000,85872.12,,,rollo,rollo,1.0,0,General,Otros,,,
"MALLA HEXAGONAL 1""X21X0.60M ROLLO 50M",MHG1250076060000,CHM-MHG1250076060000,PEND-MHG1250076060000,47172.94,,,rollo,rollo,1.0,0,General,Otros,,,
"MALLA HEXAGONAL 1""X21X0.80M ROLLO 50M",MHG1250076080000,CHM-MHG1250076080000,PEND-MHG1250076080000,60691.8,,,rollo,rollo,1.0,0,General,Otros,,,
"MALLA HEXAGONAL 1""X21X1.00M ROLLO 50M",MHG1250076100000,CHM-MHG1250076100000,PEND-MHG1250076100000,76258.82,,,rollo,rollo,1.0,0,General,Otros,,,
"MALLA HEXAGONAL 1""X21X1.20M ROLLO 50M",MHG1250076120000,CHM-MHG1250076120000,PEND-MHG1250076120000,92187.28,,,rollo,rollo,1.0,0,General,Otros,,,
"MALLA HEXAGONAL 1""X21X1.50M ROLLO 50M",MHG1250076150000,CHM-MHG1250076150000,PEND-MHG1250076150000,111313.48,,,rollo,rollo,1.0,0,General,Otros,,,
"MALLA HEXAGONAL 1""X21X1.80M ROLLO 50M",MHG1250076180000,CHM-MHG1250076180000,PEND-MHG1250076180000,134425.56,,,rollo,rollo,1.0,0,General,Otros,,,
BETONERA 140 LITROS 650W 220V HCM500S (EN CAJA),MI-EVE-049803,CHM-MI-EVE-049803,PEND-MI-EVE-049803,357926.0,,,unidad,unidad,1.0,0,General,Otros,,,
"CORTADORA DE CESPED 5,6 HP CON RECO",MI-EVE-055333,CHM-MI-EVE-055333,PEND-MI-EVE-055333,381520.0,,,unidad,unidad,1.0,0,General,Otros,,,
PULVERIZADOR /FUMIGADOR MANUAL A PRESION PM 415/1,MI-FYG-050731,CHM-MI-FYG-050731,PEND-MI-FYG-050731,6024.0,,,unidad,unidad,1.0,0,General,Otros,,,
"DISCO FLAP 4 1/2"" ACERO Y MADERA GR",MI-GLA-049989,CHM-MI-GLA-049989,PEND-MI-GLA-049989,953.8,,,unidad,unidad,1.0,0,Aceros y Techumbre,Planchas,,,
"DISCO FLAP 4 1/2"" ACERO Y MADERA GR",MI-GLA-049990,CHM-MI-GLA-049990,PEND-MI-GLA-049990,953.8,,,unidad,unidad,1.0,0,Aceros y Techumbre,Planchas,,,
"DISCO FLAP 4 1/2"" ACERO Y MADERA GR",MI-GLA-051527,CHM-MI-GLA-051527,PEND-MI-GLA-051527,953.8,,,unidad,unidad,1.0,0,Aceros y Techumbre,Planchas,,,
CARRO ARRASTRE MULTIFUNCION CMU 8150,MI-GLA-051898,CHM-MI-GLA-051898,PEND-MI-GLA-051898,98392.0,,,unidad,unidad,1.0,0,General,Otros,,,
TALADRO PERCUTOR 13MM 750W TP 813/4/220,MI-GLA-052771,CHM-MI-GLA-052771,PEND-MI-GLA-052771,39156.0,,,unidad,unidad,1.0,0,Herramientas,Discos y Corte,,,
BATERIA GLADIATOR 18V 2 AMPERES BAT 818-2,MI-GLA-053550,CHM-MI-GLA-053550,PEND-MI-GLA-053550,31124.0,,,unidad,unidad,1.0,0,General,Otros,,,
CARGADOR PARA BATERIA GLADIATOR 18V,MI-GLA-053758,CHM-MI-GLA-053758,PEND-MI-GLA-053758,12349.2,,,unidad,unidad,1.0,0,General,Otros,,,
"DISCO CORTE 4 1/2"" X 0,8MM METAL/INOX DAC 811508",MI-GLA-054291,CHM-MI-GLA-054291,PEND-MI-GLA-054291,391.56,,,unidad,unidad,1.0,0,Herramientas,Discos y Corte,,,
"DISCO CORTE MADERA 4 1/2"" DM 8115",MI-GLA-054401,CHM-MI-GLA-054401,PEND-MI-GLA-054401,5321.2,,,unidad,unidad,1.0,0,Herramientas,Discos y Corte,,,
KIT JARDIN HOGAR INALAMBRICO 18V 2BAT 4 PRODUCTOS,MI-GLA-054512,CHM-MI-GLA-054512,PEND-MI-GLA-054512,313248.0,,,unidad,unidad,1.0,0,General,Otros,,,
NIVEL LASER AUTONIVELANTE 45 MTS NL45,MI-GLA-055546,CHM-MI-GLA-055546,PEND-MI-GLA-055546,150600.0,,,unidad,unidad,1.0,0,General,Otros,,,
DISCO CORTE METAL 180 X 1.8 MM 1218018,MI-NEO-051183,CHM-MI-NEO-051183,PEND-MI-NEO-051183,1004.0,,,unidad,unidad,1.0,0,Herramientas,Discos y Corte,,,
"CHIPEADORA GASOLINA 4"" 15 HP TOLVA",MI-SDS-054933,CHM-MI-SDS-054933,PEND-MI-SDS-054933,1395560.0,,,1,1,1.0,0,General,Otros,,,
TECLE PALANCA DE 1 TONELADA TR7010,MI-TON-35229,CHM-MI-TON-35229,PEND-MI-TON-35229,118923.8,,,unidad,unidad,1.0,0,General,Otros,,,
JUEGO DE HERRAMIENTAS COMBINADAS 17 PIEZAS,MI-WKP-055287,CHM-MI-WKP-055287,PEND-MI-WKP-055287,22590.0,,,unidad,unidad,1.0,0,General,Otros,,,
BATERÍA COCINA ANTIHADERENTE ANGÈLE 5 PZAS,MJEBATCAANG5P,CHM-MJEBATCAANG5P,PEND-MJEBATCAANG5P,20080.0,,,UNIDAD,UNIDAD,1.0,0,General,Otros,,,
SET CUBIERTOS BERNA 24 PZAS,MJESCBAIBE24P,CHM-MJESCBAIBE24P,PEND-MJESCBAIBE24P,14440.532,,,unidad,unidad,1.0,0,General,Otros,,,
SET SARTENES ANTIHADERENTE BELFORT 3 PZAS,MJESSTALABE3P,CHM-MJESSTALABE3P,PEND-MJESSTALABE3P,11044.0,,,UNIDAD,UNIDAD,1.0,0,General,Otros,,,
TETERA NICE 3 LT,MJETTAINCE3LT,CHM-MJETTAINCE3LT,PEND-MJETTAINCE3LT,5020.0,,,UNIDAD,UNIDAD,1.0,0,General,Otros,,,
"MALLA MOSQUITERA 1,30MTSX1,30MTS NEGRA CON VELCRO ADHESIVO",MMO130130NE,CHM-MMO130130NE,PEND-MMO130130NE,4038.088,,,unidad,unidad,1.0,0,General,Otros,,,
"MALLA MOSQUITERA 2MTSX2,20MTS NEGRA CON VELCRO ADHESIVO",MMO200220NE,CHM-MMO200220NE,PEND-MMO200220NE,5387.464,,,unidad,unidad,1.0,0,General,Otros,,,
"MANGA POLIETILENO NEGRA 200 X 0,10 X 100 MT LINEALES",MN2X10X100MT,CHM-MN2X10X100MT,PEND-MN2X10X100MT,52940.92,,,unidad,unidad,1.0,0,General,Otros,,,
"TERCIADO ESTRUCTURAL 9,0 MM 1,22 X 2,44 ( 108 PL/PALLET )",MNRLOT008CONCE,CHM-MNRLOT008CONCE,PEND-MNRLOT008CONCE,13074.73056,,,unidad,unidad,1.0,0,General,Otros,,,
"TERCIADO ESTRUCTURAL 15 MM 1,22 X 2,44 ( 65 PL/PALLET )",MNRLOT009ARAU,CHM-MNRLOT009ARAU,PEND-MNRLOT009ARAU,16989.05548,,,UNIDAD,UNIDAD,1.0,0,General,Otros,,,
"TERCIADO ESTRUCTURAL 15 MM 1,22 X 2,44 ( 65 PL/PALLET )",MNRLOT009CONCEP,CHM-MNRLOT009CONCEP,PEND-MNRLOT009CONCEP,15720.66212,,,Unidad,Unidad,1.0,0,General,Otros,,,
"TERCIADO ESTRUCTURAL 18 MM 1,22 X 2,44 ( 54 PL/PALLET )",MNRLOT010ARAU,CHM-MNRLOT010ARAU,PEND-MNRLOT010ARAU,18086.21664,,,UNIDAD,UNIDAD,1.0,0,General,Otros,,,
"TERCIADO ESTRUCTURAL 18 MM 1,22 X 2,44 ( 54 PL/PALLET )",MNRLOT010CONCEP,CHM-MNRLOT010CONCEP,PEND-MNRLOT010CONCEP,20081.68672,,,unidad,unidad,1.0,0,General,Otros,,,
"TERCIADO RANURADO COLONIAL 9 MM 1,22 X 2,44 ( 108 PL/PALLET )",MNRLOT0113PLAN,CHM-MNRLOT0113PLAN,PEND-MNRLOT0113PLAN,17994.089600000003,,,Unidad,Unidad,1.0,0,General,Otros,,,
"TERCIADO RANURADO COLONIAL 9 MM 1,22 X 2,44 ( 108 PL/PALLET )",MNRLOT0113SANT,CHM-MNRLOT0113SANT,PEND-MNRLOT0113SANT,15963.6,,,unidad,unidad,1.0,0,General,Otros,,,
"TERCIADO ESTRUCTURAL 12 MM 1,22 X 2,44 ( 80 PL/PALLET )",MNRLOT011ARAU,CHM-MNRLOT011ARAU,PEND-MNRLOT011ARAU,14865.46496,,,UNIDAD,UNIDAD,1.0,0,General,Otros,,,
"TERCIADO ESTRUCTURAL 12 MM 1,22 X 2,44 ( 80 PL/PALLET )",MNRLOT011CONCEP,CHM-MNRLOT011CONCEP,PEND-MNRLOT011CONCEP,16353.64396,,,unidad,unidad,1.0,0,General,Otros,,,
"TERCIADO RANURADO CLASICO 12 MM 1,22 X 2,44 ( 80 PL/PALLET )",MNRLOT013CONCEP,CHM-MNRLOT013CONCEP,PEND-MNRLOT013CONCEP,23153.73596,,,unidad,unidad,1.0,0,General,Otros,,,
ALAMBRE PUAS MOTTO BWG 16 ROLLO 275M,MOG30160127000,CHM-MOG30160127000,PEND-MOG30160127000,39788.52,,,rollo,rollo,1.0,0,Electricidad,Cables y Accesorios,,,
ALAMBRE PUAS MOTTO BWG 16 ROLLO 500M,MOG30160127002,CHM-MOG30160127002,PEND-MOG30160127002,64547.16,,,rollo,rollo,1.0,0,Electricidad,Cables y Accesorios,,,
AMARRA PLASTICA NEGRA 150X3.6MM (25 UN.X DISPLAY),MP-15N,CHM-MP-15N,PEND-MP-15N,190.76,,,unidad,unidad,1.0,0,General,Otros,,,
AMARRA PLASTICA NEGRA 250X3.6MM (10 UN.X DISPLAY),MP-2510,CHM-MP-2510,PEND-MP-2510,190.76,,,unidad,unidad,1.0,0,General,Otros,,,
MALLA SOMBRA BICOLOR 80% VERDE NEGRO DE 2.10 X 100 MTS.,MRB80210100VENE,CHM-MRB80210100VENE,PEND-MRB80210100VENE,295.176,,,m2,m2,1.0,0,General,Otros,,,
"MALLA SOMBRA BICOLOR 80% VERDE NEGRO DE 4,20 X 100 MTS.",MRB80420100VENE,CHM-MRB80420100VENE,PEND-MRB80420100VENE,295.176,,,m2,m2,1.0,0,General,Otros,,,
"MALLA CUADRADA GALV. TIPO 60 X 1,2 X 25",MRC501412,CHM-MRC501412,PEND-MRC501412,37976.06908,,,rollo,rollo,1.0,0,General,Otros,,,
"MALLA CUADRADA GALV. TIPO 60 X 1,5 X 25",MRC501415,CHM-MRC501415,PEND-MRC501415,47324.25284,,,rollo,rollo,1.0,0,General,Otros,,,
MALLA SOMBRA FRANJEADA 80% VERDE Y BLANCO DE 4.20 X 100 MTS. 420 M2,MRF80420100VEBL,CHM-MRF80420100VEBL,PEND-MRF80420100VEBL,295.176,,,m2,m2,1.0,0,General,Otros,,,
MALLA SOMBRA LISA 80% NEGRO AR DE 4.20 X 100 MTS.,MRL80420100NEAR,CHM-MRL80420100NEAR,PEND-MRL80420100NEAR,289.152,,,m2,m2,1.0,0,General,Otros,,,
MALLA SOMBRA LISA 80% VERDE DE 4.20 X 100 MTS. 420 M2,MRL80420100VEVE,CHM-MRL80420100VEVE,PEND-MRL80420100VEVE,295.176,,,m2,m2,1.0,0,General,Otros,,,
CAUTIN 30 WATTS,MS-0110,CHM-MS-0110,PEND-MS-0110,4307.16,,,unidad,unidad,1.0,0,General,Otros,,,
LINTERNA SOLAR RECARGABLE.  LED DE 1 W SUPER BRILLANTE Y BATERIA RECARGABLE,MS-R21(M),CHM-MS-R21M,PEND-MS-R21M,12851.2,,,unidad,unidad,1.0,0,General,Otros,,,
TIMER 24 HRS. 3500 W PACK 2 UND,MS-T24X2,CHM-MS-T24X2,PEND-MS-T24X2,5622.4,,,unidad,unidad,1.0,0,General,Otros,,,
BOLSA TOPE PLANCHAS OND 100U POLICARBONATO,MT1209965,CHM-MT1209965,PEND-MT1209965,82.65932,,,unidad,unidad,1.0,0,Aceros y Techumbre,Planchas,,,
"MANGA TRANSPARENTE 2 200X0,10 40K APROX.","MT2A2X0,10X40K",CHM-MT2A2X010X40K,PEND-MT2A2X010X40K,57067.36,,,ROLLO,ROLLO,1.0,0,General,Otros,,,
"MANGA POLIETILENO TRANSPARENTE 200 X 0,10 X 100 MT LINEALES",MT2X10X100MT,CHM-MT2X10X100MT,PEND-MT2X10X100MT,80557.948,,,rollo,rollo,1.0,0,General,Otros,,,
MANGA UV HALS 2T 200X015 (80MTS),MU2H-20015,CHM-MU2H-20015,PEND-MU2H-20015,177665.9826,,,rl,rl,1.0,0,General,Otros,,,
MUEBLE DE COCINA PARA LAVAPLATO 80 CM.,MURLAV,CHM-MURLAV,PEND-MURLAV,28500.015880000003,,,unidad,unidad,1.0,0,General,Otros,,,
MUEBLE PARA LAVAPLATOS 100*50 CM,MURLAV1,CHM-MURLAV1,PEND-MURLAV1,32781.18232,,,unidad,unidad,1.0,0,General,Otros,,,
MUEBLE PARA LAVAPLATOS 120 X 50 BLANCO,MURLAV2,CHM-MURLAV2,PEND-MURLAV2,35628.62672,,,unidad,unidad,1.0,0,General,Otros,,,
GRAMPAS RG-59 Y RG-6 BLANCA (25 UN. X DISPLAY),MV-1195,CHM-MV-1195,PEND-MV-1195,183.71192,,,display,display,1.0,0,General,Otros,,,
ANTENA REPUESTO TIPO PANASONIC,MV-4949,CHM-MV-4949,PEND-MV-4949,1094.36,,,unidad,unidad,1.0,0,General,Otros,,,
"SOPORTE LCD/LED ARTICULADO 37"" A 70""",MV102B,CHM-MV102B,PEND-MV102B,6817.16,,,unidad,unidad,1.0,0,General,Otros,,,
"SOPORTE LCD / LED BRAZO MOVIL 32-55""",MV106,CHM-MV106,PEND-MV106,13554.0,,,unidad,unidad,1.0,0,General,Otros,,,
"SOPORTE TV FIJO 23 A 42""",MV301S,CHM-MV301S,PEND-MV301S,3704.76,,,unidad,unidad,1.0,0,General,Otros,,,
SOPORTE UNIVERSAL 32-55'' LCD · PL.,MV4344,CHM-MV4344,PEND-MV4344,4608.36,,,unidad,unidad,1.0,0,General,Otros,,,
ENCHUFE MACHO CONVERTIBLE 10A 2P,MWD015260100,CHM-MWD015260100,PEND-MWD015260100,1812.22,,,unidad,unidad,1.0,0,Electricidad,Cables y Accesorios,,,
ENCHUFE MACHO CONVERTIBLE 10A 2P+T,MWD015260101,CHM-MWD015260101,PEND-MWD015260101,1980.892,,,unidad,unidad,1.0,0,Electricidad,Cables y Accesorios,,,
CAJA TIPO CHUQUI 2 CUERPOS CLIC DE MONTAJE PARA CANALETAS 43.5 X85 X 123.5MM,MWD050081017,CHM-MWD050081017,PEND-MWD050081017,1205.804,,,Unidad,Unidad,1.0,0,General,Otros,,,
BASE RECTA DE RESINA E-27 - BLANCO,MWD070360050,CHM-MWD070360050,PEND-MWD070360050,1689.732,,,unidad,unidad,1.0,0,General,Otros,,,
CASQUETE GENESIS SOBREPUESTO 3 MODULOS - BLANCO,MWD66030,CHM-MWD66030,PEND-MWD66030,734.928,,,Unidad,Unidad,1.0,0,General,Otros,,,
CASQUETE GENESIS ARMADO CON 9/12 16A 250V - BLANCO,MWD66110,CHM-MWD66110,PEND-MWD66110,1581.3,,,unidad,unidad,1.0,0,General,Otros,,,
CASQUETE GENESIS ARMADO CON TOMA CORRIENTE 10/16A - BLANCO,MWD66130,CHM-MWD66130,PEND-MWD66130,2226.872,,,Unidad,Unidad,1.0,0,Electricidad,Cables y Accesorios,,,
CASQUETE GENESIS ARMADO CON 9/24 16A 250V - BLANCO,MWD66150,CHM-MWD66150,PEND-MWD66150,2212.816,,,unidad,unidad,1.0,0,General,Otros,,,
CASQUETE GENESIS ARMADO CON TOMA CORRIENTE SIMPLE 10A 250V - BLANCO,MWD66170,CHM-MWD66170,PEND-MWD66170,1603.388,,,Unidad,Unidad,1.0,0,Electricidad,Cables y Accesorios,,,
CASQUETE GENESIS ARMADO CON TOMA CORRIENTE DOBLE 10A 250V - BLANCO,MWD66180,CHM-MWD66180,PEND-MWD66180,1991.936,,,Unidad,Unidad,1.0,0,Electricidad,Cables y Accesorios,,,
CASQUETE GENESIS ARMADO CON TOMA CORRIENTE TRIPLE 10A 250V - BLANCO,MWD66190,CHM-MWD66190,PEND-MWD66190,3676.648,,,Unidad,Unidad,1.0,0,Electricidad,Cables y Accesorios,,,
CASQUETE GENESIS ARMADO CON 9/15 16A 250V - BLANCO,MWD66210,CHM-MWD66210,PEND-MWD66210,2613.412,,,unidad,unidad,1.0,0,General,Otros,,,
CASQUETE GENESIS ARMADO CON TOMA CORRIENTE 10A + 10/16A - BLANCO,MWD66240,CHM-MWD66240,PEND-MWD66240,2853.368,,,Unidad,Unidad,1.0,0,Electricidad,Cables y Accesorios,,,
CASQUETE GENESIS ARMADO CON 9/12 16A + TOMA CORRIENTE 10A - BLANCO,MWD66250,CHM-MWD66250,PEND-MWD66250,2969.832,,,unidad,unidad,1.0,0,Electricidad,Cables y Accesorios,,,
AL. H07V-U 1.5 MM2 (EX NYA) BLANCO,N0109207,CHM-N0109207,PEND-N0109207,240.96,,,metro,metro,1.0,0,General,Otros,,,
AL. H07V-U 1.5 MM2 (EX NYA) ROJO,N0109209,CHM-N0109209,PEND-N0109209,240.96,,,metro,metro,1.0,0,General,Otros,,,
AL. H07V-U 2.5 MM2 (EX NYA) BLANCO,N0109212,CHM-N0109212,PEND-N0109212,386.54,,,metro,metro,1.0,0,General,Otros,,,
AL. H07V-U 2.5 MM2 (EX NYA) ROJO,N0109214,CHM-N0109214,PEND-N0109214,386.54,,,metro,metro,1.0,0,General,Otros,,,
CABLE LIB. HALOG H07Z1-K 1.5 MM2 750V ROJO,N0109322,CHM-N0109322,PEND-N0109322,259.032,,,metro,metro,1.0,0,Electricidad,Cables y Accesorios,,,
CABLE LIB. HALOG H07Z1-K 1.5 MM2 750V BLANCO,N0109323,CHM-N0109323,PEND-N0109323,263.048,,,metro,metro,1.0,0,Electricidad,Cables y Accesorios,,,
CABLE LIB. HALOG H07Z1-K 1.5 MM2 750V VERDE,N0109324,CHM-N0109324,PEND-N0109324,254.012,,,metro,metro,1.0,0,Electricidad,Cables y Accesorios,,,
CABLE LIB. HALOG H07Z1-K 2.5 MM2 750V ROJO,N0109327,CHM-N0109327,PEND-N0109327,427.704,,,metro,metro,1.0,0,Electricidad,Cables y Accesorios,,,
CABLE LIB. HALOG H07Z1-K 2.5 MM2 750V BLANCO,N0109328,CHM-N0109328,PEND-N0109328,427.704,,,metro,metro,1.0,0,Electricidad,Cables y Accesorios,,,
CABLE LIB. HALOG H07Z1-K 2.5 MM2 750V VERDE,N0109329,CHM-N0109329,PEND-N0109329,427.704,,,metro,metro,1.0,0,Electricidad,Cables y Accesorios,,,
CABLE LIB. HALOG H07Z1-K 4 MM2 750V ROJO,N0109332,CHM-N0109332,PEND-N0109332,699.788,,,metro,metro,1.0,0,Electricidad,Cables y Accesorios,,,
CABLE LIB. HALOG H07Z1-K 4 MM2 750V BLANCO,N0109333,CHM-N0109333,PEND-N0109333,642.56,,,metro,metro,1.0,0,Electricidad,Cables y Accesorios,,,
CABLE LIB. HALOG H07Z1-K 4 MM2 750V VERDE,N0109334,CHM-N0109334,PEND-N0109334,642.56,,,metro,metro,1.0,0,Electricidad,Cables y Accesorios,,,
CABLE LIB. HALOG H07Z1-K 1.5MM2 ROJO (CARR.500),N0109352,CHM-N0109352,PEND-N0109352,295.176,,,mts,mts,1.0,0,Electricidad,Cables y Accesorios,,,
CABLE LIB. HALOG H07Z1-K 1.5MM2 BLANCO (CAR 500),N0109353,CHM-N0109353,PEND-N0109353,276.1,,,metro,metro,1.0,0,Electricidad,Cables y Accesorios,,,
CABLE LIB. HALOG H07Z1-K 1.5MM2 VERDE (CARR 500),N0109354,CHM-N0109354,PEND-N0109354,295.176,,,mts,mts,1.0,0,Electricidad,Cables y Accesorios,,,
CABLE LIB. HALOG H07Z1-K 2.5MM2 ROJO (CARR 500),N0109357,CHM-N0109357,PEND-N0109357,438.748,,,metro,metro,1.0,0,Electricidad,Cables y Accesorios,,,
CABLE LIB. HALOG H07Z1-K 2.5MM2 BLANCO (CAR 500),N0109358,CHM-N0109358,PEND-N0109358,438.748,,,metro,metro,1.0,0,Electricidad,Cables y Accesorios,,,
CABLE LIB. HALOG H07Z1-K 2.5MM2 VERDE (CARR 500),N0109359,CHM-N0109359,PEND-N0109359,431.72,,,metro,metro,1.0,0,Electricidad,Cables y Accesorios,,,
CAB. THHN NUM. 10 AWG BLANCO,N0146012,CHM-N0146012,PEND-N0146012,890.548,,,metro,metro,1.0,0,Electricidad,Cables y Accesorios,,,
CAB. THHN NUM. 10 AWG ROJO,N0146014,CHM-N0146014,PEND-N0146014,857.416,,,METRO,METRO,1.0,0,Electricidad,Cables y Accesorios,,,
419838 RX3/DISYUNTOR 1P C10 6000A,N0191152,CHM-N0191152,PEND-N0191152,3227.86,,,unidad,unidad,1.0,0,General,Otros,,,
419840 RX3/DISYUNTOR 1P C16 6000A,N0191153,CHM-N0191153,PEND-N0191153,3227.86,,,unidad,unidad,1.0,0,General,Otros,,,
419841 RX3/DISYUNTOR 1P C20 6000A,N0191154,CHM-N0191154,PEND-N0191154,3227.86,,,unidad,unidad,1.0,0,General,Otros,,,
402024 RX3/INT DIF 2P 25A  AC 30MA,N0191194,CHM-N0191194,PEND-N0191194,17827.024,,,unidad,unidad,1.0,0,General,Otros,,,
S2465TGE (EX 2465TG) MACHO 2P+T 10A GRIS,N0218011,CHM-N0218011,PEND-N0218011,2441.728,,,unidad,unidad,1.0,0,General,Otros,,,
PU1100 INT 9/12 ARMADO 10A 250V BLANCO,N0226100,CHM-N0226100,PEND-N0226100,1889.528,,,unidad,unidad,1.0,0,General,Otros,,,
PU1213 TOMA DOBLE ARM 2X2P+T 10A 250V BLANCO,N0226109,CHM-N0226109,PEND-N0226109,2526.064,,,unidad,unidad,1.0,0,Electricidad,Cables y Accesorios,,,
PU1300 INT TRIPLE ARMADO 9/32 10A 250V BLANCO,N0226111,CHM-N0226111,PEND-N0226111,3625.444,,,unidad,unidad,1.0,0,General,Otros,,,
PU1313 TOMA ARM TRIPLE 10A 250V BLANCO,N0226112,CHM-N0226112,PEND-N0226112,3551.148,,,unidad,unidad,1.0,0,Electricidad,Cables y Accesorios,,,
P21B (EX P21BN)BASE RECTA OVAL E-27 BCA.,N0228019,CHM-N0228019,PEND-N0228019,2523.052,,,unidad,unidad,1.0,0,General,Otros,,,
CINTA 1500 NEGRA 18MMX20MX5MILS,N0263111,CHM-N0263111,PEND-N0263111,1364.436,,,unidad,unidad,1.0,0,General,Otros,,,
MWD66180 CASQUETE ARM. TOMA DOBLE 10A 250V,N0321020,CHM-N0321020,PEND-N0321020,2645.54,,,unidad,unidad,1.0,0,Electricidad,Cables y Accesorios,,,
MWD66190 CASQUETE ARM. TOMA TRIPLE 10A 250V,N0321021,CHM-N0321021,PEND-N0321021,3647.532,,,unidad,unidad,1.0,0,Electricidad,Cables y Accesorios,,,
13040 7424 PLACA CIEGA C/SOP BLANCA N/GE,N0323051,CHM-N0323051,PEND-N0323051,866.452,,,unidad,unidad,1.0,0,General,Otros,,,
13032 7517 PL ARM C/ENCH DOBLE 2P+T N/G,N0327036,CHM-N0327036,PEND-N0327036,2527.068,,,unidad,unidad,1.0,0,General,Otros,,,
BASE RECTA 2150 RESINA BEIGE E-27 REMA,N0343038,CHM-N0343038,PEND-N0343038,1244.96,,,unidad,unidad,1.0,0,General,Otros,,,
AUT. 4001A6-10 B INT. 1 X 10A 220V,N0356002,CHM-N0356002,PEND-N0356002,7762.928,,,unidad,unidad,1.0,0,General,Otros,,,
AUT. 4001A6-15 B INT. 1 X 15A 220V,N0356003,CHM-N0356003,PEND-N0356003,7694.656,,,unidad,unidad,1.0,0,General,Otros,,,
AUT. 4001A6-20 B INT. 1 X 20A 220V,N0356004,CHM-N0356004,PEND-N0356004,8844.236,,,unidad,unidad,1.0,0,General,Otros,,,
AUT. 4001A6-25 B INT. 1 X 25A 220V,N0356005,CHM-N0356005,PEND-N0356005,8583.196,,,unidad,unidad,1.0,0,General,Otros,,,
AUT. 4001A6-30 B INT. 1 X 30A 220V,N0356006,CHM-N0356006,PEND-N0356006,9135.396,,,unidad,unidad,1.0,0,General,Otros,,,
CAJA 7010 EMPALME,N0357005,CHM-N0357005,PEND-N0357005,22548.836,,,unidad,unidad,1.0,0,General,Otros,,,
PLACA CIEGA SINTHESI S17 BLANCO,N0376096,CHM-N0376096,PEND-N0376096,735.932,,,unidad,unidad,1.0,0,General,Otros,,,
1790401 CASQUETE CONMUTADOR 9/24 SIMPLE ARMADO BLCO,N0376595,CHM-N0376595,PEND-N0376595,2157.596,,,unidad,unidad,1.0,0,General,Otros,,,
1791201 CASQUETE TOMACORRIENTE 10A DOBLE ARMADO BLCO,N0376598,CHM-N0376598,PEND-N0376598,2836.3,,,unidad,unidad,1.0,0,Electricidad,Cables y Accesorios,,,
1791401 CASQUETE TOMACORRIENTE 10/16A SIMPLE ARMADO BLCO,N0376600,CHM-N0376600,PEND-N0376600,2740.92,,,unidad,unidad,1.0,0,Electricidad,Cables y Accesorios,,,
PARTIDOR UNIVERSAL S-10 PHILIPS,N0408002,CHM-N0408002,PEND-N0408002,436.74,,,unidad,unidad,1.0,0,General,Otros,,,
WD-40 155 GRS. ANTICORROSIVO PENETRANTE,N0473001,CHM-N0473001,PEND-N0473001,4976.828,,,lat,lat,1.0,0,General,Otros,,,
PIERCE RACK (FIERRO) 2 VIAS CHICO,N0501018,CHM-N0501018,PEND-N0501018,2660.6,,,unidad,unidad,1.0,0,General,Otros,,,
CANCAMO DE ANCLAJE CON HILO P/MADERA,N0502008,CHM-N0502008,PEND-N0502008,761.032,,,unidad,unidad,1.0,0,Ferreteria,Fijaciones,,,
CONECTOR BRONCE TT 5/8 - ( 1/2 ) P/BC,N0503004,CHM-N0503004,PEND-N0503004,1258.012,,,unidad,unidad,1.0,0,General,Otros,,,
"ABRAZ. 2 PT E.G. 2 PATAS TUBO 5/8""""""",N0521001,CHM-N0521001,PEND-N0521001,50.2,,,unidad,unidad,1.0,0,Gasfiteria,Tuberias y Conexiones,,,
CAJA PLASTICA RECTANGULAR 12-S,N0907002,CHM-N0907002,PEND-N0907002,226.904,,,unidad,unidad,1.0,0,General,Otros,,,
CALOTA 1CC ESPECIAL NEGRA CS01,N0907072,CHM-N0907072,PEND-N0907072,1535.116,,,unidad,unidad,1.0,0,Construccion,Materiales,,,
CALOTA 1CC DIN BLANCA CS11,N0907073,CHM-N0907073,PEND-N0907073,1535.116,,,unidad,unidad,1.0,0,Construccion,Materiales,,,
PORTALAMPARA BLANCO,N0907077,CHM-N0907077,PEND-N0907077,754.004,,,unidad,unidad,1.0,0,General,Otros,,,
CS521 CAJA CUADRADA S/P 65X65X35MM MEC,N0907083,CHM-N0907083,PEND-N0907083,422.01132,,,unidad,unidad,1.0,0,General,Otros,,,
SOLDADURA EN BARRA ESTAÑO 50 %,N0917008,CHM-N0917008,PEND-N0917008,4358.364,,,unidad,unidad,1.0,0,General,Otros,,,
TUBO CONDUIT 20X3 MTS 4422 FUERTE CEM,N0923010,CHM-N0923010,PEND-N0923010,1761.016,,,tira,tira,1.0,0,Gasfiteria,Tuberias y Conexiones,,,
TUBO CONDUIT 16X3 MTS 4422 FUERTE CEM,N0923093,CHM-N0923093,PEND-N0923093,1174.68,,,tira,tira,1.0,0,Gasfiteria,Tuberias y Conexiones,,,
ABRAZADERA CONDUIT PVC 2 PATAS 16MM,N0923509,CHM-N0923509,PEND-N0923509,48.192,,,unidad,unidad,1.0,0,Gasfiteria,Tuberias y Conexiones,,,
ABRAZADERA CONDUIT PVC 2 PATAS 20MM,N0923510,CHM-N0923510,PEND-N0923510,71.284,,,unidad,unidad,1.0,0,Gasfiteria,Tuberias y Conexiones,,,
CONDUIT DUFLEX NARANJA 16MM ( 25 MTS.),N0926004,CHM-N0926004,PEND-N0926004,8534.0,,,rll,rll,1.0,0,General,Otros,,,
TAPA CIEGA PVC RECTANGULAR ALFAPLAS,N0926062,CHM-N0926062,PEND-N0926062,80.32,,,unidad,unidad,1.0,0,Gasfiteria,Tuberias y Conexiones,,,
"CURVA PVC 5/8"" (16MM) 90 G. CEM.",N0933001,CHM-N0933001,PEND-N0933001,157.628,,,unidad,unidad,1.0,0,Gasfiteria,Tuberias y Conexiones,,,
"CURVA PVC 1/2"" (20MM) 90 G. CEM.",N0933002,CHM-N0933002,PEND-N0933002,196.784,,,unidad,unidad,1.0,0,Gasfiteria,Tuberias y Conexiones,,,
"CURVA PVC 3/4"" (25MM) 90 G. CEM.",N0933003,CHM-N0933003,PEND-N0933003,235.94,,,unidad,unidad,1.0,0,Gasfiteria,Tuberias y Conexiones,,,
"SALIDA CAJA PVC 5/8"" (16MM) CONDUIT""",N0933038,CHM-N0933038,PEND-N0933038,49.196,,,unidad,unidad,1.0,0,Gasfiteria,Tuberias y Conexiones,,,
"SALIDA CAJA PVC 1/2"" (20MM) CONDUIT",N0933039,CHM-N0933039,PEND-N0933039,72.288,,,unidad,unidad,1.0,0,Gasfiteria,Tuberias y Conexiones,,,
CAMARA REGISTRO CONDUIT PVC 110MMX20,N0933072,CHM-N0933072,PEND-N0933072,2847.344,,,unidad,unidad,1.0,0,Gasfiteria,Tuberias y Conexiones,,,
2015 CAJA DISTR 5/8 TA LISA GRIS C/OREJA MET,N0933094,CHM-N0933094,PEND-N0933094,325.296,,,unidad,unidad,1.0,0,General,Otros,,,
"NAPOLEON PROFESIONAL 42"" UYU",NAP142,CHM-NAP142,PEND-NAP142,61753.11835999999,,,un,un,1.0,0,General,Otros,,,
"NIVEL CON IMAN 10"" UYUSTOOLS",NII010,CHM-NII010,PEND-NII010,3533.74868,,,un,un,1.0,0,General,Otros,,,
"NIVEL CON IMAN 16"" UYUSTOOLS",NII016,CHM-NII016,PEND-NII016,4453.77412,,,un,un,1.0,0,General,Otros,,,
"NIVEL CON IMAN 18"" UYUSTOOLS",NII018,CHM-NII018,PEND-NII018,5088.041080000001,,,un,un,1.0,0,General,Otros,,,
"NIVEL CON IMAN 24"" UYUSTOOLS",NII024,CHM-NII024,PEND-NII024,4366.65704,,,un,un,1.0,0,General,Otros,,,
"NIVEL CON IMAN 40"" UYUSTOOLS",NII040,CHM-NII040,PEND-NII040,8831.184,,,unidad,unidad,1.0,0,General,Otros,,,
"NIVEL CON IMAN 60"" UYUSTOOLS",NII060,CHM-NII060,PEND-NII060,8517.24324,,,un,un,1.0,0,General,Otros,,,
"SERRUCHO DE COSTILLA 12"" BAHCO",NP-12-TEN,CHM-NP-12-TEN,PEND-NP-12-TEN,14941.528,,,unidad,unidad,1.0,0,General,Otros,,,
FIELTRO LISO 15LB STD,NTF/15STD,CHM-NTF15STD,PEND-NTF15STD,13805.0,,,ROLLO,ROLLO,1.0,0,General,Otros,,,
"POLIESTTIRENO EXPANDIDO 0,20 MM 30 PLANCHAS POR PAQUETE",NWT-EPS-20 STD 10,CHM-NWT-EPS-20-STD-10,PEND-NWT-EPS-20-STD-10,309.56332,,,PLANCHA,PLANCHA,1.0,0,Aceros y Techumbre,Planchas,,,
"POLIESTTIRENO EXPANDIDO 0,30 MM 20 PLANCHAS POR PAQUETE",NWT-EPS-30 STD 10,CHM-NWT-EPS-30-STD-10,PEND-NWT-EPS-30-STD-10,464.35,,,PLANCHA,PLANCHA,1.0,0,Aceros y Techumbre,Planchas,,,
"POLIESTTIRENO EXPANDIDO 0,40 MM 15 PLANCHAS POR PAQUETE",NWT-EPS-40 STD 10,CHM-NWT-EPS-40-STD-10,PEND-NWT-EPS-40-STD-10,619.13668,,,PLANCHA,PLANCHA,1.0,0,Aceros y Techumbre,Planchas,,,
"POLIESTIRENO EXPANDIDO 0,50 0,50X0,005X1,00",NWT-EPS-50 STD 10,CHM-NWT-EPS-50-STD-10,PEND-NWT-EPS-50-STD-10,773.91332,,,PLANCHA,PLANCHA,1.0,0,General,Otros,,,
CARGADOR DE BASE BC 21.5V-2.4A,O0001,CHM-O0001,PEND-O0001,7777.988,,,unidad,unidad,1.0,0,General,Otros,,,
LAPIZ CARPINTERO EN 150 ESTUCHES 25P BAHCO,P-HB,CHM-P-HB,PEND-P-HB,511.036,,,unidad,unidad,1.0,0,General,Otros,,,
RODILLO CHIPORRO NATURAL Ø40MM PATAGON 18 CM.,P118,CHM-P118,PEND-P118,3777.86124,,,unidad,unidad,1.0,0,Pinturas,Aplicacion,,,
PLAFON OVAL BLANCO 150W - E27,P21B,CHM-P21B,PEND-P21B,1224.79968,,,Unidad,Unidad,1.0,0,General,Otros,,,
RODILLO CHIP. SINTÉTICO PELO CORTO 7 CM,P50713,CHM-P50713,PEND-P50713,1313.36252,,,unidad,unidad,1.0,0,Pinturas,Aplicacion,,,
RODILLO CHIP. SINTÉTICO PELO CORTO 12 CM,P51213,CHM-P51213,PEND-P51213,1494.57448,,,unidad,unidad,1.0,0,Pinturas,Aplicacion,,,
RODILLO CHIPORRO SINTÉTICO PELO LARGO  12 CM,P51218,CHM-P51218,PEND-P51218,1524.5238,,,unidad,unidad,1.0,0,Pinturas,Aplicacion,,,
RODILLO TERMOFUSION FIBRA ECONOMICO 18 CM PATAGON,P51813,CHM-P51813,PEND-P51813,1548.168,,,unidad,unidad,1.0,0,Pinturas,Aplicacion,,,
RODILLO CHIPORRO SINTÉTICO PELO LARGO  18 CM,P51818,CHM-P51818,PEND-P51818,1705.72572,,,unidad,unidad,1.0,0,Pinturas,Aplicacion,,,
RODILLO CHIP. SINTÉTICO PELO CORTO 23 CM,P52413,CHM-P52413,PEND-P52413,1775.072,,,unidad,unidad,1.0,0,Pinturas,Aplicacion,,,
"POLICARBONATO ALVEOLAR 1,05X2,90X4MM TRANSPARENTE",PA104101,CHM-PA104101,PEND-PA104101,17656.68536,,,unidad,unidad,1.0,0,General,Otros,,,
"PC. ALVEOLAR TRANSP. 1,05*2,00 4MM.",PA104111,CHM-PA104111,PEND-PA104111,11436.30296,,,unidad,unidad,1.0,0,General,Otros,,,
"POLICARBONATO ALVEOLAR 2,10X2,90X4MM TRANSPARENTE",PA214101,CHM-PA214101,PEND-PA214101,35316.39276,,,unidad,unidad,1.0,0,General,Otros,,,
"PERFIL POLIC. H 2,90X4/6 MM. TRA",PA991141,CHM-PA991141,PEND-PA991141,5626.49632,,,unidad,unidad,1.0,0,Aceros y Techumbre,Planchas,,,
"PERLFIL H CLIP  2,90 MTS TRANSPARENTE",pa991185,CHM-PA991185,PEND-PA991185,10354.97488,,,unidad,unidad,1.0,0,General,Otros,,,
"PERFIL POLIC. U 2,10X4/6 MM. TRA",PA992141,CHM-PA992141,PEND-PA992141,1796.62788,,,unidad,unidad,1.0,0,Aceros y Techumbre,Planchas,,,
PALA MANGO METAL 503 FWYY,PAA503MY,CHM-PAA503MY,PEND-PAA503MY,8897.448,,,unidad,unidad,1.0,0,General,Otros,,,
TACO NYLON + CLAVO/TORNILLON 8 X 80 Z FISC (50 UNIDADES),PAAK-050,CHM-PAAK-050,PEND-PAAK-050,3840.56104,,,caja,caja,1.0,0,Ferreteria,Fijaciones,,,
TACO NYLON + CLAVO/TORNILLON 8 X 100 Z FISC (50 UNIDADES),PAAL-050,CHM-PAAL-050,PEND-PAAL-050,4488.19124,,,caja,caja,1.0,0,Ferreteria,Fijaciones,,,
PARCHE CAMARA 54X32MM UYUSTOOLS,PAC54U,CHM-PAC54U,PEND-PAC54U,1058.0352799999998,,,set,set,1.0,0,General,Otros,,,
PALETA ODIS K1S,PAL0000626,CHM-PAL0000626,PEND-PAL0000626,293.69008,,,un,un,1.0,0,General,Otros,,,
PALETA ODIS K01,PAL0000627,CHM-PAL0000627,PEND-PAL0000627,293.69008,,,un,un,1.0,0,General,Otros,,,
PALETA ODIS KPL2,PAL0000628,CHM-PAL0000628,PEND-PAL0000628,293.69008,,,un,un,1.0,0,General,Otros,,,
PALETA ODIS K7A,PAL0000629,CHM-PAL0000629,PEND-PAL0000629,293.69008,,,un,un,1.0,0,General,Otros,,,
PALETA ODIS KYA7,PAL0000829,CHM-PAL0000829,PEND-PAL0000829,376.10844,,,un,un,1.0,0,General,Otros,,,
PALLET,PALL001,CHM-PALL001,PEND-PALL001,8032.0,,,UNIDAD,UNIDAD,1.0,0,General,Otros,,,
ESCALA TIJERA F. VIDRIO 05 PELD - 1.52 MT 105 KG ELECTRICA,PAT-05,CHM-PAT-05,PEND-PAT-05,78181.48,,,UNIDAD,UNIDAD,1.0,0,Construccion,Materiales,,,
CABLES PARA PUENTE 200 AMPERES,PBCA12001,CHM-PBCA12001,PEND-PBCA12001,5773.0,,,unidad,unidad,1.0,0,Electricidad,Cables y Accesorios,,,
CABLES PARA PUENTE 600 AMPERES - 3MT,PBCA16008,CHM-PBCA16008,PEND-PBCA16008,12539.96,,,set,set,1.0,0,Electricidad,Cables y Accesorios,,,
"SERRUCHO P/PISO FLOTANTE 20""",PC-20-LAM,CHM-PC-20-LAM,PEND-PC-20-LAM,18963.552,,,unidad,unidad,1.0,0,General,Otros,,,
POLICARB O/Z 81*300 TRANSP STD,PC101301,CHM-PC101301,PEND-PC101301,11124.4204,,,unidad,unidad,1.0,0,General,Otros,,,
POLICARBONATO ONDA ZINC 81*366 TRANSPARENTE STANDARD,PC101501,CHM-PC101501,PEND-PC101501,13567.93552,,,unidad,unidad,1.0,0,Aceros y Techumbre,Planchas,,,
POLICARB O/Z 81*366 BRONCE STD,PC101505,CHM-PC101505,PEND-PC101505,13567.93552,,,unidad,unidad,1.0,0,General,Otros,,,
POLERON PIQUE AFRANELADO TALLA L,PCPA-L,CHM-PCPA-L,PEND-PCPA-L,9487.8,,,unidad,unidad,1.0,0,General,Otros,,,
POLERON PIQUE AFRANELADO TALLA XXXL,PCPA-XXXL,CHM-PCPA-XXXL,PEND-PCPA-XXXL,9487.8,,,unidad,unidad,1.0,0,General,Otros,,,
TARASCO ROJO MATE 33X33,PCT-13-0244,CHM-PCT-13-0244,PEND-PCT-13-0244,10403.75924,,,m2,m2,1.0,0,General,Otros,,,
PIEDRA SET 5PCS PARA TALADRO GRANDE,PDB501,CHM-PDB501,PEND-PDB501,1483.55056,,,set,set,1.0,0,Herramientas,Discos y Corte,,,
"PELACABLE 7"" UYUSTOOLS",PEL07U,CHM-PEL07U,PEND-PEL07U,8088.58544,,,un,un,1.0,0,Electricidad,Cables y Accesorios,,,
PELLET CH 15 KG,PELSJ15001,CHM-PELSJ15001,PEND-PELSJ15001,4254.952,,,UNIDAD,UNIDAD,1.0,0,General,Otros,,,
PERILLON D-100 BRONCE PULIDO,PER0000001,CHM-PER0000001,PEND-PER0000001,5927.8168,,,un,un,1.0,0,General,Otros,,,
PERILLON ODIS / MODELO D100 / TIPO BOLA 57MM / PARA PUERTAS DE 35 A 45MM.,PER0000006,CHM-PER0000006,PEND-PER0000006,5927.34492,,,un,un,1.0,0,General,Otros,,,
PERILLON ODIS COLONIAL BT,PER0000013,CHM-PER0000013,PEND-PER0000013,11866.93864,,,un,un,1.0,0,General,Otros,,,
PERNOS CAUPOLICAN (PAR),PERCAU,CHM-PERCAU,PEND-PERCAU,729.908,,,unidad,unidad,1.0,0,Ferreteria,Fijaciones,,,
ROLLO ESPUMA NIVELADORA (1.00 MT X 10MTRS X 2MM),PEX100XM2X10,CHM-PEX100XM2X10,PEND-PEX100XM2X10,2238.92,,,unidad,unidad,1.0,0,General,Otros,,,
ROLLO ESPUMA NIVELADORA (1.00 MT X 10 MTRS X 3MM),PEX100XM3X10,CHM-PEX100XM3X10,PEND-PEX100XM3X10,2706.784,,,Unidad,Unidad,1.0,0,General,Otros,,,
ROLLO ESPUMA NIVELADORA (1.00MT X 100MTRS X 3MM),PEX100XM3X100,CHM-PEX100XM3X100,PEND-PEX100XM3X100,27067.84,,,unidad,unidad,1.0,0,General,Otros,,,
ROLLO ESPUMA NIVELADORA (1.00 MT X 20 MTRS X 3MM),PEX100XM3X20,CHM-PEX100XM3X20,PEND-PEX100XM3X20,5414.572,,,unidad,unidad,1.0,0,General,Otros,,,
ANCLAJE TAZA / PISO UNIVERSAL BRONCE CROMADO,PF-10,CHM-PF-10,PEND-PF-10,941.4006,,,unidad,unidad,1.0,0,Ferreteria,Fijaciones,,,
ANCLAJE TAZA / PISO UNIVERSAL ZINC (PAR),PF-10Z,CHM-PF-10Z,PEND-PF-10Z,681.716,,,unidad,unidad,1.0,0,Ferreteria,Fijaciones,,,
DADO MAGNETICO HEXAGONAL 5/16X 45MM,PFI 168480010,CHM-PFI-168480010,PEND-PFI-168480010,412.644,,,unidad,unidad,1.0,0,General,Otros,,,
"GOLILLA CALIBRADA ZN ANSI ANGOSTA 1/4"" (500 UNID.)",PGAV-500,CHM-PGAV-500,PEND-PGAV-500,3620.09268,,,caja,caja,1.0,0,Construccion,Materiales,,,
"GOLILLA CALIBRADA ZN ANSI ANGOSTA 3/16"" (500 UNIDADES)",PGAY-500,CHM-PGAY-500,PEND-PGAY-500,2943.58744,,,caja,caja,1.0,0,Construccion,Materiales,,,
"GOLILLA PLANA CORRIENTE 1/2"" (200 UNID.)",PGCB-200,CHM-PGCB-200,PEND-PGCB-200,6649.55224,,,caja,caja,1.0,0,General,Otros,,,
"GOLILLA PLANA CORRIENTE 1/4"" (200 UNID.)",PGCC-200,CHM-PGCC-200,PEND-PGCC-200,2980.54468,,,caja,caja,1.0,0,General,Otros,,,
TERCIADO ESTRUCTURAL 12X2440X1220 81PZA/PQ CDX,PGCDX12,CHM-PGCDX12,PEND-PGCDX12,17315.7872,,,PLACA,PLACA,1.0,0,General,Otros,,,
"GOLILLA PLANA CORRIENTE 3/8"" (200 UNID.)",PGCE-200,CHM-PGCE-200,PEND-PGCE-200,5304.94524,,,caja,caja,1.0,0,General,Otros,,,
"GOLILLA PLANA CORRIENTE 5/16"" (200 UNID.)",PGCF-200,CHM-PGCF-200,PEND-PGCF-200,3927.50744,,,caja,caja,1.0,0,General,Otros,,,
"GOLILLA PRESION TN 1/2"" (100 UNIDADES)",PGDA-100,CHM-PGDA-100,PEND-PGDA-100,4281.47768,,,ciento,ciento,1.0,0,General,Otros,,,
"GOLILLA PRESION TN 1/4"" (100 UNIDADES)",PGDB-100,CHM-PGDB-100,PEND-PGDB-100,821.15152,,,ciento,ciento,1.0,0,General,Otros,,,
"GOLILLA PRESION TN 3/8"" (100 UNIDADES)",PGDE-100,CHM-PGDE-100,PEND-PGDE-100,1961.79592,,,ciento,ciento,1.0,0,General,Otros,,,
"GOLILLA PRESION TN 5/16"" (100 UNIDADES)",PGDF-100,CHM-PGDF-100,PEND-PGDF-100,1368.06044,,,ciento,ciento,1.0,0,General,Otros,,,
"HILO CORRIDO G2 UNC 3/8"" 1 UN",PHAF-001,CHM-PHAF-001,PEND-PHAF-001,878.6405599999999,,,metro,metro,1.0,0,General,Otros,,,
"HILO CORRIDO G2 UNC ZN 1/2"" 1 UN",PHAL-001,CHM-PHAL-001,PEND-PHAL-001,2078.11936,,,metro,metro,1.0,0,General,Otros,,,
"HILO CORRIDO G2 UNC ZN 1/4"" 1 UN",PHAM-001,CHM-PHAM-001,PEND-PHAM-001,524.52976,,,metro,metro,1.0,0,General,Otros,,,
"HILO CORRIDO G2 UNC ZN 3/4"" 1 UN",PHAO-001,CHM-PHAO-001,PEND-PHAO-001,5953.84048,,,metro,metro,1.0,0,General,Otros,,,
"HILO CORRIDO G2 UNC ZN 3/8"" 1 UN",PHAP-001,CHM-PHAP-001,PEND-PHAP-001,1007.68468,,,metro,metro,1.0,0,General,Otros,,,
"HILO CORRIDO G2 UNC ZN 5/16"" 1 UN",PHAQ-001,CHM-PHAQ-001,PEND-PHAQ-001,681.79632,,,metro,metro,1.0,0,General,Otros,,,
"PILAR 15 X 15 X 8.0 3.0MTS 5,86 KG (PAQUETE DE 25 UNIDADES)",PI151530A,CHM-PI151530A,PEND-PI151530A,8787.008,,,unid,unid,1.0,0,General,Otros,,,
"PICAPORTE JUMBO 10""",PIA001,CHM-PIA001,PEND-PIA001,8606.10728,,,un,un,1.0,0,General,Otros,,,
DESOXIDANTE 1 LT,PIED003,CHM-PIED003,PEND-PIED003,2196.752,,,botella,botella,1.0,0,General,Otros,,,
"CORDEL NYLON 6.6 TRENZADO 4,0 MM. BLANCO CERTIFICADO",PINMB00040,CHM-PINMB00040,PEND-PINMB00040,96.384,,,metro,metro,1.0,0,General,Otros,,,
"CORDEL NYLON 6.6 TRENZADO 6,0 MM. BICOLOR CERTIFICADO",PINMC00060,CHM-PINMC00060,PEND-PINMC00060,150.6,,,metro,metro,1.0,0,General,Otros,,,
"CORDEL NYLON 6.6 TRENZADO 8,0 MM. BICOLOR CERTIFICADO",PINMC00080,CHM-PINMC00080,PEND-PINMC00080,258.028,,,metro,metro,1.0,0,General,Otros,,,
DECANTADOR POTE 1 KG,PIS005,CHM-PIS005,PEND-PIS005,1726.88,,,pote,pote,1.0,0,General,Otros,,,
CLORO GRANULADO 1 KILO / PARA PISCINAS,PISC002,CHM-PISC002,PEND-PISC002,3483.88,,,pote,pote,1.0,0,General,Otros,,,
BAJA PH 1 KG,PISC005,CHM-PISC005,PEND-PISC005,2084.304,,,pote,pote,1.0,0,General,Otros,,,
ALGICIDA 5 LITROS,PISC008,CHM-PISC008,PEND-PISC008,4138.488,,,bidon,bidon,1.0,0,General,Otros,,,
PLOMADA 400G,PLO400,CHM-PLO400,PEND-PLO400,3380.468,,,unidad,unidad,1.0,0,General,Otros,,,
GORRO MARCA TOTAL,PMCA04,CHM-PMCA04,PEND-PMCA04,552.2,,,unidad,unidad,1.0,0,General,Otros,,,
"POLERON MICROPOLAR FERRETERO CON APLICACION, TALLA L",PMPOLAR-L,CHM-PMPOLAR-L,PEND-PMPOLAR-L,14751.772,,,unidad,unidad,1.0,0,General,Otros,,,
"POLERON MICROPOLAR FERRETERO CON APLICACION, TALLA S",PMPOLAR-S,CHM-PMPOLAR-S,PEND-PMPOLAR-S,16860.172,,,unidad,unidad,1.0,0,General,Otros,,,
"POLERON MICROPOLAR FERRETERO CON APLICACION, TALLA S",PMPOLAR-S,CHM-PMPOLAR-S,PEND-PMPOLAR-S,16860.172,,,unidad,unidad,1.0,0,General,Otros,,,
"POLERON MICROPOLAR FERRETERO CON APLICACION, TALLA XL",PMPOLAR-XL,CHM-PMPOLAR-XL,PEND-PMPOLAR-XL,16860.172,,,unidad,unidad,1.0,0,General,Otros,,,
EXHIBIDOR DE HERRAMIENTAS TOTAL,PMST02,CHM-PMST02,PEND-PMST02,8283.0,,,un,un,1.0,0,General,Otros,,,
ADORNO PUNTA TORNEADO PINO,PMTPN,CHM-PMTPN,PEND-PMTPN,759.024,,,UNIDAD,UNIDAD,1.0,0,General,Otros,,,
POLERA M/CORTA TALLA M - TOTAL,PMTS10.M,CHM-PMTS10M,PEND-PMTS10M,1807.2,,,un,un,1.0,0,General,Otros,,,
POLERA TOTAL XXXL,PMTS10.XXXL,CHM-PMTS10XXXL,PEND-PMTS10XXXL,1807.2,,,unidad,unidad,1.0,0,General,Otros,,,
MONACO BLU MATE 30X60,PNT-13-0167,CHM-PNT-13-0167,PEND-PNT-13-0167,16664.25144,,,m2,m2,1.0,0,General,Otros,,,
DILUYENTE POLIURETANO 1 LITRO,POLI002,CHM-POLI002,PEND-POLI002,2927.664,,,botella,botella,1.0,0,Pinturas,Aplicacion,,,
PL. ACANALADA AZ80 0.30 X 764 X 2500 MM,PP0910000000307642500,CHM-PP0910000000307642500,PEND-PP0910000000307642500,7332.67384,,,unidad,unidad,1.0,0,General,Otros,,,
"PERNO ANCLAJE C/T/G ZN 1/2-13 X 5"" (25 UNIDADES)",PPAB-025,CHM-PPAB-025,PEND-PPAB-025,12359.4408,,,caja,caja,1.0,0,Ferreteria,Fijaciones,,,
"PERNO ANCLAJE C/T/G ZN 1/2-13 X 4 1/4"" (25 UNIDADES)",PPAE-025,CHM-PPAE-025,PEND-PPAE-025,9907.19088,,,caja,caja,1.0,0,Ferreteria,Fijaciones,,,
"PERNO ANCLAJE C/T/G ZN 1/2-13 X 5 1/2"" (25 UNIDADES)",PPAF-025,CHM-PPAF-025,PEND-PPAF-025,12094.1338,,,caja,caja,1.0,0,Ferreteria,Fijaciones,,,
"PERNO ANCLAJE C/T/G ZN 3/8-16 X 4"" (50 UNIDADES)",PPAL-050,CHM-PPAL-050,PEND-PPAL-050,10789.59644,,,caja,caja,1.0,0,Ferreteria,Fijaciones,,,
"PERNO ANCLAJE C/T/G ZN 3/8-16 X 4"" (50 UNIDADES)",PPAL-050,CHM-PPAL-050,PEND-PPAL-050,10789.59644,,,caja,caja,1.0,0,Ferreteria,Fijaciones,,,
"PERNO ANCLAJE C/T/G ZN 3/8-16 X 5"" (50 UNIDADES)",PPAM-050,CHM-PPAM-050,PEND-PPAM-050,12331.58984,,,caja,caja,1.0,0,Ferreteria,Fijaciones,,,
"PERNO ANCLAJE C/T/G ZN 3/8-16 X 5"" (50 UNIDADES)",PPAM-050,CHM-PPAM-050,PEND-PPAM-050,12331.58984,,,caja,caja,1.0,0,Ferreteria,Fijaciones,,,
"PERNO ANCLAJE C/T/G ZN 5/16-18 X 4 1/4"" (50 UNIDADES)",PPAS-050,CHM-PPAS-050,PEND-PPAS-050,9082.224160000002,,,caja,caja,1.0,0,Ferreteria,Fijaciones,,,
"PERNO COCINA CAB PLA RAN REC ZN 1/4 X 1"" (100 UNIDADES)",PPIB-100,CHM-PPIB-100,PEND-PPIB-100,3317.9188,,,ciento,ciento,1.0,0,Ferreteria,Fijaciones,,,
"PERNO COCINA CAB PLA RAN REC ZN 1/4 X 1 1/4"" (100 UNIDADES)",PPIF-100,CHM-PPIF-100,PEND-PPIF-100,4123.71916,,,ciento,ciento,1.0,0,Ferreteria,Fijaciones,,,
JARRO GRADUADO 1 LT,PPL-133,CHM-PPL-133,PEND-PPL-133,389.79296,,,unidad,unidad,1.0,0,General,Otros,,,
CAJA MILAN 17 LTS,PPL-317,CHM-PPL-317,PEND-PPL-317,2477.94228,,,unidad,unidad,1.0,0,General,Otros,,,
LAVATORIO GRIS 50 LITROS,PPP-142G,CHM-PPP-142G,PEND-PPP-142G,3332.276,,,1,1,1.0,0,General,Otros,,,
LAVATORIO 30 LITROS GRIS,PPP-152G,CHM-PPP-152G,PEND-PPP-152G,2413.616,,,1,1,1.0,0,General,Otros,,,
"PERNO MARQUEZA C/T/G #4"" (50 UNIDADES)",PPYC-050,CHM-PPYC-050,PEND-PPYC-050,18066.04628,,,caja,caja,1.0,0,Ferreteria,Fijaciones,,,
"PERNO MARQUEZA C/T/G #5"" (50 UNIDADES)",PPYD-050,CHM-PPYD-050,PEND-PPYD-050,19987.5316,,,caja,caja,1.0,0,Ferreteria,Fijaciones,,,
"PERNO MARQUEZA C/T/G #4 1/2"" (50 UNIDADES)",PPYF-050,CHM-PPYF-050,PEND-PPYF-050,19289.77168,,,caja,caja,1.0,0,Ferreteria,Fijaciones,,,
PERNO MAQUINA CAB/BINDING DOLE RAN ZN M5-0.8X25 100 UNID.,PPZB-100,CHM-PPZB-100,PEND-PPZB-100,3767.34936,,,caja,caja,1.0,0,Ferreteria,Fijaciones,,,
PERNO MAQUINA CAB/BINDING DOLE RAN ZN M5-0.8X30 100 UNID.,PPZC-100,CHM-PPZC-100,PEND-PPZC-100,4246.55856,,,caja,caja,1.0,0,Ferreteria,Fijaciones,,,
PERNO MAQUINA CAB/BINDING DOLE RAN ZN M5-0.8X40 100 UNID.,PPZE-100,CHM-PPZE-100,PEND-PPZE-100,6198.30444,,,caja,caja,1.0,0,Ferreteria,Fijaciones,,,
PERNO MAQUINA CAB/BINDING DOLE RAN ZN M6-1.0X25 100 UNID.,PPZL-100,CHM-PPZL-100,PEND-PPZL-100,6826.447,,,caja,caja,1.0,0,Ferreteria,Fijaciones,,,
PERNO MAQUINA CAB/BINDING DOLE RAN ZN M6-1.0X30 100 UNID.,PPZM-100,CHM-PPZM-100,PEND-PPZM-100,7097.69768,,,caja,caja,1.0,0,Ferreteria,Fijaciones,,,
PERNO MAQUINA CAB/BINDING DOLE RAN ZN M6-1.0X40 100 UNID.,PPZN-100,CHM-PPZN-100,PEND-PPZN-100,7992.82392,,,caja,caja,1.0,0,Ferreteria,Fijaciones,,,
PERNO HEXAGONAL MILIMETRICO 8.8 TN 6-1.0X16 100 UNID.,PRAC-100,CHM-PRAC-100,PEND-PRAC-100,2318.39664,,,caja,caja,1.0,0,Ferreteria,Fijaciones,,,
PERNO HEXAGONAL MILIMETRICO 8.8 TN 6-1.0X20 100 UNID.,PRAD-100,CHM-PRAD-100,PEND-PRAD-100,3082.82216,,,caja,caja,1.0,0,Ferreteria,Fijaciones,,,
PERNO HEXAGONAL MILIMETRICO 8.8 TN 6-1.0X 25 100 UNID.,PRAE-100,CHM-PRAE-100,PEND-PRAE-100,3374.87572,,,caja,caja,1.0,0,Ferreteria,Fijaciones,,,
PERNO HEXAGONAL MILIMETRICO 8.8 TN 6-1.0X45 100 UNID.,PRAI-100,CHM-PRAI-100,PEND-PRAI-100,6091.35836,,,caja,caja,1.0,0,Ferreteria,Fijaciones,,,
PERNO HEXAGONAL MILIMETRICO 8.8 TN 8-1.25X16 100 UNID.,PRAN-100,CHM-PRAN-100,PEND-PRAN-100,6354.85816,,,caja,caja,1.0,0,Ferreteria,Fijaciones,,,
PERNO HEXAGONAL MILIMETRICO 8.8 TN 8-1.25X20 100 UNID.,PRAO-100,CHM-PRAO-100,PEND-PRAO-100,5451.73004,,,caja,caja,1.0,0,Ferreteria,Fijaciones,,,
PERNO HEXAGONAL MILIMETRICO 8.8 TN 8-1.25X25 100 UNID.,PRAP-100,CHM-PRAP-100,PEND-PRAP-100,5792.45752,,,caja,caja,1.0,0,Ferreteria,Fijaciones,,,
PERNO HEXAGONAL MILIMETRICO 8.8 TN 8-1.25X30 100 UNID.,PRAQ-100,CHM-PRAQ-100,PEND-PRAQ-100,6191.60776,,,caja,caja,1.0,0,Ferreteria,Fijaciones,,,
PERNO HEXAGONAL MILIMETRICO 8.8 TN 8-1.25X35 100 UNID.,PRAR-100,CHM-PRAR-100,PEND-PRAR-100,7223.539040000001,,,caja,caja,1.0,0,Ferreteria,Fijaciones,,,
PERNO HEXAGONAL MILIMETRICO 8.8 TN 8-1.25X40 100 UNID.,PRAS-100,CHM-PRAS-100,PEND-PRAS-100,8347.9588,,,caja,caja,1.0,0,Ferreteria,Fijaciones,,,
PERNO HEXAGONAL MILIMETRICO 8.8 TN 8-1.25X50 100 UNID.,PRAU-100,CHM-PRAU-100,PEND-PRAU-100,10564.42936,,,caja,caja,1.0,0,Ferreteria,Fijaciones,,,
PERNO HEXAGONAL MILIMETRICO 8.8 TN 8-1.25X60 100 UNID.,PRAV-100,CHM-PRAV-100,PEND-PRAV-100,16538.520520000002,,,caja,caja,1.0,0,Ferreteria,Fijaciones,,,
PERNO HEXAGONAL MILIMETRICO 8.8 TN 10-1.50X20 100 UNID.,PRBB-100,CHM-PRBB-100,PEND-PRBB-100,12427.9638,,,caja,caja,1.0,0,Ferreteria,Fijaciones,,,
PERNO HEXAGONAL MILIMETRICO 8.8 TN 10-1.50X25 100 UNID.,PRBC-100,CHM-PRBC-100,PEND-PRBC-100,12615.80216,,,caja,caja,1.0,0,Ferreteria,Fijaciones,,,
PERNO HEXAGONAL MILIMETRICO 8.8 TN 10-1.50X30 100 UNID.,PRBD-100,CHM-PRBD-100,PEND-PRBD-100,14599.52544,,,caja,caja,1.0,0,Ferreteria,Fijaciones,,,
PERNO HEXAGONAL MILIMETRICO 8.8 TN 10-1.50X35 100 UNID.,PRBE-100,CHM-PRBE-100,PEND-PRBE-100,16521.11116,,,caja,caja,1.0,0,Ferreteria,Fijaciones,,,
PERNO HEXAGONAL MILIMETRICO 8.8 TN 10-1.50X40 100 UNID.,PRBF-100,CHM-PRBF-100,PEND-PRBF-100,19267.2118,,,caja,caja,1.0,0,Ferreteria,Fijaciones,,,
PERNO HEXAGONAL MILIMETRICO 8.8 TN 10-1.50X50 50 UNID.,PRBH-050,CHM-PRBH-050,PEND-PRBH-050,19200.6466,,,caja,caja,1.0,0,Ferreteria,Fijaciones,,,
PERNO HEXAGONAL MILIMETRICO 8.8 TN 10-1.50X60 50 UNID.,PRBI-050,CHM-PRBI-050,PEND-PRBI-050,22129.5656,,,caja,caja,1.0,0,Ferreteria,Fijaciones,,,
PROLONGADOR 3PCS WOBBLE TAIWAN,PRL302,CHM-PRL302,PEND-PRL302,13962.628,,,set,set,1.0,0,General,Otros,,,
PASTO ORNAMENTAL PUERTO VARAS 25MMX2MTS (20 MTS. X ROLLO),PRPSINT252,CHM-PRPSINT252,PEND-PRPSINT252,10401.44,,,ML,ML,1.0,0,General,Otros,,,
"LP ESTÁNDAR 9,5 X 2,44 X 1,22 MTS",PT-OEA-A095-1,CHM-PT-OEA-A095-1,PEND-PT-OEA-A095-1,9625.348,,,Un,Un,1.0,0,General,Otros,,,
"LP OSB MULTIPLAC 8,0MM NACIONAL X 2,44 X 1,22MTS",PT-OJA-A080,CHM-PT-OJA-A080,PEND-PT-OJA-A080,7715.74,,,Un,Un,1.0,0,General,Otros,,,
"LP OSB ECO 9MM 1,20X2,44",PT-OJCA-090X,CHM-PT-OJCA-090X,PEND-PT-OJCA-090X,9153.468,,,Un,Un,1.0,0,General,Otros,,,
"LP OSB ECO 8MM 1,22X2,44",PT-OJCA-A080X,CHM-PT-OJCA-A080X,PEND-PT-OJCA-A080X,9939.6,,,un,un,1.0,0,General,Otros,,,
"OSB COLONIAL R2 PROTEC 9,0MM X 2,44 X 1,22 MTS ANTIBAC.",PT-OLA-B090-CPR,CHM-PT-OLA-B090-CPR,PEND-PT-OLA-B090-CPR,13252.8,,,un,un,1.0,0,General,Otros,,,
"LP OSB PROTEC 9,5 MM 1,22 X 2,44 ANTIBACTERIANO ( 84 PL/PALLET )",PT-PPC-A095,CHM-PT-PPC-A095,PEND-PT-PPC-A095,13490.748,,,un,un,1.0,0,General,Otros,,,
"LP SMARTSIDE PANEL R8 H 11,1",PT-SPA-A111-H,CHM-PT-SPA-A111-H,PEND-PT-SPA-A111-H,24372.1,,,un,un,1.0,0,General,Otros,,,
"LP SMARTSIDE PANEL R4 11,1 APA X 2,44 X 1,22 MTS",PT-SPC-M111,CHM-PT-SPC-M111,PEND-PT-SPC-M111,24655.228,,,un,un,1.0,0,General,Otros,,,
PASTA CERAMICOS AC 6 KG,PTAAC06 RM,CHM-PTAAC06-RM,PEND-PTAAC06-RM,4327.24,,,pl,pl,1.0,0,General,Otros,,,
PASTA CERAMICOS AC 15 KG,PTAAC15 RM,CHM-PTAAC15-RM,PEND-PTAAC15-RM,8082.2,,,pl,pl,1.0,0,General,Otros,,,
PASTA CERAMICOS AC 25 KG,PTAAC25 RM,CHM-PTAAC25-RM,PEND-PTAAC25-RM,11877.32,,,pl,pl,1.0,0,General,Otros,,,
"TUERCA HEXAGONAL G2 UNC TN 1/2"" (100 UNIDADES)",PTAO-100,CHM-PTAO-100,PEND-PTAO-100,5085.83228,,,caja,caja,1.0,0,Ferreteria,Fijaciones,,,
"TUERCA HEXAGONAL G2 UNC TN 1/4"" (100 UNIDADES)",PTAP-100,CHM-PTAP-100,PEND-PTAP-100,864.6247199999999,,,caja,caja,1.0,0,Ferreteria,Fijaciones,,,
"TUERCA HEXAGONAL G2 UNC TN 3/8"" (100 UNIDADES)",PTAR-100,CHM-PTAR-100,PEND-PTAR-100,2076.08124,,,caja,caja,1.0,0,Ferreteria,Fijaciones,,,
PUERTA TERCIADO 800MM X 2000MM,PTATER80X20,CHM-PTATER80X20,PEND-PTATER80X20,14447.56,,,unidad,unidad,1.0,0,General,Otros,,,
"TUERCA HEXAGONAL MILIMETRICA 8.8 TN 6 - 1,0 (100 UNID.)",PTCE-100,CHM-PTCE-100,PEND-PTCE-100,1242.98212,,,caja,caja,1.0,0,Ferreteria,Fijaciones,,,
TUERCA HEXAGONAL MILIMETRICA 8.8 TN 8 - 1.25 (100 UNID.),PTCF-100,CHM-PTCF-100,PEND-PTCF-100,2663.53168,,,caja,caja,1.0,0,Ferreteria,Fijaciones,,,
"TUERCA HEXAGONAL MILIMETRICA 8.8 TN 10 - 1,5 (100 UNID.)",PTCG-100,CHM-PTCG-100,PEND-PTCG-100,5327.05332,,,caja,caja,1.0,0,Ferreteria,Fijaciones,,,
TUERCA HEXAGONAL MILIMETRICA 8.8 TN 12 - 1.75 (100 UNID.),PTCH-100,CHM-PTCH-100,PEND-PTCH-100,8636.22728,,,caja,caja,1.0,0,Ferreteria,Fijaciones,,,
TUERCA HEXAGONAL MILIMETRICA 8.8 ZN 5 -0.8 (100 UNID.),PTCL-100,CHM-PTCL-100,PEND-PTCL-100,850.8498400000001,,,caja,caja,1.0,0,Ferreteria,Fijaciones,,,
"TUERCA HEXAGONAL MILIMETRICA 8.8 ZN 6 - 1,0 (100 UNID.)",PTCM-100,CHM-PTCM-100,PEND-PTCM-100,1563.26816,,,caja,caja,1.0,0,Ferreteria,Fijaciones,,,
ARADOR PARA MOTOCULTIVADOR TDT110,PTD3,CHM-PTD3,PEND-PTD3,100400.0,,,unidad,unidad,1.0,0,General,Otros,,,
PUERTA TERCIADO BATIENTE PINO 45X600X2000,PTER3MMBP60X200,CHM-PTER3MMBP60X200,PEND-PTER3MMBP60X200,12036.956,,,unid,unid,1.0,0,General,Otros,,,
PORTA MARTILLO CUERO INDU,PTH001,CHM-PTH001,PEND-PTH001,1971.49456,,,un,un,1.0,0,Herramientas,Discos y Corte,,,
PORTA HERRAMIENTAS CUERO 11 BOLSILLOS FERRAWYY,PTH511,CHM-PTH511,PEND-PTH511,11671.6506,,,un,un,1.0,0,General,Otros,,,
PLACA CIEGA C/SOPORTE,PU1000,CHM-PU1000,PEND-PU1000,521.076,,,Unidad,Unidad,1.0,0,General,Otros,,,
INTERRUPTOR 9/12 ARMADO 10A250V 60 UNID COMPRA MINIMA,PU1100,CHM-PU1100,PEND-PU1100,1054.2,,,unidad,unidad,1.0,0,Electricidad,Cables y Accesorios,,,
INTERRUPTOR 9/24 ARMADO 10A250V,PU1101,CHM-PU1101,PEND-PU1101,1295.16,,,unidad,unidad,1.0,0,Electricidad,Cables y Accesorios,,,
PULSADOR TIMBRE 10A 250V NA ARM.,PU1102,CHM-PU1102,PEND-PU1102,1150.584,,,unidad,unidad,1.0,0,General,Otros,,,
TOMA 2P+T 10A 250V ARMADA,PU1113,CHM-PU1113,PEND-PU1113,1174.68,,,Unidad,Unidad,1.0,0,Electricidad,Cables y Accesorios,,,
TOMA 2P+T 10/16A BIP 250V 40 UNID COMPRA MINIMA,PU1180,CHM-PU1180,PEND-PU1180,1620.456,,,unidad,unidad,1.0,0,Electricidad,Cables y Accesorios,,,
INTERRUPTOR 9/15 10A 250V ARMADO,PU1200,CHM-PU1200,PEND-PU1200,1548.168,,,unidad,unidad,1.0,0,Electricidad,Cables y Accesorios,,,
TOMA ARM 2X2P+T10A 250V 60 UNID COMPRA MINIMA,PU1213,CHM-PU1213,PEND-PU1213,1481.904,,,unidad,unidad,1.0,0,Electricidad,Cables y Accesorios,,,
INTERRUPTOR ARM9/12+2P+T10A250V,PU1214,CHM-PU1214,PEND-PU1214,1590.336,,,Unidad,Unidad,1.0,0,Electricidad,Cables y Accesorios,,,
ENCHUFE DOBLE BIPASO 10/16A,PU1280,CHM-PU1280,PEND-PU1280,2680.68,,,unidad,unidad,1.0,0,Electricidad,Cables y Accesorios,,,
TOMA ARM 2P+T10+2P+T10/16,PU1293,CHM-PU1293,PEND-PU1293,2096.352,,,unidad,unidad,1.0,0,Electricidad,Cables y Accesorios,,,
INTERRUPTOR ARMADO 9/32 10A250V,PU1300,CHM-PU1300,PEND-PU1300,2156.592,,,unidad,unidad,1.0,0,Electricidad,Cables y Accesorios,,,
TOMA ARM TRIPLE 10A250V 60 UNID COMPRA MINIMA,PU1313,CHM-PU1313,PEND-PU1313,2084.304,,,unidad,unidad,1.0,0,Electricidad,Cables y Accesorios,,,
EXTENCION ELECT.MACROTEL 10MT 6219,Q679-00000,CHM-Q679-00000,PEND-Q679-00000,6336.244,,,unidad,unidad,1.0,0,General,Otros,,,
SOLVENTE DE QUEMAR 1 LITRO,QUEM002,CHM-QUEM002,PEND-QUEM002,1432.708,,,botella,botella,1.0,0,General,Otros,,,
WEBER CERÁMICO NORMAL SACO 25 KG,QUI045,CHM-QUI045,PEND-QUI045,2003.984,,,unidad,unidad,1.0,0,General,Otros,,,
WEBER CERÁMICO AC BALDE 15 KG,QUI050,CHM-QUI050,PEND-QUI050,12541.968,,,balde,balde,1.0,0,General,Otros,,,
WEBER CERÁMICO AC GALON 6 KG,QUI051,CHM-QUI051,PEND-QUI051,4745.908,,,galon,galon,1.0,0,General,Otros,,,
WEBER PORCELANATO (DA) SACO 25 KG,QUI093,CHM-QUI093,PEND-QUI093,5477.824,,,unidad,unidad,1.0,0,General,Otros,,,
"SOLCROM AC EN POLVO GRIS SACO 24,5 KG",QUI1203,CHM-QUI1203,PEND-QUI1203,9148.448,,,saco,saco,1.0,0,General,Otros,,,
WEBER FRAGUE ALMOND 1KG,QUI1236,CHM-QUI1236,PEND-QUI1236,593.364,,,bolsa,bolsa,1.0,0,General,Otros,,,
WEBER FRAGUE BEIGE 1KG,QUI1239,CHM-QUI1239,PEND-QUI1239,784.124,,,bolsa,bolsa,1.0,0,General,Otros,,,
WEBER FRAGUE BLANCO 1KG,QUI1240,CHM-QUI1240,PEND-QUI1240,784.124,,,bolsa,bolsa,1.0,0,General,Otros,,,
WEBER FRAGUE CAFE CLARO 1KG,QUI1242,CHM-QUI1242,PEND-QUI1242,593.364,,,bolsa,bolsa,1.0,0,General,Otros,,,
WEBER FRAGUE GREY 1KG,QUI1244,CHM-QUI1244,PEND-QUI1244,784.124,,,bolsa,bolsa,1.0,0,General,Otros,,,
WEBER FRAGUE MENDOZA 1KG,QUI1248,CHM-QUI1248,PEND-QUI1248,593.364,,,bolsa,bolsa,1.0,0,General,Otros,,,
WEBER FRAGUE NEGRO 1KG,QUI1251,CHM-QUI1251,PEND-QUI1251,593.364,,,bolsa,bolsa,1.0,0,General,Otros,,,
WEBER FRAGUE CAFE OSCURO 1KG,QUI1252,CHM-QUI1252,PEND-QUI1252,784.124,,,bolsa,bolsa,1.0,0,General,Otros,,,
WEBER FRAGUE MARFIL 1KG,QUI1254,CHM-QUI1254,PEND-QUI1254,784.124,,,bolsa,bolsa,1.0,0,General,Otros,,,
WEBER FRAGUE QUILICURA 1KG,QUI1255,CHM-QUI1255,PEND-QUI1255,593.364,,,bolsa,bolsa,1.0,0,General,Otros,,,
WEBER FRAGUE GRIS PLATA 1KG,QUI1256,CHM-QUI1256,PEND-QUI1256,784.124,,,bolsa,bolsa,1.0,0,General,Otros,,,
SOLCROM ADHESIVO CERAMICO PASTA TINETA 25 KGS.,QUI1315,CHM-QUI1315,PEND-QUI1315,13315.048,,,tineta,tineta,1.0,0,General,Otros,,,
WEBER ESTUCO E (EXTERIOR) SACO 25 KG,QUI1429,CHM-QUI1429,PEND-QUI1429,2150.568,,,unidad,unidad,1.0,0,General,Otros,,,
WEBER H-20 SACO 25 KG,QUI1433,CHM-QUI1433,PEND-QUI1433,2729.876,,,unidad,unidad,1.0,0,General,Otros,,,
MORTERO 3 EN 1 SACO 25KG.,QUI1440,CHM-QUI1440,PEND-QUI1440,2220.67732,,,UNIDAD,UNIDAD,1.0,0,Construccion,Materiales,,,
WEBER CERÁMICO AC POTE 1 KG,QUI269,CHM-QUI269,PEND-QUI269,1495.96,,,pote,pote,1.0,0,General,Otros,,,
"WEBER GEOTEXTIL FINO 60 M2 (1,2 MT X 50 MT)",QUI655,CHM-QUI655,PEND-QUI655,65788.104,,,paño,paño,1.0,0,General,Otros,,,
ROTOMARTILLO ELÉCTRICO REDBO RH 1000-26,R0001,CHM-R0001,PEND-R0001,59527.16,,,unidad,unidad,1.0,0,Electricidad,Cables y Accesorios,,,
"ALAMBRE RECOCIDO 1,24 N°18 ROLLO (1KG) ( CAJA 20 ROLLOS )",R000124100010,CHM-R000124100010,PEND-R000124100010,69326.2,,,caja,caja,1.0,0,Electricidad,Cables y Accesorios,,,
"ALAMBRE RECOCIDO 2,11 N°14 ROLLO (1KG) ( CAJA 20 ROLLOS )",R000211100010,CHM-R000211100010,PEND-R000211100010,66274.04,,,caja,caja,1.0,0,Electricidad,Cables y Accesorios,,,
ALAMBRE CONEJO 0.41MM 45 ROLLO 386M,R010041100005,CHM-R010041100005,PEND-R010041100005,161297.62,,,caja,caja,1.0,0,Electricidad,Cables y Accesorios,,,
"ALAMBRE GALV. N° 18, ROLLO 1 KG",RAG18D01K,CHM-RAG18D01K,PEND-RAG18D01K,1508.008,,,UNIDAD,UNIDAD,1.0,0,Electricidad,Cables y Accesorios,,,
ALAMBRE RECOCIDO N° 18 ROLLO 1 KG. APROX,RAR18D01K,CHM-RAR18D01K,PEND-RAR18D01K,1443.752,,,UNIDAD,UNIDAD,1.0,0,Electricidad,Cables y Accesorios,,,
"REMACHADORA 10"" NO.20 UYUSTOOLS",REA006,CHM-REA006,PEND-REA006,7544.93952,,,un,un,1.0,0,General,Otros,,,
ESCRITORIO CUBO 120 X45 X 111,RFTESCCUB203,CHM-RFTESCCUB203,PEND-RFTESCCUB203,26011.9332,,,UNIDAD,UNIDAD,1.0,0,General,Otros,,,
M. PROTECT 1.85X3.00M 1G9 AB1506,RGADMC3701853002,CHM-RGADMC3701853002,PEND-RGADMC3701853002,32596.42624,,,unidad,unidad,1.0,0,General,Otros,,,
RIEL PARA CLOSET ALEMAN 1 MT STB-27,RIE 10000,CHM-RIE-10000,PEND-RIE-10000,4939.68,,,unidad,unidad,1.0,0,General,Otros,,,
RIEL PARA CLOSET ALEMAN 1.5 MT STB-27,RIE 10001,CHM-RIE-10001,PEND-RIE-10001,7199.684,,,unidad,unidad,1.0,0,General,Otros,,,
RIEL PARA CLOSET ALEMAN 2 MT STB-27,RIE 10002,CHM-RIE-10002,PEND-RIE-10002,9875.344,,,unidad,unidad,1.0,0,General,Otros,,,
RIEL PARA CLOSET ALEMAN 2.5 MT STB-27,RIE 10003,CHM-RIE-10003,PEND-RIE-10003,12357.232,,,unidad,unidad,1.0,0,General,Otros,,,
CONTROL REMOTO UNIV. 7 FUNCIONES BOTONES GRANDES,RM-786,CHM-RM-786,PEND-RM-786,2198.76,,,unidad,unidad,1.0,0,General,Otros,,,
"RUEDA INDUSTRIAL NARANJO CON FRENO 3"" UYU",RUCN03R,CHM-RUCN03R,PEND-RUCN03R,6345.28,,,unidad,unidad,1.0,0,General,Otros,,,
"RUEDA INDUSTRIAL GRIS ROSCA 3"" CON FRENOS",RUI403,CHM-RUI403,PEND-RUI403,5359.86404,,,un,un,1.0,0,General,Otros,,,
SILICONA ROJA VERSACHEM 85GR,S082-30000,CHM-S082-30000,PEND-S082-30000,2033.1,,,unidad,unidad,1.0,0,General,Otros,,,
SANDWICHERA GRILL DUO (SG450),S130017240,CHM-S130017240,PEND-S130017240,15129.276,,,unidad,unidad,1.0,0,General,Otros,,,
CORNER/MACHO VOL 2P+T 10A GRIS,S2465TGE,CHM-S2465TGE,PEND-S2465TGE,1102.87392,,,Unidad,Unidad,1.0,0,General,Otros,,,
MACHO PROF. 2P 10A GRIS,S2492GE,CHM-S2492GE,PEND-S2492GE,1640.45568,,,Unidad,Unidad,1.0,0,General,Otros,,,
PROF/HEMBRA VOL 2P+T 10A GRIS,S2672TGE,CHM-S2672TGE,PEND-S2672TGE,2471.76768,,,Unidad,Unidad,1.0,0,General,Otros,,,
PILA DURACELL DX2 MN 1300 B2 BL (BLISTER 2UNID) (48 X CAJA),S300-80000,CHM-S300-80000,PEND-S300-80000,2138.3694,,,BLISTER,BLISTER,1.0,0,General,Otros,,,
PILA DURACELL CX2 MN 1400 B2 BL (BLISTER 2UNID) (48 X CAJA),S302-40000,CHM-S302-40000,PEND-S302-40000,2177.9772000000003,,,BLISTER,BLISTER,1.0,0,General,Otros,,,
BATERIA DURACELL 9VX1 MN1604 B1 BL (BLISTER 1UNID) (48 X CAJA),S308-30000,CHM-S308-30000,PEND-S308-30000,3050.152,,,blister,blister,1.0,0,General,Otros,,,
ADAPTADOR SCHUKO 2P+T10A BLANC,S3623D,CHM-S3623D,PEND-S3623D,3336.33216,,,unidad,unidad,1.0,0,General,Otros,,,
ADAPT P/SCHUKO MACHO 2P+T 16A,S3624D,CHM-S3624D,PEND-S3624D,5359.19136,,,unidad,unidad,1.0,0,General,Otros,,,
LIJA MET.NORTON K246 100G X25U7770,S611-20000,CHM-S611-20000,PEND-S611-20000,11145.404,,,Bolsa,Bolsa,1.0,0,General,Otros,,,
LIJA MET.NORTON K246 120G X25U7787,S612-00000,CHM-S612-00000,PEND-S612-00000,10942.596,,,Bolsa,Bolsa,1.0,0,General,Otros,,,
LIJA MET.NORTON K246 150G X25U7794,S613-90000,CHM-S613-90000,PEND-S613-90000,10917.496,,,Bolsa,Bolsa,1.0,0,General,Otros,,,
LIJA MET.NORTON K246 180G X25U7800,S614-70000,CHM-S614-70000,PEND-S614-70000,11584.152,,,Bolsa,Bolsa,1.0,0,General,Otros,,,
LIJA MAD.NORTON A257 80G X50U 1896,S677-50000,CHM-S677-50000,PEND-S677-50000,6224.8,,,Bolsa,Bolsa,1.0,0,General,Otros,,,
LIJA MAD.NORTON A257 120G X50U1919,S679-10000,CHM-S679-10000,PEND-S679-10000,5501.92,,,bolsa,bolsa,1.0,0,General,Otros,,,
LIJA MAD.NORTON A257 150G X50U1926,S681-30000,CHM-S681-30000,PEND-S681-30000,5501.92,,,bolsa,bolsa,1.0,0,General,Otros,,,
LIJA MAD.NORTON A257 180G X50U1933,S682-10000,CHM-S682-10000,PEND-S682-10000,5481.84,,,bolsa,bolsa,1.0,0,General,Otros,,,
PILAS ALCALINAS DURACELL AAA X 8 UNIDADES,S754-20000,CHM-S754-20000,PEND-S754-20000,4805.144,,,blister,blister,1.0,0,Construccion,Materiales,,,
"ALICATE PICO LORO 8"" NITRO",S888008,CHM-S888008,PEND-S888008,5309.2524,,,unidad,unidad,1.0,0,Herramientas,Discos y Corte,,,
ONE PIECE ROMA GL-1011,SANONE00009,CHM-SANONE00009,PEND-SANONE00009,75372.288,,,un,un,1.0,0,General,Otros,,,
ONE PIECE MILAN GL-1019,SANONE00011,CHM-SANONE00011,PEND-SANONE00011,73487.78,,,un,un,1.0,0,General,Otros,,,
SACO PAPERO DE 60 X 90CM ROJO PARA 50 KG,SAPAP,CHM-SAPAP,PEND-SAPAP,205.82,,,unidad,unidad,1.0,0,General,Otros,,,
SALA DE BAÑO DECA DESCARGA PISO 30CM BOTÓN CENTRAL (INOJAD/J + LAV JAD + PED JAD ),SBJADJ,CHM-SBJADJ,PEND-SBJADJ,45718.144,,,unidad,unidad,1.0,0,General,Otros,,,
SET DE CUBIERTOS PLEGABLES,SCO-01,CHM-SCO-01,PEND-SCO-01,2761.0,,,unidad,unidad,1.0,0,General,Otros,,,
SIERRA COPA 4PCS,SEO004,CHM-SEO004,PEND-SEO004,3442.44492,,,set,set,1.0,0,Herramientas,Discos y Corte,,,
SIERRA COPA 11PCS (3/4-2-1/2),SEO011,CHM-SEO011,PEND-SEO011,5681.184200000001,,,set,set,1.0,0,Herramientas,Discos y Corte,,,
KIT DE RIEGO POR GOTEO IRRIGO AGRICULTOR 150M2,SHA150ST20NFI,CHM-SHA150ST20NFI,PEND-SHA150ST20NFI,113949.984,,,unidad,unidad,1.0,0,General,Otros,,,
DILUYENTE SINTETICO 1 LITRO,SINT002,CHM-SINT002,PEND-SINT002,1635.516,,,botella,botella,1.0,0,Pinturas,Aplicacion,,,
HORNO 1 CÁMARA INOX. SEMI INDUSTRIAL. 58X65 N°4 CAMARA INOXIDABLE_GLP,SKU.10001,CHM-SKU10001,PEND-SKU10001,215979.476,,,un,un,1.0,0,General,Otros,,,
ANAFE 1 QUEMADOR BAJO ECONOMICO. (QUEMADOR 180MM)_GLP,SKU.10037,CHM-SKU10037,PEND-SKU10037,50192.972,,,UN,UN,1.0,0,General,Otros,,,
ANAFE 2 QUEMADORES ALTO ECONOMICO. (QUEMADOR 180MM)_GLP,SKU.10039,CHM-SKU10039,PEND-SKU10039,75292.972,,,UN,UN,1.0,0,General,Otros,,,
"SUJETADOR MAGNETICO PARA SOLDAR 3""/25LB UYU",SMS03U,CHM-SMS03U,PEND-SMS03U,5395.496,,,unidad,unidad,1.0,0,General,Otros,,,
SODA CAUSTICA BOLSA 1K,SODA001,CHM-SODA001,PEND-SODA001,2459.8,,,bolsa,bolsa,1.0,0,General,Otros,,,
SODA PERLA BOLSA 1/2 KILO,SODA002,CHM-SODA002,PEND-SODA002,1348.372,,,bolsa,bolsa,1.0,0,General,Otros,,,
SODA CAUSTICA ESCAMA 1 KILO,SODA010,CHM-SODA010,PEND-SODA010,2321.248,,,bolsa,bolsa,1.0,0,General,Otros,,,
SODA CAUSTICA ESCAMA 1/2 KILO,SODA011,CHM-SODA011,PEND-SODA011,1249.98,,,bolsa,bolsa,1.0,0,General,Otros,,,
SOPLETE PINTAR PQ-2U UYUSTOOLS,SPA02U,CHM-SPA02U,PEND-SPA02U,33693.236,,,unidad,unidad,1.0,0,General,Otros,,,
"SERRUCHO CON BASE PLASTICA 2PCS 12"" UYUSTOOLS",SRB312,CHM-SRB312,PEND-SRB312,10482.75396,,,set,set,1.0,0,General,Otros,,,
"SERRUCHO MANGO PLASTICO X NEGRA 22"" M2012 UYUSTOOLS",SRN22U,CHM-SRN22U,PEND-SRN22U,8766.928,,,unidad,unidad,1.0,0,General,Otros,,,
"SERRUCHO MANGO PLASTICO X NEGRA 24"" M2012 UYUSTOOLS",SRN24U,CHM-SRN24U,PEND-SRN24U,6070.79644,,,un,un,1.0,0,General,Otros,,,
SIFON CORRUGADO UNIVERSAL,SSU40MX2,CHM-SSU40MX2,PEND-SSU40MX2,942.756,,,UNIDAD,UNIDAD,1.0,0,Gasfiteria,Tuberias y Conexiones,,,
SULFATO DE COBRE 1KG,SULF002,CHM-SULF002,PEND-SULF002,5577.22,,,bolsa,bolsa,1.0,0,General,Otros,,,
SULFATO DE COBRE 1/2 KG,SULF004,CHM-SULF004,PEND-SULF004,3203.764,,,bolsa,bolsa,1.0,0,General,Otros,,,
CINTA DE PELIGRO 350 MT,SV0008,CHM-SV0008,PEND-SV0008,3413.6,,,unidad,unidad,1.0,0,General,Otros,,,
OASIS JASPE 31X54,SVN-12-0002,CHM-SVN-12-0002,PEND-SVN-12-0002,9388.26344,,,m2,m2,1.0,0,General,Otros,,,
SANDWICHERA 2 PANES 800W SW-840 BLANCA,SW-840BL,CHM-SW-840BL,PEND-SW-840BL,10623.324,,,cj,cj,1.0,0,General,Otros,,,
PINO AROM.CAR-FRESHNER AUTO NUEVO X1,T801-3AUNU,CHM-T801-3AUNU,PEND-T801-3AUNU,740.952,,,unidad,unidad,1.0,0,General,Otros,,,
PINO AROM.CAR-FRESHNER HIELO NEGRO X1,T801-3BLAC,CHM-T801-3BLAC,PEND-T801-3BLAC,740.952,,,unidad,unidad,1.0,0,General,Otros,,,
PINO AROM.CAR-FRESHNER CANELA/MANZ X1,T801-3CANE,CHM-T801-3CANE,PEND-T801-3CANE,740.952,,,unidad,unidad,1.0,0,General,Otros,,,
PINO AROM.CAR-FRESHNER COCONUTX1,T801-3COCO,CHM-T801-3COCO,PEND-T801-3COCO,740.952,,,unidad,unidad,1.0,0,General,Otros,,,
PINO AROM.CAR-FRESHNER FRUTILLA X1,T801-3FRUT,CHM-T801-3FRUT,PEND-T801-3FRUT,740.952,,,unidad,unidad,1.0,0,General,Otros,,,
PINO AROM.CAR-FRESHNER LAVANDAX1,T801-3LAVA,CHM-T801-3LAVA,PEND-T801-3LAVA,740.952,,,unidad,unidad,1.0,0,General,Otros,,,
PINO AROM.CAR-FRESHNER PIÑA COLADA X1,T801-3PCOL,CHM-T801-3PCOL,PEND-T801-3PCOL,740.952,,,unidad,unidad,1.0,0,General,Otros,,,
PINO AROM.CAR-FRESHNER VAINILLAROMA X1,T801-3VAIN,CHM-T801-3VAIN,PEND-T801-3VAIN,740.952,,,unidad,unidad,1.0,0,General,Otros,,,
PINO AROM.CAR-FRESHNER SANDIA X1,T801-3WATE,CHM-T801-3WATE,PEND-T801-3WATE,740.952,,,unidad,unidad,1.0,0,General,Otros,,,
LLAVE SACA FILTRO C/CADENA,TA024CJ211,CHM-TA024CJ211,PEND-TA024CJ211,2762.004,,,unidad,unidad,1.0,0,Gasfiteria,Tuberias y Conexiones,,,
TABURETE PISO METALICO 2P / 150KG,TAB-02E,CHM-TAB-02E,PEND-TAB-02E,15813.0,,,UNIDAD,UNIDAD,1.0,0,General,Otros,,,
BROCA METAL HSS 3MM (10 UND),TAC100303,CHM-TAC100303,PEND-TAC100303,943.76,,,unidad,unidad,1.0,0,General,Otros,,,
BROCA METAL HSS 4MM (10 UND),TAC100403,CHM-TAC100403,PEND-TAC100403,1495.96,,,unidad,unidad,1.0,0,General,Otros,,,
BROCA METAL HSS 6MM (10 UND),TAC100603,CHM-TAC100603,PEND-TAC100603,2600.36,,,unidad,unidad,1.0,0,General,Otros,,,
BROCA METAL HSS 9MM (5 UND),TAC100903,CHM-TAC100903,PEND-TAC100903,2851.36,,,unidad,unidad,1.0,0,General,Otros,,,
BROCA METAL HSS 10MM (5 UND),TAC101003,CHM-TAC101003,PEND-TAC101003,1054.2,,,unidad,unidad,1.0,0,General,Otros,,,
CINCEL PUNTA PARA ROTOMARTILLO 18X3000MM,TAC1521181,CHM-TAC1521181,PEND-TAC1521181,2801.16,,,unidad,unidad,1.0,0,Electricidad,Cables y Accesorios,,,
CINCEL PUNTA PLANA PARA ROTOMARTILLO 18X300X25MM,TAC15221811,CHM-TAC15221811,PEND-TAC15221811,2851.36,,,unidad,unidad,1.0,0,Electricidad,Cables y Accesorios,,,
SET PUNTA PHILLIPS PH2 DOBLE 10PZAS,TAC16HL133,CHM-TAC16HL133,PEND-TAC16HL133,3363.4,,,set,set,1.0,0,General,Otros,,,
SET PUNTAS CRUZ PH2 25MM 2 PCS,TAC16PH214,CHM-TAC16PH214,PEND-TAC16PH214,441.76,,,set,set,1.0,0,General,Otros,,,
SET PUNTA PHILLIPS PH2 SIMPLE 10PZAS,TAC16PH223,CHM-TAC16PH223,PEND-TAC16PH223,2951.76,,,set,set,1.0,0,General,Otros,,,
BROCA PARA CONCRETO 6X150MM,TAC210602,CHM-TAC210602,PEND-TAC210602,953.8,,,unidad,unidad,1.0,0,General,Otros,,,
BROCA PARA CONCRETO 8X150MM,TAC210802,CHM-TAC210802,PEND-TAC210802,1054.2,,,unidad,unidad,1.0,0,General,Otros,,,
DISCO DIAMANTADO EN SECO 4 1/2'' X 7.5MM,TAC2111153,CHM-TAC2111153,PEND-TAC2111153,1646.56,,,un,un,1.0,0,Herramientas,Discos y Corte,,,
DISCO DE DIAMANTE 115MM,TAC21111532,CHM-TAC21111532,PEND-TAC21111532,2459.8,,,unidad,unidad,1.0,0,Herramientas,Discos y Corte,,,
DISCO DIAMANTADO EN SECO 7'' X 7.5MM,TAC2111803,CHM-TAC2111803,PEND-TAC2111803,4116.4,,,unidad,unidad,1.0,0,Herramientas,Discos y Corte,,,
DISCO DIAMANTADO EN SECO 9'' X 7.5MM,TAC2112303,CHM-TAC2112303,PEND-TAC2112303,6576.2,,,unidad,unidad,1.0,0,Herramientas,Discos y Corte,,,
DISCO DIAMANTADO CORTE HUMEDO 4 1/2'' X 22MM,TAC2121153,CHM-TAC2121153,PEND-TAC2121153,1596.36,,,un,un,1.0,0,Herramientas,Discos y Corte,,,
DISCO DIAMANTADO ULTRAFINO 4''X20MM,TAC2131051HT,CHM-TAC2131051HT,PEND-TAC2131051HT,4066.2,,,unidad,unidad,1.0,0,Herramientas,Discos y Corte,,,
"DISCO SIERRA MADERA 4 1/2"" 40 DIENTES - INDUSTRIAL",TAC231255,CHM-TAC231255,PEND-TAC231255,2951.76,,,unidad,unidad,1.0,0,Herramientas,Discos y Corte,,,
"DISCO SIERRA MADERA 6 1/4"" 48 DIENTES - IND (TSLI1651)",TAC231312,CHM-TAC231312,PEND-TAC231312,4507.96,,,unidad,unidad,1.0,0,Herramientas,Discos y Corte,,,
"DISCO SIERRA MADERA 7 1/4"" 60 DIENTES - INDUSTRIAL",TAC231413,CHM-TAC231413,PEND-TAC231413,6917.56,,,unidad,unidad,1.0,0,Herramientas,Discos y Corte,,,
"DISCO SIERRA MADERA 7 1/4"" 40 DIENTES - INDUSTRIAL",TAC231415,CHM-TAC231415,PEND-TAC231415,5060.16,,,unidad,unidad,1.0,0,Herramientas,Discos y Corte,,,
"DISCO SIERRA MADERA 5-1/2"" 24 DIENTES / TSLI1401",TAC232241,CHM-TAC232241,PEND-TAC232241,3855.36,,,un,un,1.0,0,Herramientas,Discos y Corte,,,
"DISCO PULIR TURBO SEGMENTADO 4 1/2"""" X 20MM",TAC2411151,CHM-TAC2411151,PEND-TAC2411151,7670.56,,,un,un,1.0,0,Herramientas,Discos y Corte,,,
"GRATA COPA BRONCE P/ESMERIL 3""",TAC31031,CHM-TAC31031,PEND-TAC31031,1696.76,,,unidad,unidad,1.0,0,Herramientas,Discos y Corte,,,
"GRATA COPA BRONCE P/ESMERIL 4""",TAC31041,CHM-TAC31041,PEND-TAC31041,2058.2,,,unidad,unidad,1.0,0,Herramientas,Discos y Corte,,,
"GRATA COPA BRONCE P/ESMERIL 5""",TAC31051,CHM-TAC31051,PEND-TAC31051,3112.4,,,unidad,unidad,1.0,0,Herramientas,Discos y Corte,,,
BROCA SDS PLUS 8X160MM,TAC310802,CHM-TAC310802,PEND-TAC310802,943.76,,,unidad,unidad,1.0,0,General,Otros,,,
BROCA SDS PLUS 12X160MM,TAC311202,CHM-TAC311202,PEND-TAC311202,1305.2,,,unidad,unidad,1.0,0,General,Otros,,,
BROCA SDS PLUS 14X160MM,TAC311402,CHM-TAC311402,PEND-TAC311402,1355.4,,,unidad,unidad,1.0,0,General,Otros,,,
BROCA SDS PLUS 16X160MM,TAC311601,CHM-TAC311601,PEND-TAC311601,1696.76,,,unidad,unidad,1.0,0,General,Otros,,,
"GRATA COPA ACERO P/ESMERIL 3""",TAC32031,CHM-TAC32031,PEND-TAC32031,1847.36,,,unidad,unidad,1.0,0,Aceros y Techumbre,Planchas,,,
"GRATA COPA TALADRO 3""",TAC33031,CHM-TAC33031,PEND-TAC33031,893.56,,,unidad,unidad,1.0,0,Herramientas,Discos y Corte,,,
MANDRIL TALADRO 13MM,TAC451301,CHM-TAC451301,PEND-TAC451301,2901.56,,,set,set,1.0,0,Herramientas,Discos y Corte,,,
LLAVE PARA MANDRIL 13MM,TAC470131,CHM-TAC470131,PEND-TAC470131,803.2,,,unidad,unidad,1.0,0,Gasfiteria,Tuberias y Conexiones,,,
SET HOJAS SIERRA CALADORA PARA MADERA 5PZAS,TAC51111C,CHM-TAC51111C,PEND-TAC51111C,1255.0,,,set,set,1.0,0,Construccion,Materiales,,,
SET HOJAS SIERRA CALADORA PARA METAL 5PZAS,TAC51118B,CHM-TAC51118B,PEND-TAC51118B,2459.8,,,set,set,1.0,0,Construccion,Materiales,,,
SET HOJAS CEPILLO ELÉCTRICO 2PZAS,TAC618201,CHM-TAC618201,PEND-TAC618201,2349.36,,,set,set,1.0,0,General,Otros,,,
"DISCO FLAP 4 1/2"" GRANO 40",TAC631151,CHM-TAC631151,PEND-TAC631151,1004.0,,,unidad,unidad,1.0,0,Herramientas,Discos y Corte,,,
"DISCO FLAP 4 1/2"" GRANO 60",TAC631152,CHM-TAC631152,PEND-TAC631152,953.8,,,unidad,unidad,1.0,0,Herramientas,Discos y Corte,,,
"DISCO FLAP 4 1/2"" GRANO 80",TAC631153,CHM-TAC631153,PEND-TAC631153,953.8,,,unidad,unidad,1.0,0,Herramientas,Discos y Corte,,,
BROCA ESCALONADA 10-20 MM,TAC8210201,CHM-TAC8210201,PEND-TAC8210201,3654.56,,,un,un,1.0,0,Construccion,Materiales,,,
BROCA ESCALONADA 6-35 MM,TAC8263501,CHM-TAC8263501,PEND-TAC8263501,6164.56,,,un,un,1.0,0,Construccion,Materiales,,,
CAJA CORCHETES 25MM (2500 UNI),TAC918252,CHM-TAC918252,PEND-TAC918252,3865.4,,,unidad,unidad,1.0,0,General,Otros,,,
CAJA CORCHETES 40MM (2500 UNI),TAC918402,CHM-TAC918402,PEND-TAC918402,6174.6,,,unidad,unidad,1.0,0,General,Otros,,,
SET DE PUNTAS MAGNÉTICAS DOBLE PHILLIPS DE IMPACTO PH2,TACIM16PH233,CHM-TACIM16PH233,PEND-TACIM16PH233,3754.96,,,pcs,pcs,1.0,0,General,Otros,,,
SET BROCAS METAL HSS 12 PIEZAS,TACSD0125,CHM-TACSD0125,PEND-TACSD0125,3202.76,,,set,set,1.0,0,General,Otros,,,
SET BROCAS METAL HSS 6 PIEZAS,TACSD0605,CHM-TACSD0605,PEND-TACSD0605,1746.96,,,set,set,1.0,0,General,Otros,,,
JUEGO DREMEL 357 PIEZAS,TACSD13571,CHM-TACSD13571,PEND-TACSD13571,20873.16,,,unidad,unidad,1.0,0,General,Otros,,,
SET DE BROCAS ESCALONADAS 3PZS (4-12 / 4-20 / 4-32 MM),TACSD2031,CHM-TACSD2031,PEND-TACSD2031,14999.76,,,set,set,1.0,0,Construccion,Materiales,,,
JUEGO ATORNILLADOR INTERCAMBIABLES 24 PZAS,TACSD30186,CHM-TACSD30186,PEND-TACSD30186,4959.76,,,set,set,1.0,0,General,Otros,,,
JUEGO DE DESTORNILLADOR CON MANGO TIPO T 47 PIEZAS,TACSD30476,CHM-TACSD30476,PEND-TACSD30476,8825.16,,,set,set,1.0,0,General,Otros,,,
SET PUNTA PHILLIPS 10PZAS,TACSD3091,CHM-TACSD3091,PEND-TACSD3091,2399.56,,,set,set,1.0,0,General,Otros,,,
JUEGO BROCAS CEMENTO 5 PIEZAS,TACSD5055,CHM-TACSD5055,PEND-TACSD5055,2198.76,,,set,set,1.0,0,Construccion,Materiales,,,
SET 12 PCS FRESAS 6MM,TACSR0121,CHM-TACSR0121,PEND-TACSR0121,15511.8,,,set,set,1.0,0,General,Otros,,,
SET 12 PCS FRESAS 8MM,TACSR1121,CHM-TACSR1121,PEND-TACSR1121,14849.16,,,set,set,1.0,0,General,Otros,,,
"PISTOLA PARA PINTAR 1000 CC - BOQ 1,5MM CARGA INFERIOR",TAT11001,CHM-TAT11001,PEND-TAT11001,13371.272,,,unidad,unidad,1.0,0,General,Otros,,,
PISTOLA PULVERIZADORA 750CC,TAT20751,CHM-TAT20751,PEND-TAT20751,7620.36,,,pcs,pcs,1.0,0,General,Otros,,,
PISTOLA 2 EN 1 - CLAVADORA Y ENGRAPADORA AUTOMATICA,TAT81501,CHM-TAT81501,PEND-TAT81501,32429.2,,,unidad,unidad,1.0,0,Electricidad,Cables y Accesorios,,,
PISTOLA CLAVADORA AUTOMATICA (60-100PSI),TAT83501,CHM-TAT83501,PEND-TAT83501,29467.4,,,unidad,unidad,1.0,0,Electricidad,Cables y Accesorios,,,
JUEGO DE HERRAMIENTAS NEUMARTICA 5 PIEZAS,TATK053-1,CHM-TATK053-1,PEND-TATK053-1,23935.36,,,unidad,unidad,1.0,0,General,Otros,,,
PISTOLA CALOR 2000W 1 BOQUILLA,TB200365,CHM-TB200365,PEND-TB200365,16957.56,,,unidad,unidad,1.0,0,Construccion,Materiales,,,
PISTOLA DE CALOR 2000W (NEW),TB2006,CHM-TB2006,PEND-TB2006,19377.2,,,unidad,unidad,1.0,0,Construccion,Materiales,,,
SOPLADOR/ ASPIRADOR 400W,TB2046,CHM-TB2046,PEND-TB2046,17670.4,,,unidad,unidad,1.0,0,General,Otros,,,
TRAMPA RATON CHICA,TBA001,CHM-TBA001,PEND-TBA001,8579.27036,,,doz,doz,1.0,0,General,Otros,,,
TRAMPA RATON METAL GRANDE,TBA002,CHM-TBA002,PEND-TBA002,9357.46072,,,doz,doz,1.0,0,General,Otros,,,
"TUBO CUAD.100 X 100 X 2.0 X 6000 MM PESO: 36,42",TC10020,CHM-TC10020,PEND-TC10020,50476.53172,,,tira,tira,1.0,0,Gasfiteria,Tuberias y Conexiones,,,
TUBO CUAD.100 X 100 X 3.0 X 6000 MM,TC10030,CHM-TC10030,PEND-TC10030,74509.01868,,,tira,tira,1.0,0,Gasfiteria,Tuberias y Conexiones,,,
"TUBO CUAD.15 X 15 X 1.5 X 6000 MM PESO: 3,54",TC1515,CHM-TC1515,PEND-TC1515,5060.812599999999,,,tira,tira,1.0,0,Gasfiteria,Tuberias y Conexiones,,,
"TUBO CUAD.20 X 20 X 2.0 X 6000 MM PESO: 6,3",TC2020,CHM-TC2020,PEND-TC2020,8731.52696,,,tira,tira,1.0,0,Gasfiteria,Tuberias y Conexiones,,,
"TUBO CUAD.30 X 30 X 2.0 X 6000 MM PESO: 10,08",TC3020,CHM-TC3020,PEND-TC3020,13970.43912,,,tira,tira,1.0,0,Gasfiteria,Tuberias y Conexiones,,,
"TUBO CUAD.40 X 40 X 2.0 X 6000 MM PESO: 13,86",TC4020,CHM-TC4020,PEND-TC4020,19209.36132,,,tira,tira,1.0,0,Gasfiteria,Tuberias y Conexiones,,,
"TUBO CUAD.40 X 40 X 3.0 X 6000 MM PESO: 19,8",TC4030,CHM-TC4030,PEND-TC4030,27441.94044,,,tira,tira,1.0,0,Gasfiteria,Tuberias y Conexiones,,,
"TUBO CUAD.50 X 50 X 2.0 X 6000 MM PESO: 17,58",TC5020,CHM-TC5020,PEND-TC5020,24365.11216,,,tira,tira,1.0,0,Gasfiteria,Tuberias y Conexiones,,,
"TUBO CUAD.50 X 50 X 3.0 X 6000 MM PESO: 25,5",TC5030,CHM-TC5030,PEND-TC5030,35341.89436,,,tira,tira,1.0,0,Gasfiteria,Tuberias y Conexiones,,,
TUBO CUAD.75 X 75 X 2.0 X 6000 MM PESO: 27,TC7520,CHM-TC7520,PEND-TC7520,37420.82696,,,Tira,Tira,1.0,0,Gasfiteria,Tuberias y Conexiones,,,
"TUBO CUAD.75 X 75 X 3.0 X 6000 MM PESO: 39,6",TC7530,CHM-TC7530,PEND-TC7530,54883.88088,,,tira,tira,1.0,0,Gasfiteria,Tuberias y Conexiones,,,
COMBO SIERRA CIRCULAR + SIERRACALADORA +TALADRO + ATORNILLADOR DE IMPACTO 20V,TCKLI2010,CHM-TCKLI2010,PEND-TCKLI2010,170669.96,,,combo,combo,1.0,0,Construccion,Materiales,,,
TALADRO ATORNILLADOR INALAMBRICO 12V 10MM - 2 BATERIAS - 1 CARGADOR - 1 BOLSO TORQUE 15+1,TDLI1222,CHM-TDLI1222,PEND-TDLI1222,34626.11264000001,,,pcs,pcs,1.0,0,Herramientas,Discos y Corte,,,
TALADRO INALAMBRICO 20V 10MM - 2 BATERIA - 1 CARGADOR RAPIDO,TDLI20012,CHM-TDLI20012,PEND-TDLI20012,40953.16,,,un,un,1.0,0,Herramientas,Discos y Corte,,,
TALADRO INALAMBRICO 20V 10MM - 2/BAT 2AH- CARGADOR INTELIGENTE,TDLI200215,CHM-TDLI200215,PEND-TDLI200215,75350.2,,,und,und,1.0,0,Herramientas,Discos y Corte,,,
"MOTOCULTIVADOR MOTOR DIESEL 9,0 HP CON KIT CAPOT",TDT110,CHM-TDT110,PEND-TDT110,1696760.0,,,unidad,unidad,1.0,0,General,Otros,,,
MOTOCULTIVADOR DIESEL (X) 11.0 HP CON KIT CAPOT,TDT110X,CHM-TDT110X,PEND-TDT110X,1696760.0,,,unidad,unidad,1.0,0,General,Otros,,,
TECLE UYU 1 X 3M,TEC201,CHM-TEC201,PEND-TEC201,121849.456,,,unidad,unidad,1.0,0,General,Otros,,,
CAUTIN LAPIZ 40W,TET1406,CHM-TET1406,PEND-TET1406,6174.6,,,unidad,unidad,1.0,0,General,Otros,,,
CAUTIN LAPIZ 60W,TET1606,CHM-TET1606,PEND-TET1606,6174.6,,,unidad,unidad,1.0,0,General,Otros,,,
LIJADORA ORBITAL RECTANGULAR 320W INCLUYE SET 5 LIJAS,TF1301826,CHM-TF1301826,PEND-TF1301826,26104.0,,,unidad,unidad,1.0,0,General,Otros,,,
LIJADORA ORBITAL RECTANGULAR 350W INCLUYE SET 5 LIJAS,TF1302206,CHM-TF1302206,PEND-TF1302206,47228.16,,,unidad,unidad,1.0,0,General,Otros,,,
LIJADORA ROTO ORBITAL 320W - INDUSTRIAL,TF2031256,CHM-TF2031256,PEND-TF2031256,34276.56,,,unidad,unidad,1.0,0,General,Otros,,,
LIJADORA ORBITAL CUADRADA 240W INCLUYE SET 5 LIJAS,TF2231106,CHM-TF2231106,PEND-TF2231106,33157.1,,,unidad,unidad,1.0,0,General,Otros,,,
BATERIA DE LITIO-ION DE 2AH 20V (NEW),TFBLI20011,CHM-TFBLI20011,PEND-TFBLI20011,18925.4,,,unidad,unidad,1.0,0,General,Otros,,,
TALADRO DE IMPACTO 650W - 13 MM / VEL 3.000 RPM,TG1061336,CHM-TG1061336,PEND-TG1061336,28061.8,,,unidad,unidad,1.0,0,Herramientas,Discos y Corte,,,
TALADRO DE IMPACTO 680W - 13MM NEW,TG1061356-2,CHM-TG1061356-2,PEND-TG1061356-2,16390.3,,,unidad,unidad,1.0,0,Herramientas,Discos y Corte,,,
ESMERIL ANGULAR 4 1/2 750W,TG10711556,CHM-TG10711556,PEND-TG10711556,27559.8,,,und,und,1.0,0,Herramientas,Discos y Corte,,,
"ESMERIL ANGULAR 4 1/2"" 950W (NEW)",TG10911526,CHM-TG10911526,PEND-TG10911526,18162.36,,,unidad,unidad,1.0,0,Herramientas,Discos y Corte,,,
ESMERIL ANGULAR 4 1/2'' 950W,TG1091156,CHM-TG1091156,PEND-TG1091156,20873.16,,,un,un,1.0,0,Herramientas,Discos y Corte,,,
ESMERIL ANGULAR 4 1/2'' 900W VEL. VARIABLE,TG109125565,CHM-TG109125565,PEND-TG109125565,23548.318,,,unidad,unidad,1.0,0,Herramientas,Discos y Corte,,,
"ESMERIL ANGULAR 7"" 2400W",TG1251806,CHM-TG1251806,PEND-TG1251806,74245.8,,,unidad,unidad,1.0,0,Herramientas,Discos y Corte,,,
DREMEL MULTIPROPOSITO 130W C/ACC.,TG501032,CHM-TG501032,PEND-TG501032,19969.56,,,un,un,1.0,0,General,Otros,,,
DISCO DE CORTE 255MM 3 DIENTES,TGTBCB95,CHM-TGTBCB95,PEND-TGTBCB95,5271.0,,,unidad,unidad,1.0,0,Herramientas,Discos y Corte,,,
REPUESTO NYLON ORILLADORA (TG103251),TGTLS1261,CHM-TGTLS1261,PEND-TGTLS1261,2409.6,,,unidad,unidad,1.0,0,General,Otros,,,
REPUESTO NYLON 2.5MM 4MTS,TGTLS2545,CHM-TGTLS2545,PEND-TGTLS2545,6526.0,,,unidad,unidad,1.0,0,General,Otros,,,
ROTOMARTILLO 800W CON ADAPTADOR,TH308268-2,CHM-TH308268-2,PEND-TH308268-2,47854.0536,,,un,un,1.0,0,Electricidad,Cables y Accesorios,,,
RASTRILLO DOBLE CABEZAL DE 290MM,THGT979K,CHM-THGT979K,PEND-THGT979K,2459.8,,,unidad,unidad,1.0,0,General,Otros,,,
JUEGO DE BOQUILLAS PARA MANGERA TOTAL,THHCS05122,CHM-THHCS05122,PEND-THHCS05122,2700.76,,,unidad,unidad,1.0,0,General,Otros,,,
LINTERNA LED DE CABEZA 200 LUM (PILAS AAA),THL013AAA6,CHM-THL013AAA6,PEND-THL013AAA6,8172.56,,,unidad,unidad,1.0,0,General,Otros,,,
CUCHILLO MULTIFUNCION,THMFK0126,CHM-THMFK0126,PEND-THMFK0126,2259.0,,,unidad,unidad,1.0,0,General,Otros,,,
"SIERRA PARA METAL 150 MM 6""",THMHF1501,CHM-THMHF1501,PEND-THMHF1501,1194.76,,,pcs,pcs,1.0,0,Herramientas,Discos y Corte,,,
"DADO PARA BUJIA DE 1/2"" X 16 MM",THSPS12166,CHM-THSPS12166,PEND-THSPS12166,1480.9,,,unidad,unidad,1.0,0,General,Otros,,,
TIJERA DE PODAR 8'',THT0109,CHM-THT0109,PEND-THT0109,3915.6,,,unidad,unidad,1.0,0,General,Otros,,,
TIJERA DE PODAR 8'' (SS),THT0201,CHM-THT0201,PEND-THT0201,2650.56,,,un,un,1.0,0,General,Otros,,,
SET LLAVE ALLEN 1.5 A 10MM 9PZAS INDUSTRIAL,THT106291,CHM-THT106291,PEND-THT106291,3514.0,,,set,set,1.0,0,Gasfiteria,Tuberias y Conexiones,,,
ALICATE UNIVERSAL 6'',THT110606P,CHM-THT110606P,PEND-THT110606P,2901.56,,,un,un,1.0,0,Herramientas,Discos y Corte,,,
GRASERA MANUAL 400CC,THT111051,CHM-THT111051,PEND-THT111051,11987.76,,,pcs,pcs,1.0,0,General,Otros,,,
ALICATE DE PUNTA 6'',THT120606P,CHM-THT120606P,PEND-THT120606P,2650.56,,,unidad,unidad,1.0,0,Herramientas,Discos y Corte,,,
"JUEGO DE DADOS 1/2"""" 12PZAS",THT141121,CHM-THT141121,PEND-THT141121,20230.6,,,set,set,1.0,0,General,Otros,,,
"JUEGO DE DADOS 1/4"" 12PZAS",THT14114126,CHM-THT14114126,PEND-THT14114126,10130.36,,,set,set,1.0,0,General,Otros,,,
TIJERON PARA CESPED 22'' (SS),THT1516201,CHM-THT1516201,PEND-THT1516201,6064.16,,,un,un,1.0,0,General,Otros,,,
"TIJERA DE PODAR 27"" (SS)",THT1527201,CHM-THT1527201,PEND-THT1527201,5070.2,,,unidad,unidad,1.0,0,General,Otros,,,
"ALICATE PELA CABLES 8,5'' INDUSTRIAL",THT15851,CHM-THT15851,PEND-THT15851,3554.16,,,unidad,unidad,1.0,0,Electricidad,Cables y Accesorios,,,
CINTURON DE TRABAJO/15 HERRAMIENTAS,THT16P2031,CHM-THT16P2031,PEND-THT16P2031,9136.4,,,unidad,unidad,1.0,0,General,Otros,,,
"ALICATE DE BLOQUEO CURVO 10"""" UNIVERSAL",THT191003,CHM-THT191003,PEND-THT191003,3965.8,,,unidad,unidad,1.0,0,Herramientas,Discos y Corte,,,
SET DE 3 ALICATES UNIVERSAL COMBINADO,THT1K0301,CHM-THT1K0301,PEND-THT1K0301,9126.36,,,set,set,1.0,0,Herramientas,Discos y Corte,,,
PISTOLA SILICONA,THT20109,CHM-THT20109,PEND-THT20109,6164.56,,,unidad,unidad,1.0,0,General,Otros,,,
"PISTOLA TOTAL SILICONA ALUMINIO PROFESIONAL 12""",THT20112,CHM-THT20112,PEND-THT20112,7168.56,,,unidad,unidad,1.0,0,General,Otros,,,
"PISTOLA CALAFATERA 9"" - 1.0MM",THT20409,CHM-THT20409,PEND-THT20409,2961.8,,,unidad,unidad,1.0,0,Construccion,Materiales,,,
ALICATE UNIVERSAL 8'' INDUSTRIAL,THT210806,CHM-THT210806,PEND-THT210806,3062.2,,,unidad,unidad,1.0,0,Herramientas,Discos y Corte,,,
ALICATE UNIVERSAL 9.5'' INDUSTRIAL 30% AHORRO,THT210906S,CHM-THT210906S,PEND-THT210906S,6967.76,,,unidad,unidad,1.0,0,Herramientas,Discos y Corte,,,
ALICATE DE PUNTA LARGA 6'' INDUSTRIAL 30% AHORRO,THT220606S,CHM-THT220606S,PEND-THT220606S,2951.76,,,unidad,unidad,1.0,0,Herramientas,Discos y Corte,,,
ALICATE DE CORTE DIAGONAL 6'' INDUSTRIAL,THT230606,CHM-THT230606,PEND-THT230606,2409.6,,,unidad,unidad,1.0,0,Herramientas,Discos y Corte,,,
JUEGO DE DESTORNILLADOR 2 PIEZAS INDUSTRIAL,THT250201,CHM-THT250201,PEND-THT250201,1997.96,,,set,set,1.0,0,General,Otros,,,
JUEGO DE DESTORNILLADOR 4 PIEZAS INDUSTRIAL,THT250604,CHM-THT250604,PEND-THT250604,3403.56,,,set,set,1.0,0,General,Otros,,,
JUEGO DE DESATORNILLADOR 8 PIEZAS INDUSTRIAL,THT250608,CHM-THT250608,PEND-THT250608,7068.16,,,set,set,1.0,0,General,Otros,,,
DESTORNILLADOR FLEXIBLE 12 PUNTAS TOTAL,THT250FL1206,CHM-THT250FL1206,PEND-THT250FL1206,3453.76,,,unidad,unidad,1.0,0,General,Otros,,,
ALICATE PELICANO 10'' SUJECION MAX 50MM INDUSTRIAL,THT281005,CHM-THT281005,PEND-THT281005,5271.0,,,unidad,unidad,1.0,0,Herramientas,Discos y Corte,,,
ALICATE PELICANO 10'' SUJECION MAX 40MM INDUSTRIAL,THT281006,CHM-THT281006,PEND-THT281006,4056.16,,,unidad,unidad,1.0,0,Herramientas,Discos y Corte,,,
TENAZA 8'' INDUSTRIAL,THT2881,CHM-THT2881,PEND-THT2881,2851.36,,,unidad,unidad,1.0,0,General,Otros,,,
DETECTOR DE VOLTAGE,THT2910003,CHM-THT2910003,PEND-THT2910003,7655.5,,,unidad,unidad,1.0,0,General,Otros,,,
DESTORNILLADOR TEST ELECTRICO 100 A 500 V,THT291908,CHM-THT291908,PEND-THT291908,592.36,,,unidad,unidad,1.0,0,General,Otros,,,
ENGRAPADORA 4-14MM,THT31141,CHM-THT31141,PEND-THT31141,6024.0,,,unidad,unidad,1.0,0,General,Otros,,,
ENGRAPADORA METALICA 3 EN 1,THT31143,CHM-THT31143,PEND-THT31143,6375.4,,,unidad,unidad,1.0,0,General,Otros,,,
"REMACHADORA MANUAL 10,5'' 2-5MM",THT32104,CHM-THT32104,PEND-THT32104,2911.6,,,unidad,unidad,1.0,0,General,Otros,,,
"REMACHADORA POP 10,5"" INDUSTRIAL",THT32105,CHM-THT32105,PEND-THT32105,4959.76,,,unidad,unidad,1.0,0,General,Otros,,,
"CAJA GRAPAS 8X0,7MM 1000PZAS",THT3981,CHM-THT3981,PEND-THT3981,602.4,,,unidad,unidad,1.0,0,General,Otros,,,
CAJA GRAPAS 8X1.2MM 1000PZAS,THT3982,CHM-THT3982,PEND-THT3982,753.0,,,set,set,1.0,0,General,Otros,,,
CINCEL PARA MADERA 12MM INDUSTRIAL,THT41126,CHM-THT41126,PEND-THT41126,3212.8,,,unidad,unidad,1.0,0,General,Otros,,,
CINCEL PARA MADERA 14MM INDUSTRIAL,THT41146,CHM-THT41146,PEND-THT41146,2761.0,,,unidad,unidad,1.0,0,General,Otros,,,
CINCEL PARA MADERA 16MM INDUSTRIAL,THT41166,CHM-THT41166,PEND-THT41166,3162.6,,,unidad,unidad,1.0,0,General,Otros,,,
CINCEL PARA MADERA 22MM INDUSTRIAL,THT41226,CHM-THT41226,PEND-THT41226,3162.6,,,unidad,unidad,1.0,0,General,Otros,,,
CINCEL PARA MADERA 25MM INDUSTRIAL,THT41256,CHM-THT41256,PEND-THT41256,3614.4,,,unidad,unidad,1.0,0,General,Otros,,,
JUEGO DE CINCELES DE MADERA 4 PIEZAS INDUSTRAIL,THT41K0401,CHM-THT41K0401,PEND-THT41K0401,10883.36,,,set,set,1.0,0,General,Otros,,,
"SERRUCHO PODADOR 12"" TOTAL (SS)",THT51130026,CHM-THT51130026,PEND-THT51130026,3202.76,,,unidad,unidad,1.0,0,General,Otros,,,
SERRUCHO PARA JARDIN 13'' INDUSTRIAL,THT5113306,CHM-THT5113306,PEND-THT5113306,6074.2,,,unidad,unidad,1.0,0,General,Otros,,,
CUCHILLO CARTONERO 18MMX100MM BOTON,THT511816,CHM-THT511816,PEND-THT511816,1029.1,,,unidad,unidad,1.0,0,General,Otros,,,
CUCHILLO CARTONERO 61MM X 19MM 5 HOJAS,THT5126128,CHM-THT5126128,PEND-THT5126128,3604.36,,,unidad,unidad,1.0,0,General,Otros,,,
"TIJERA HOJALATERA AVIADOR CORTE RECTO 10""""",THT522106,CHM-THT522106,PEND-THT522106,5271.0,,,unidad,unidad,1.0,0,General,Otros,,,
"TIJERA HOJALATERA AVIADOR CORTE DERECHO 10""""",THT523106,CHM-THT523106,PEND-THT523106,4467.8,,,unidad,unidad,1.0,0,General,Otros,,,
"TIJERA CORTA METAL 10""",THT524101,CHM-THT524101,PEND-THT524101,6124.4,,,unidad,unidad,1.0,0,General,Otros,,,
"TIJERA HOJALATERA AVIADOR CORTE RECTO 12""",THT525106,CHM-THT525106,PEND-THT525106,5461.76,,,unidad,unidad,1.0,0,General,Otros,,,
"MARCO DE SIERRA PARA METALES 12""""",THT541036,CHM-THT541036,PEND-THT541036,1797.16,,,unidad,unidad,1.0,0,Herramientas,Discos y Corte,,,
"SERRUCHO 22"" M/FIBRA INDUSTRIAL",THT55226,CHM-THT55226,PEND-THT55226,3855.36,,,unidad,unidad,1.0,0,General,Otros,,,
"SERRUCHO COSTILLA 12""",THT59126B,CHM-THT59126B,PEND-THT59126B,3654.56,,,set,set,1.0,0,General,Otros,,,
SET TIZADOR MAS TIZA,THT661301,CHM-THT661301,PEND-THT661301,3313.2,,,unidad,unidad,1.0,0,General,Otros,,,
MARTILLO CARPINTERO MANGO FIBRA DE VIDRIO 20OZ,THT73206,CHM-THT73206,PEND-THT73206,4457.76,,,unidad,unidad,1.0,0,Herramientas,Discos y Corte,,,
MAZO DE GOMA 16 OZ NEGRO,THT761616,CHM-THT761616,PEND-THT761616,3564.2,,,unidad,unidad,1.0,0,General,Otros,,,
HACHA MANGO DE FIBRA 1250GRS,THT7812506,CHM-THT7812506,PEND-THT7812506,10933.56,,,unidad,unidad,1.0,0,General,Otros,,,
HACHA MANO MANGO DE FIBRA 600GRS,THT786006,CHM-THT786006,PEND-THT786006,6013.96,,,unidad,unidad,1.0,0,General,Otros,,,
LLANA LISA (MANGO PLASTICO) 280X130MM,THT81286,CHM-THT81286,PEND-THT81286,3790.1,,,unidad,unidad,1.0,0,General,Otros,,,
ESPATULA DE 100MM - INDUSTRIAL,THT831006,CHM-THT831006,PEND-THT831006,1897.56,,,unidad,unidad,1.0,0,General,Otros,,,
LLANA LISA 230X100 MM,THT832306,CHM-THT832306,PEND-THT832306,2259.0,,,unidad,unidad,1.0,0,General,Otros,,,
ESPATULA INOX 60MM M/FIBRA INDUSTRIAL,THT83606,CHM-THT83606,PEND-THT83606,1495.96,,,unidad,unidad,1.0,0,General,Otros,,,
ESPATULA DE 80MM - INDUSTRIAL,THT83806,CHM-THT83806,PEND-THT83806,1244.96,,,unidad,unidad,1.0,0,General,Otros,,,
CEPILLO ACERO CURVO 10'',THT92102,CHM-THT92102,PEND-THT92102,903.6,,,unidad,unidad,1.0,0,Aceros y Techumbre,Planchas,,,
LLANA PLANA 230 X100 MM SS,THT952316,CHM-THT952316,PEND-THT952316,2058.2,,,unidad,unidad,1.0,0,General,Otros,,,
"CEPILLADORA DE BANCO 10""",THTP0204,CHM-THTP0204,PEND-THTP0204,23885.16,,,un,un,1.0,0,General,Otros,,,
MARTILLO TECHO TIPO FRANCES 600 G,THTRH6006,CHM-THTRH6006,PEND-THTRH6006,4658.56,,,un,un,1.0,0,Herramientas,Discos y Corte,,,
MARTILLO CARPINTERO MANGO FIBRA DE VIDRIO 16OZ (SS),THTS7316,CHM-THTS7316,PEND-THTS7316,3905.56,,,unidad,unidad,1.0,0,Herramientas,Discos y Corte,,,
"DADO DE 6PT DE 1/2"" 22MM",THTST12221,CHM-THTST12221,PEND-THTST12221,1204.8,,,unidad,unidad,1.0,0,General,Otros,,,
LLANA DENTADA 230X100 MM,THTT832306,CHM-THTT832306,PEND-THTT832306,2334.3,,,unidad,unidad,1.0,0,General,Otros,,,
PISTOLA DE RIEGO PLASTICA,THWS010301,CHM-THWS010301,PEND-THWS010301,2700.76,,,unidad,unidad,1.0,0,General,Otros,,,
SET DE ACOPLE RAPIDO 1/2 3 PIEZAS,THWS030301,CHM-THWS030301,PEND-THWS030301,1646.56,,,unidad,unidad,1.0,0,General,Otros,,,
TALADRO INALAMBRICO 20V -10MM 1500 RPM C/LED + 2BATERIAS +1 CARGADOR (NEW),TIDLI20012,CHM-TIDLI20012,PEND-TIDLI20012,63491.454,,,unidad,unidad,1.0,0,Herramientas,Discos y Corte,,,
TALADRO INALAMBRICO 20V 13MM C/LED - 2 BATERIAS 2AH - 1 CARGADOR + 50 ACCESORIOS,TIDLI20031,CHM-TIDLI20031,PEND-TIDLI20031,60229.96,,,un,un,1.0,0,Herramientas,Discos y Corte,,,
TIERRA DE COLOR NEGRA 1/2 KG,TIER006,CHM-TIER006,PEND-TIER006,976.892,,,bolsa,bolsa,1.0,0,General,Otros,,,
LLAVE DE IMPACTO INALAMBRICA 12V - 2 BATERIAS TORQUE 10NM,TIRLI1201,CHM-TIRLI1201,PEND-TIRLI1201,34626.454,,,pcs,pcs,1.0,0,Gasfiteria,Tuberias y Conexiones,,,
ATORNILLADOR DE IMPACTO INALAMBRICA 20V - 2 BATERIAS 2AH - 1 CARGADOR TORQUE 170NM,TIRLI2002,CHM-TIRLI2002,PEND-TIRLI2002,80109.16,,,un,un,1.0,0,General,Otros,,,
"ACANALADA EC 762 X 2500 X 0,30 MM ZINCALUM",TIZECO0302500,CHM-TIZECO0302500,PEND-TIZECO0302500,7424.58,,,unidad,unidad,1.0,0,Construccion,Materiales,,,
"ACANALADA EC 762 X 3000 X 0,30 MM ZINCALUM",TIZECO0303000,CHM-TIZECO0303000,PEND-TIZECO0303000,8909.496,,,unidad,unidad,1.0,0,Construccion,Materiales,,,
"ACANALADA EC 762 X 3660 X 0,30 MM ZINCALUM",TIZECO0303660,CHM-TIZECO0303660,PEND-TIZECO0303660,10869.585120000002,,,unidad,unidad,1.0,0,Construccion,Materiales,,,
"5V EC 819 X 2500 X 0,30 MM ZINCALUM",TIZECO5V0302500,CHM-TIZECO5V0302500,PEND-TIZECO5V0302500,7314.14,,,unidad,unidad,1.0,0,Construccion,Materiales,,,
"5V EC 819 X 3000 X 0,35 MM ZINCALUM",TIZECO5V0353000,CHM-TIZECO5V0353000,PEND-TIZECO5V0353000,10198.632,,,unidad,unidad,1.0,0,Construccion,Materiales,,,
"PLANCHA 5V EC 819 X 3500 X 0,35MM ZINCALUM",TIZECO5V0353500,CHM-TIZECO5V0353500,PEND-TIZECO5V0353500,10830.148,,,UNIDAD,UNIDAD,1.0,0,Construccion,Materiales,,,
"PLANCHA ACANALADA T 762 X 2500 X 0,35MM ZINCALUM",TIZTOL0352500,CHM-TIZTOL0352500,PEND-TIZTOL0352500,8075.172,,,UNIDAD,UNIDAD,1.0,0,Construccion,Materiales,,,
TIJERA CORTA TUBO PVC,TJB001,CHM-TJB001,PEND-TJB001,6585.87856,,,un,un,1.0,0,Gasfiteria,Tuberias y Conexiones,,,
CHAQUETA IMPERMEABLE TALLA L,TJCTC2282.L,CHM-TJCTC2282L,PEND-TJCTC2282L,16515.8,,,un,un,1.0,0,General,Otros,,,
CHAQUETA IMPERMEABLE TALLA XL,TJCTC2282.XL,CHM-TJCTC2282XL,PEND-TJCTC2282XL,16515.8,,,un,un,1.0,0,General,Otros,,,
TIJERA LATA DELUXE 10,TJL210,CHM-TJL210,PEND-TJL210,7308.116,,,unidad,unidad,1.0,0,General,Otros,,,
CEPILLO ELECTRICO 1050 W,TL1108236,CHM-TL1108236,PEND-TL1108236,61946.8,,,unidad,unidad,1.0,0,General,Otros,,,
ROUTER O FRESADORA ELECTRICA 500W INDUSTRIAL 6MM 1/4,TLT5001,CHM-TLT5001,PEND-TLT5001,38945.16,,,unidad,unidad,1.0,0,General,Otros,,,
CINTA METRICA DE ACERO 3MX16MM PRO,TMT126031,CHM-TMT126031,PEND-TMT126031,1204.8,,,unidad,unidad,1.0,0,Aceros y Techumbre,Planchas,,,
CINTA METRICA DE ACERO 5MX9MM PRO,TMT126051,CHM-TMT126051,PEND-TMT126051,1757.0,,,unidad,unidad,1.0,0,Aceros y Techumbre,Planchas,,,
CINTA METRICA DE ACERO 5MX25MM PRO,TMT126052,CHM-TMT126052,PEND-TMT126052,2349.36,,,set,set,1.0,0,Aceros y Techumbre,Planchas,,,
CINTA METRICA DE ACERO 8MX25MM PRO,TMT126081,CHM-TMT126081,PEND-TMT126081,3303.16,,,unidad,unidad,1.0,0,Aceros y Techumbre,Planchas,,,
CINTA METRICA DE ACERO 10MX25MM PRO,TMT126101,CHM-TMT126101,PEND-TMT126101,3689.7,,,unidad,unidad,1.0,0,Aceros y Techumbre,Planchas,,,
NIVEL DE ALUMINIO 2 AGUAS 60CMS,TMT26036,CHM-TMT26036,PEND-TMT26036,2901.56,,,unidad,unidad,1.0,0,General,Otros,,,
MULTIMETRO DIGITAL,TMT46001,CHM-TMT46001,PEND-TMT46001,6375.4,,,unidad,unidad,1.0,0,General,Otros,,,
"TORNILLO BANCO 3"" UYUSTOOLS",TOB203,CHM-TOB203,PEND-TOB203,43778.416,,,unidad,unidad,1.0,0,Ferreteria,Fijaciones,,,
"TORNILLO CABEZA DE LENTEJA CON BROCA 8X1"" 1000UN/SET",TOLB81,CHM-TOLB81,PEND-TOLB81,18103.48544,,,set,set,1.0,0,Ferreteria,Fijaciones,,,
"TORNILLO CABEZA DE LENTEJA CON BROCA 8X3/4"" 1000UN/SET",TOLB834,CHM-TOLB834,PEND-TOLB834,17231.38092,,,set,set,1.0,0,Ferreteria,Fijaciones,,,
"ASIENTO MODERNO UNIVERSAL REFORZADO, CON TAPA INYECTADA DE COBERTURA TOTAL, AMORTIGUADORES EN PARTE",TOV/PP*BR1,CHM-TOVPPBR1,PEND-TOVPPBR1,5504.932,,,unidad,unidad,1.0,0,Hogar,Banio y Decoracion,,,
"TOSTADOR DE PAN, TP-1310NG, 4 REBANADAS DE PAN, NEGRO, 1300 WATTS.",TP-1310NG,CHM-TP-1310NG,PEND-TP-1310NG,17001.85648,,,unidad,unidad,1.0,0,General,Otros,,,
TOSTADORES DE PAN TP-710NG,TP-710NG,CHM-TP-710NG,PEND-TP-710NG,10623.50472,,,unidad,unidad,1.0,0,General,Otros,,,
"MOTOBOMBA 1"""" 100 L/MIN 2,5 HP/105CC BENCINA - INDUSTRIAL",TP3101,CHM-TP3101,PEND-TP3101,115911.8,,,und,und,1.0,0,General,Otros,,,
"MOTOBOMBA 2"""" 550 L/MIN 7 HP/208CC BENCINA - INDUSTRIAL",TP3202,CHM-TP3202,PEND-TP3202,160640.0,,,und,und,1.0,0,General,Otros,,,
"MOTOBOMBA 3"""" 1.000 L/MIN 7 HP/208CC BENCINA - INDUSTRIAL",TP3302,CHM-TP3302,PEND-TP3302,179716.0,,,und,und,1.0,0,General,Otros,,,
ORILLADORA DESMALEZADORA BENCINERA 2HP,TP5434421,CHM-TP5434421,PEND-TP5434421,121735.0,,,und,und,1.0,0,General,Otros,,,
"PLACA COMPACTADORA 4.200 VPM, 6,5 HP - 90 KGS",TP7100-2,CHM-TP7100-2,PEND-TP7100-2,473827.76,,,unidad,unidad,1.0,0,General,Otros,,,
"MALETA PLASTICA 17"" 15 KILOS (SS)",TPBX0171,CHM-TPBX0171,PEND-TPBX0171,7168.56,,,un,un,1.0,0,General,Otros,,,
"MALETA PLASTICA 20"" 15 KILOS (SS)",TPBX0201,CHM-TPBX0201,PEND-TPBX0201,12088.16,,,un,un,1.0,0,General,Otros,,,
"JUEGO DE 2 MALETA PLASTICOS (14"" Y 17"") (SS)",TPBXK0021,CHM-TPBXK0021,PEND-TPBXK0021,7680.6,,,set,set,1.0,0,General,Otros,,,
ASIENTO UNIVERSAL SOPLADO TAPA INYECTADA (BLANCO),TPJ,CHM-TPJ,PEND-TPJ,3268.02,,,unidad,unidad,1.0,0,General,Otros,,,
TORNILLO DE REPOSICION PARA TPK/AS Y TOV/SC*BR1,TPKPF1,CHM-TPKPF1,PEND-TPKPF1,596.376,,,unidad,unidad,1.0,0,Ferreteria,Fijaciones,,,
ROMPEPASILLO TOTAL,TPMALB01,CHM-TPMALB01,PEND-TPMALB01,27610.0,,,unidad,unidad,1.0,0,General,Otros,,,
BANDERA TOTAL,TPMGF03,CHM-TPMGF03,PEND-TPMGF03,1807.2,,,un,un,1.0,0,General,Otros,,,
LAVARROPA ASTRA15 LTS. 49X43X28 CMS.,TQ0/X1,CHM-TQ0X1,PEND-TQ0X1,11304.35728,,,unidad,unidad,1.0,0,General,Otros,,,
LAVARROPA ASTRA 24 LTS. 58X52X32 CM. CON DESAGAŒE Y FIJACIONES,TQ2/X1,CHM-TQ2X1,PEND-TQ2X1,18387.46684,,,unidad,unidad,1.0,0,General,Otros,,,
TUBO REC 100 X 50 X 20 X 6000 MM PESO: 27,TR1005020,CHM-TR1005020,PEND-TR1005020,37420.82696,,,tira,tira,1.0,0,Gasfiteria,Tuberias y Conexiones,,,
FRESADORA 1600W - INDUSTRIAL,TR111216,CHM-TR111216,PEND-TR111216,63387.88136,,,unidad,unidad,1.0,0,General,Otros,,,
"TUBO REC. 30 X 20 X 20 X 6000 MM PESO: 8,16",TR302020,CHM-TR302020,PEND-TR302020,11309.4074,,,tira,tira,1.0,0,Gasfiteria,Tuberias y Conexiones,,,
"TUBO REC. 40 X 20 X 20 X 6000 MM PESO: 10,08",TR402020,CHM-TR402020,PEND-TR402020,13970.43912,,,tira,tira,1.0,0,Gasfiteria,Tuberias y Conexiones,,,
"TUBO REC. 40 X 30 X 20 X 6000 MM PESO: 11,94",TR403020,CHM-TR403020,PEND-TR403020,16548.31956,,,tira,tira,1.0,0,Gasfiteria,Tuberias y Conexiones,,,
"TUBO REC. 50 X 20 X 20 X 6000 MM PESO: 11,94",TR502020,CHM-TR502020,PEND-TR502020,16548.31956,,,tira,tira,1.0,0,Gasfiteria,Tuberias y Conexiones,,,
"TUBO REC. 50 X 30 X 20 X 6000 MM PESO: 13,86",TR503020,CHM-TR503020,PEND-TR503020,19209.36132,,,tira,tira,1.0,0,Gasfiteria,Tuberias y Conexiones,,,
"TUBO REC. 60 X 40 X 20 X 6000 MM PESO: 17,58",TR604020,CHM-TR604020,PEND-TR604020,24365.11216,,,tira,tira,1.0,0,Gasfiteria,Tuberias y Conexiones,,,
"TUBO REC. 70 X 30 X 20 X 6000 MM PESO: 17,58",TR703020,CHM-TR703020,PEND-TR703020,24365.11216,,,tira,tira,1.0,0,Gasfiteria,Tuberias y Conexiones,,,
"TUBO REC. 80 X 40 X 20 X 6000 MM PESO: 21,36",TR804020,CHM-TR804020,PEND-TR804020,29604.03436,,,tira,tira,1.0,0,Gasfiteria,Tuberias y Conexiones,,,
TARRAJA 8PCS (TAPS),TRA801,CHM-TRA801,PEND-TRA801,8175.71256,,,set,set,1.0,0,General,Otros,,,
SET DE 5 HOJAS 150 MM SIERRA SABLE PARA MADERA,TRSB611D,CHM-TRSB611D,PEND-TRSB611D,2198.76,,,set,set,1.0,0,Herramientas,Discos y Corte,,,
SIERRA SABLE 750W,TS100806,CHM-TS100806,PEND-TS100806,50842.56,,,un,un,1.0,0,Herramientas,Discos y Corte,,,
"SIERRA CIRCULAR 7 1/4"" - 1600W",TS1161856,CHM-TS1161856,PEND-TS1161856,39141.06048,,,unidad,unidad,1.0,0,Herramientas,Discos y Corte,,,
SIERRA CALADORA 650W,TS206806,CHM-TS206806,PEND-TS206806,27698.854,,,unidad,unidad,1.0,0,Construccion,Materiales,,,
SIERRA CALADORA 800W INDUSTRIAL / 3.000 RPM,TS2081006,CHM-TS2081006,PEND-TS2081006,34626.454,,,un,un,1.0,0,Construccion,Materiales,,,
ESMERIL MULTIFUNCIONAL 300W,TS3006,CHM-TS3006,PEND-TS3006,26746.56,,,unidad,unidad,1.0,0,Herramientas,Discos y Corte,,,
"SIERRA INGLETEADORA 8 1/4"" 1400W - MAX CORTE 120X55MM",TS42142107,CHM-TS42142107,PEND-TS42142107,86434.36,,,un,un,1.0,0,Herramientas,Discos y Corte,,,
SIERRA INGLETEADORA 10'' 1800W - MAX CORTE 140X70MM,TS42182552,CHM-TS42182552,PEND-TS42182552,120469.96,,,un,un,1.0,0,Herramientas,Discos y Corte,,,
"SIERRA INGLETADORA 12"" TELESCOPICA 2400W",TS42183057,CHM-TS42183057,PEND-TS42183057,230908.454,,,unidad,unidad,1.0,0,Herramientas,Discos y Corte,,,
SIERRA CIRCULAR INALAMBRICA 20V 140MM S/B - S/C,TSLI1401,CHM-TSLI1401,PEND-TSLI1401,50842.56,,,unidad,unidad,1.0,0,Herramientas,Discos y Corte,,,
SIERRA CIRCULAR INALAMBRICA 20V 165MM S/B - S/C,TSLI1651,CHM-TSLI1651,PEND-TSLI1651,63392.56,,,unidad,unidad,1.0,0,Herramientas,Discos y Corte,,,
GAFAS PROTECTORAS TRANSPARENTES,TSP304,CHM-TSP304,PEND-TSP304,1144.56,,,pair,pair,1.0,0,General,Otros,,,
GAFAS DE SEGURIDAD,TSP306,CHM-TSP306,PEND-TSP306,1495.96,,,pair,pair,1.0,0,General,Otros,,,
MASCARA DE SOLDAR CON OSCURECIMIENTO AUTOMATICO,TSP9309,CHM-TSP9309,PEND-TSP9309,17509.76,,,pcs,pcs,1.0,0,Electricidad,Cables y Accesorios,,,
GAFAS DE SOLDADOR,TSP9401,CHM-TSP9401,PEND-TSP9401,6867.36,,,unidad,unidad,1.0,0,General,Otros,,,
PISTOLA PARA PEGAR SILICONA 100W,TT101116,CHM-TT101116,PEND-TT101116,4859.36,,,unidad,unidad,1.0,0,General,Otros,,,
PISTOLA DE SILICONA 150W,TT201116,CHM-TT201116,PEND-TT201116,6917.56,,,unidad,unidad,1.0,0,General,Otros,,,
"TUBO RED. 1 1/4 X 1.5 X 6000 MM PESO: 6,72",TT3215,CHM-TT3215,PEND-TT3215,9606.9748,,,tira,tira,1.0,0,Gasfiteria,Tuberias y Conexiones,,,
PISTOLA SOLDADORA DE CAÑERIAS PPR 800W/1500W,TT328151,CHM-TT328151,PEND-TT328151,48483.16,,,un,un,1.0,0,General,Otros,,,
PISTOLA PARA PINTAR 350W,TT3506,CHM-TT3506,PEND-TT3506,23493.6,,,unidad,unidad,1.0,0,General,Otros,,,
"TUBO RED. 1 1/2 X 1.5 X 6000 MM PESO: 8,1",TT3815,CHM-TT3815,PEND-TT3815,11579.8348,,,tira,tira,1.0,0,Gasfiteria,Tuberias y Conexiones,,,
"TUBO RED. 1 1/2 X 2.0 X 6000 MM PESO: 10,68",TT3820,CHM-TT3820,PEND-TT3820,14802.01216,,,tira,tira,1.0,0,Gasfiteria,Tuberias y Conexiones,,,
KIT PISTOLA DE PINTAR 550W INDUSTRIAL,TT5006-2,CHM-TT5006-2,PEND-TT5006-2,34627.96,,,unidad,unidad,1.0,0,General,Otros,,,
"TUBO RED. 2 X 1.5 X 6000 MM PESO: 10,92",TT5115,CHM-TT5115,PEND-TT5115,15611.32652,,,tira,tira,1.0,0,Gasfiteria,Tuberias y Conexiones,,,
"TUBO RED. 2 X 2.0 X 6000 MM PESO: 14,46",TT5120,CHM-TT5120,PEND-TT5120,20040.93436,,,tira,tira,1.0,0,Gasfiteria,Tuberias y Conexiones,,,
"TUBO RED. 2 1/2"""" X 1,5 X 6,000 MM PESO: 13,74",TT6315,CHM-TT6315,PEND-TT6315,19642.82828,,,tira,tira,1.0,0,Gasfiteria,Tuberias y Conexiones,,,
"TUBO RED. 3 X 2.0 X 6000 MM PESO: 21,96",TT7620,CHM-TT7620,PEND-TT7620,30435.6074,,,tira,tira,1.0,0,Gasfiteria,Tuberias y Conexiones,,,
CEPILLO DE BANCO ELECTRICO 1500W,TTKP15001,CHM-TTKP15001,PEND-TTKP15001,284272.56,,,unidad,unidad,1.0,0,General,Otros,,,
PORTAELECTRODO CORRIENTE 300A,TWAH3006,CHM-TWAH3006,PEND-TWAH3006,3453.76,,,unidad,unidad,1.0,0,General,Otros,,,
ESMALTE SINTETICO CON AC TX NEGRO GALON,TXESA-Q9010GL0_RM,CHM-TXESA-Q9010GL0_RM,PEND-TXESA-Q9010GL0_RM,15652.36,,,gl,gl,1.0,0,Pinturas,Aplicacion,,,
ESMALTE SINTETICO CON AC TX NEGRO 1/4 GALON,TXESA-Q9010KL0_RM,CHM-TXESA-Q9010KL0_RM,PEND-TXESA-Q9010KL0_RM,4231.86,,,gl,gl,1.0,0,Pinturas,Aplicacion,,,
ESMALTE SINTETICO CON AC TX BLANCO GALON,TXESA-Q9020GL0_RM,CHM-TXESA-Q9020GL0_RM,PEND-TXESA-Q9020GL0_RM,15652.36,,,gl,gl,1.0,0,Pinturas,Aplicacion,,,
ESMALTE SINTETICO CON AC TX BLANCO 1/4 GALON,TXESA-Q9020KL0_RM,CHM-TXESA-Q9020KL0_RM,PEND-TXESA-Q9020KL0_RM,4231.86,,,gl,gl,1.0,0,Pinturas,Aplicacion,,,
LATEX ACRILICO TX BLANCO TINETA (4 GAL),TXLAC-Q9020TP4_RM,CHM-TXLAC-Q9020TP4_RM,PEND-TXLAC-Q9020TP4_RM,13554.0,,,tn,tn,1.0,0,General,Otros,,,
COBERTOR CORAL BLUE 20P I20,TXPMCI20BL20P,CHM-TXPMCI20BL20P,PEND-TXPMCI20BL20P,17570.0,,,unidad,unidad,1.0,0,General,Otros,,,
COBERTOR CORAL LILAC 20P I20,TXPMCI20LI20P,CHM-TXPMCI20LI20P,PEND-TXPMCI20LI20P,17570.0,,,unidad,unidad,1.0,0,General,Otros,,,
"TENSOR ZINC DE CABLE C+C 3/16"" UYUSTOOLS",TZCC316,CHM-TZCC316,PEND-TZCC316,1370.46,,,un,un,1.0,0,Aceros y Techumbre,Planchas,,,
TIZALINEA CON TIZA 30M AMAR./NEGRO GRANDE,TZT030,CHM-TZT030,PEND-TZT030,4109.372,,,set,set,1.0,0,General,Otros,,,
TIZALINEA CON TIZA BICOLOR,TZT130,CHM-TZT130,PEND-TZT130,3881.37364,,,set,set,1.0,0,General,Otros,,,
MANGA UV SUR INVERNADERO 2T 200X015 (80MTS),U2TS.20015.1.GN,CHM-U2TS200151GN,PEND-U2TS200151GN,175921.90407999998,,,rl,rl,1.0,0,General,Otros,,,
MANGA UV SUR INVERNADERO 2T 300X015 (50MTS),U2TS.30015.1.GN,CHM-U2TS300151GN,PEND-U2TS300151GN,152640.128,,,Rl,Rl,1.0,0,General,Otros,,,
MANGA UV SUR INVERNADERO 2T 400X015 (40MTS),U2TS.40015.1.GN,CHM-U2TS400151GN,PEND-U2TS400151GN,164789.532,,,Rl,Rl,1.0,0,General,Otros,,,
MANGA UV2T. SUR. NIQ. AB1L. FUE. 400X150 (40 MT),U2TS.40015.1.GN,CHM-U2TS400151GN,PEND-U2TS400151GN,164789.532,,,rl,rl,1.0,0,General,Otros,,,
UÑETA METALICA ZINCADA 15*9*2 M/M,UMTZ,CHM-UMTZ,PEND-UMTZ,1093.356,,,unidad,unidad,1.0,0,Aceros y Techumbre,Planchas,,,
CINTA DT11 SILVER 48MM 55MT DUCT TAPE,UU-0093-0163-9,CHM-UU-0093-0163-9,PEND-UU-0093-0163-9,7321.168,,,unidad,unidad,1.0,0,General,Otros,,,
TEMFLEX 165 19MM X 18M NEGRA,UU-0094-7247-1,CHM-UU-0094-7247-1,PEND-UU-0094-7247-1,1418.93312,,,rollo,rollo,1.0,0,General,Otros,,,
TEMFLEX 165 19MM X 9M NEGRA,UU-0103-4123-6,CHM-UU-0103-4123-6,PEND-UU-0103-4123-6,757.83928,,,rollo,rollo,1.0,0,General,Otros,,,
TEMFLEX 165 19MM X 9M ROJA,UU-0103-4124-4,CHM-UU-0103-4124-4,PEND-UU-0103-4124-4,757.83928,,,rollo,rollo,1.0,0,General,Otros,,,
TEMFLEX 165 19MM X 9M BLANCA,UU-0103-4125-1,CHM-UU-0103-4125-1,PEND-UU-0103-4125-1,757.83928,,,rollo,rollo,1.0,0,General,Otros,,,
TEMFLEX 165 19MM X 9M VERDE,UU-0103-4127-7,CHM-UU-0103-4127-7,PEND-UU-0103-4127-7,757.83928,,,rollo,rollo,1.0,0,General,Otros,,,
TEMFLEX 165 19MM X 9M AZUL,UU-0103-4128-5,CHM-UU-0103-4128-5,PEND-UU-0103-4128-5,757.83928,,,rollo,rollo,1.0,0,General,Otros,,,
VENTANA CORREDERA 50X50 L- 4000 COLOR MATE CRISTAL SEMILLA 3MM,V050X050M,CHM-V050X050M,PEND-V050X050M,17556.948,,,unidad,unidad,1.0,0,General,Otros,,,
VENTANA CORREDERA 120X100 L- 4000 COLOR MATE CRISTAL INCOLORO 3MM,V1.2X1M,CHM-V12X1M,PEND-V12X1M,28395.128,,,unidad,unidad,1.0,0,General,Otros,,,
VENTANA CORREDERA 150X150 L- 4000 COLOR MATE CRISTAL INCOLORO 3MM,V1.50X1.50M,CHM-V150X150M,PEND-V150X150M,55391.684,,,unidad,unidad,1.0,0,General,Otros,,,
VANITORIO MUEBLE 2620,V2620,CHM-V2620,PEND-V2620,33111.92,,,unidad,unidad,1.0,0,General,Otros,,,
LIQUIDO DE FRENOS FUTUROIL DOT 3 CAJA (12X300CC),VLLDFF010001-7,CHM-VLLDFF010001-7,PEND-VLLDFF010001-7,12987.27212,,,caja,caja,1.0,0,General,Otros,,,
VENTANA ALUMINIO MATE 1000X1000,VW1000x1000,CHM-VW1000X1000,PEND-VW1000X1000,20080.0,,,UNIDAD,UNIDAD,1.0,0,General,Otros,,,
VENTANA ALUMINIO MATE 1210 X 1000,VW1210X1000,CHM-VW1210X1000,PEND-VW1210X1000,34580.772,,,unidad,unidad,1.0,0,General,Otros,,,
VENTANA 460X550 C/CELOSIA,VW460X550CEL,CHM-VW460X550CEL,PEND-VW460X550CEL,18188.464,,,unidad,unidad,1.0,0,General,Otros,,,
VENTANA CURVA MATE 600 X 600 INCOLORO,VW600x600INC,CHM-VW600X600INC,PEND-VW600X600INC,25526.7,,,unidad,unidad,1.0,0,General,Otros,,,
ALARGADOR MACROTEL NEGRO 5MT 5POS,W729-3NEGR,CHM-W729-3NEGR,PEND-W729-3NEGR,5863.36,,,unidad,unidad,1.0,0,General,Otros,,,
PULVERIZADOR MANUAL WULKAN 15 LITROS,WK-KSM-15,CHM-WK-KSM-15,PEND-WK-KSM-15,38008.428,,,unidad,unidad,1.0,0,General,Otros,,,
FILTRO PARA RESPIRADOR (50 PARES X CJA),XA-0100-1561-9,CHM-XA-0100-1561-9,PEND-XA-0100-1561-9,7463.736,,,par,par,1.0,0,General,Otros,,,
PAÑO ESPONJA (CELULOSA) X3 SCOTCH-BRITE®,XB-0024-0072-8,CHM-XB-0024-0072-8,PEND-XB-0024-0072-8,2128.48,,,un,un,1.0,0,General,Otros,,,
CINTA ELECTRICA SCOTCH 1500 NEGRO 18MM X 5M  (100 UNID/CAJA),XE-0024-7008-8,CHM-XE-0024-7008-8,PEND-XE-0024-7008-8,421.68,,,rollo,rollo,1.0,0,General,Otros,,,
CINTA ELECTRICA SCOTCH 1500 NEGRO 18MM X 10M  (200 UNID/CAJA),XE-0024-7009-6,CHM-XE-0024-7009-6,PEND-XE-0024-7009-6,808.22,,,rollo,rollo,1.0,0,General,Otros,,,
CINTA ELECTRICA SCOTCH 1500 NEGRO 18MM X 20M (200 UNID/CAJA),XE-0024-7010-4,CHM-XE-0024-7010-4,PEND-XE-0024-7010-4,1314.236,,,Rollo,Rollo,1.0,0,General,Otros,,,
MOPA ULTRASEC CON MANGO,XN-0024-0336-0,CHM-XN-0024-0336-0,PEND-XN-0024-0336-0,4169.612,,,un,un,1.0,0,General,Otros,,,
PACK SILICONA + RENOVADOR 0900 - CAR CARE,XS-0024-0105-6,CHM-XS-0024-0105-6,PEND-XS-0024-0105-6,5848.3,,,un,un,1.0,0,General,Otros,,,
SILICONA EN SPRAY 08301 - CAR CARE,XS-0024-0107-2,CHM-XS-0024-0107-2,PEND-XS-0024-0107-2,3966.56304,,,un,un,1.0,0,General,Otros,,,
CERA EN SPRAY 08400 - CAR CARE,XS-0024-0108-0,CHM-XS-0024-0108-0,PEND-XS-0024-0108-0,4200.36452,,,un,un,1.0,0,General,Otros,,,
LLAVE ALLEN DELUXE CORTO 9PCS,YAA901,CHM-YAA901,PEND-YAA901,4976.51676,,,set,set,1.0,0,Gasfiteria,Tuberias y Conexiones,,,
CINTA EMBALAJE 301C 48MMX40YD,YD-0060-0300-2,CHM-YD-0060-0300-2,PEND-YD-0060-0300-2,620.78324,,,rollo,rollo,1.0,0,General,Otros,,,
CINTA EMBALAJE 301T 48MMX40YD,YD-0060-0301-0,CHM-YD-0060-0301-0,PEND-YD-0060-0301-0,457.824,,,rollo,rollo,1.0,0,General,Otros,,,
LLAVE FRANCESA MANGO PLASTICO 6 AMARILLO,YFP006,CHM-YFP006,PEND-YFP006,3019.028,,,un,un,1.0,0,Gasfiteria,Tuberias y Conexiones,,,
LLAVE FRANCESA MANGO PLASTICO 12 AMAR,YFP012,CHM-YFP012,PEND-YFP012,8757.892,,,un,un,1.0,0,Gasfiteria,Tuberias y Conexiones,,,
LLAVE BUJIA 16MM,YGA016,CHM-YGA016,PEND-YGA016,3374.444,,,unidad,unidad,1.0,0,Gasfiteria,Tuberias y Conexiones,,,
LLAVE BUJIA 16/21MM 2 EN 1 TAIWAN,YGA201,CHM-YGA201,PEND-YGA201,8133.02248,,,un,un,1.0,0,Gasfiteria,Tuberias y Conexiones,,,
LLAVE MANDRIL 13MM,YMA013,CHM-YMA013,PEND-YMA013,747.98,,,unidad,unidad,1.0,0,Gasfiteria,Tuberias y Conexiones,,,
LLAVE COMBINADA 14PCS ALE-MAN (6-24MM).,YOS014,CHM-YOS014,PEND-YOS014,8787.008,,,set,set,1.0,0,Gasfiteria,Tuberias y Conexiones,,,
LLAVE COMB. CR-V.11PCS/SET CROMADO,YOS611-24,CHM-YOS611-24,PEND-YOS611-24,16508.24992,,,set,set,1.0,0,Gasfiteria,Tuberias y Conexiones,,,
LLAVE COMB. 12PCS CR-V SATIN FERRAWYY,YOS912,CHM-YOS912,PEND-YOS912,19857.29272,,,set,set,1.0,0,Gasfiteria,Tuberias y Conexiones,,,
LLAVE COMBINADA 13MM UYUSTOOLS--ZG,YOZ013,CHM-YOZ013,PEND-YOZ013,1935.712,,,unidad,unidad,1.0,0,Gasfiteria,Tuberias y Conexiones,,,
"LLAVE CRUZ CROMADO 14"" UYU",YXC14U,CHM-YXC14U,PEND-YXC14U,13528.9,,,unidad,unidad,1.0,0,Gasfiteria,Tuberias y Conexiones,,,
FLEXIBLE 1/2 X 1/2 HI HI 55 CM.( AGUA ),ZL-1B-55,CHM-ZL-1B-55,PEND-ZL-1B-55,1367.2974,,,unidad,unidad,1.0,0,General,Otros,,,
FLEXIBLE 55 CM. HI HE 1/2X1/2 ( AGUA ),ZL-5B-55,CHM-ZL-5B-55,PEND-ZL-5B-55,1690.40468,,,unidad,unidad,1.0,0,General,Otros,,,
"PL ZINC  5V 0,30 ZA 3000 AZ80",AUTO-PL-ZINC-5V-0-30-ZA-3000-AZ80,CHM-AUTO-PL-ZINC-5V-0-30-ZA-3000,PEND-AUTO-PL-ZINC-5V-0-30-ZA-3000-AZ80,,9980.0,9980.0,PL,PL,,0,Aceros y Techumbre,Planchas,,,
"PL  ZINC  5V 0,30 ZA 3500 AZ80",AUTO-PL-ZINC-5V-0-30-ZA-3500-AZ80,CHM-AUTO-PL-ZINC-5V-0-30-ZA-3500,PEND-AUTO-PL-ZINC-5V-0-30-ZA-3500-AZ80,,12000.0,12000.0,PL,PL,,0,Aceros y Techumbre,Planchas,,,
"PL  ZINC 5V 0,35 ZA 3500 AZ80",AUTO-PL-ZINC-5V-0-35-ZA-3500-AZ80,CHM-AUTO-PL-ZINC-5V-0-35-ZA-3500,PEND-AUTO-PL-ZINC-5V-0-35-ZA-3500-AZ80,,13500.0,13500.0,Unidad,Unidad,,0,Aceros y Techumbre,Planchas,,,
"PL ZINC  AC  0,30 ZA 2000 AZ80",AUTO-PL-ZINC-AC-0-30-ZA-2000-AZ80,CHM-AUTO-PL-ZINC-AC-0-30-ZA-2000,PEND-AUTO-PL-ZINC-AC-0-30-ZA-2000-AZ80,,6980.0,6980.0,Unidad,Unidad,,0,Aceros y Techumbre,Planchas,,,
"PL ZINC  AC  0,30 ZA 2500 AZ80",AUTO-PL-ZINC-AC-0-30-ZA-2500-AZ80,CHM-AUTO-PL-ZINC-AC-0-30-ZA-2500,PEND-AUTO-PL-ZINC-AC-0-30-ZA-2500-AZ80,,8750.0,8750.0,Unidad,Unidad,,0,Aceros y Techumbre,Planchas,,,
"PL ZINC  AC  0,30 ZA 3000 AZ80",AUTO-PL-ZINC-AC-0-30-ZA-3000-AZ80,CHM-AUTO-PL-ZINC-AC-0-30-ZA-3000,PEND-AUTO-PL-ZINC-AC-0-30-ZA-3000-AZ80,,10200.0,10200.0,Unidad,Unidad,,0,Aceros y Techumbre,Planchas,,,
"PL ZINC  AC  0,30 ZA 3660 AZ80",AUTO-PL-ZINC-AC-0-30-ZA-3660-AZ80,CHM-AUTO-PL-ZINC-AC-0-30-ZA-3660,PEND-AUTO-PL-ZINC-AC-0-30-ZA-3660-AZ80,,12800.0,12800.0,Unidad,Unidad,,0,Aceros y Techumbre,Planchas,,,
"PL ZINC  AC  0,35 ZA 2000 AZ80",AUTO-PL-ZINC-AC-0-35-ZA-2000-AZ80,CHM-AUTO-PL-ZINC-AC-0-35-ZA-2000,PEND-AUTO-PL-ZINC-AC-0-35-ZA-2000-AZ80,,7000.0,7000.0,Unidad,Unidad,,0,Aceros y Techumbre,Planchas,,,
"PL ZINC  AC  0,35 ZA 2500 AZ80",AUTO-PL-ZINC-AC-0-35-ZA-2500-AZ80,CHM-AUTO-PL-ZINC-AC-0-35-ZA-2500,PEND-AUTO-PL-ZINC-AC-0-35-ZA-2500-AZ80,,10700.0,10700.0,Unidad,Unidad,,0,Aceros y Techumbre,Planchas,,,
"PL ZINC  AC  0,35 ZA 3000 AZ80",AUTO-PL-ZINC-AC-0-35-ZA-3000-AZ80,CHM-AUTO-PL-ZINC-AC-0-35-ZA-3000,PEND-AUTO-PL-ZINC-AC-0-35-ZA-3000-AZ80,,11500.0,11500.0,Unidad,Unidad,,0,Aceros y Techumbre,Planchas,,,
"PL ZINC  AC  0,35 ZA 3660 AZ80",AUTO-PL-ZINC-AC-0-35-ZA-3660-AZ80,CHM-AUTO-PL-ZINC-AC-0-35-ZA-3660,PEND-AUTO-PL-ZINC-AC-0-35-ZA-3660-AZ80,,13500.0,13500.0,Unidad,Unidad,,0,Aceros y Techumbre,Planchas,,,
"PL ZINC LISO  2000.  0,35",AUTO-PL-ZINC-LISO-2000-0-35,CHM-AUTO-PL-ZINC-LISO-2000-0-35,PEND-AUTO-PL-ZINC-LISO-2000-0-35,,7980.0,7980.0,Unidad,Unidad,,0,Aceros y Techumbre,Planchas,,,
"PL ZINC LISO  2500 . 0,35",AUTO-PL-ZINC-LISO-2500-0-35,CHM-AUTO-PL-ZINC-LISO-2500-0-35,PEND-AUTO-PL-ZINC-LISO-2500-0-35,,10200.0,10200.0,Unidad,Unidad,,0,Aceros y Techumbre,Planchas,,,
"PL ZINC LISO  3000 .  0,35",AUTO-PL-ZINC-LISO-3000-0-35,CHM-AUTO-PL-ZINC-LISO-3000-0-35,PEND-AUTO-PL-ZINC-LISO-3000-0-35,,17500.0,17500.0,Unidad,Unidad,,0,Aceros y Techumbre,Planchas,,,
