Punto_ID,Elemento_ID,Coordenada_X,Coordenada_Y,Normalizado_X,Normalizado_Y
1,1,355,367,0.3467,0.8456
2,1,354,368,0.3457,0.8479
3,1,354,370,0.3457,0.8525
4,1,355,371,0.3467,0.8548
5,1,356,371,0.3477,0.8548
6,1,359,374,0.3506,0.8618
7,1,360,374,0.3516,0.8618
8,1,363,377,0.3545,0.8687
9,1,364,377,0.3555,0.8687
10,1,367,380,0.3584,0.8756
11,1,368,380,0.3594,0.8756
12,1,371,383,0.3623,0.8825
13,1,372,383,0.3633,0.8825
14,1,373,384,0.3643,0.8848
15,1,373,385,0.3643,0.8871
16,1,372,386,0.3633,0.8894
17,1,373,387,0.3643,0.8917
18,1,373,389,0.3643,0.8963
19,1,376,392,0.3672,0.9032
20,1,377,392,0.3682,0.9032
21,1,378,393,0.3691,0.9055
22,1,379,393,0.3701,0.9055
23,1,380,392,0.3711,0.9032
24,1,381,392,0.3721,0.9032
25,1,382,391,0.373,0.9009
26,1,383,391,0.374,0.9009
27,1,383,390,0.374,0.8986
28,1,384,389,0.375,0.8963
29,1,384,384,0.375,0.8848
30,1,381,381,0.3721,0.8779
31,1,376,381,0.3672,0.8779
32,1,375,382,0.3662,0.8802
33,1,373,380,0.3643,0.8756
34,1,372,380,0.3633,0.8756
35,1,370,378,0.3613,0.871
36,1,369,378,0.3604,0.871
37,1,366,375,0.3574,0.8641
38,1,365,375,0.3564,0.8641
39,1,363,373,0.3545,0.8594
40,1,362,373,0.3535,0.8594
41,1,359,370,0.3506,0.8525
42,1,358,370,0.3496,0.8525
43,10,322,361,0.3145,0.8318
44,10,322,363,0.3145,0.8364
45,10,321,364,0.3135,0.8387
46,10,321,365,0.3135,0.841
47,10,320,366,0.3125,0.8433
48,10,318,366,0.3105,0.8433
49,10,320,366,0.3125,0.8433
50,10,321,367,0.3135,0.8456
51,10,320,368,0.3125,0.8479
52,10,317,368,0.3096,0.8479
53,10,316,367,0.3086,0.8456
54,10,315,367,0.3076,0.8456
55,10,314,368,0.3066,0.8479
56,10,313,367,0.3057,0.8456
57,10,313,366,0.3057,0.8433
58,10,314,365,0.3066,0.841
59,10,315,365,0.3076,0.841
60,10,309,365,0.3018,0.841
61,10,308,364,0.3008,0.8387
62,10,309,363,0.3018,0.8364
63,10,312,363,0.3047,0.8364
64,10,310,363,0.3027,0.8364
65,10,309,362,0.3018,0.8341
66,10,307,362,0.2998,0.8341
67,10,308,362,0.3008,0.8341
68,10,309,363,0.3018,0.8364
69,10,308,364,0.3008,0.8387
70,10,307,364,0.2998,0.8387
71,10,306,365,0.2988,0.841
72,10,305,365,0.2979,0.841
73,10,304,364,0.2969,0.8387
74,10,305,363,0.2979,0.8364
75,10,304,362,0.2969,0.8341
76,10,304,379,0.2969,0.8733
77,10,306,377,0.2988,0.8687
78,10,307,377,0.2998,0.8687
79,10,309,375,0.3018,0.8641
80,10,310,375,0.3027,0.8641
81,10,311,374,0.3037,0.8618
82,10,312,374,0.3047,0.8618
83,10,313,373,0.3057,0.8594
84,10,314,373,0.3066,0.8594
85,10,316,371,0.3086,0.8548
86,10,317,371,0.3096,0.8548
87,10,319,369,0.3115,0.8502
88,10,320,369,0.3125,0.8502
89,10,323,366,0.3154,0.8433
90,10,322,366,0.3145,0.8433
91,10,321,365,0.3135,0.841
92,10,321,364,0.3135,0.8387
93,10,322,363,0.3145,0.8364
94,10,323,364,0.3154,0.8387
95,10,325,362,0.3174,0.8341
96,10,326,363,0.3184,0.8364
97,10,326,362,0.3184,0.8341
98,10,325,362,0.3174,0.8341
99,10,323,364,0.3154,0.8387
100,10,322,363,0.3145,0.8364
101,12,297,357,0.29,0.8226
102,12,297,383,0.29,0.8825
103,12,298,383,0.291,0.8825
104,12,298,357,0.291,0.8226
105,23,289,344,0.2822,0.7926
106,23,289,380,0.2822,0.8756
107,23,290,381,0.2832,0.8779
108,23,290,368,0.2832,0.8479
109,23,291,367,0.2842,0.8456
110,23,291,356,0.2842,0.8203
111,23,290,355,0.2832,0.818
112,23,290,344,0.2832,0.7926
113,35,334,309,0.3262,0.712
114,35,334,323,0.3262,0.7442
115,35,336,325,0.3281,0.7488
116,35,337,325,0.3291,0.7488
117,35,347,335,0.3389,0.7719
118,35,348,335,0.3398,0.7719
119,35,358,345,0.3496,0.7949
120,35,359,345,0.3506,0.7949
121,35,362,348,0.3535,0.8018
122,35,362,349,0.3535,0.8041
123,35,361,350,0.3525,0.8065
124,35,361,351,0.3525,0.8088
125,35,360,352,0.3516,0.8111
126,35,360,357,0.3516,0.8226
127,35,361,358,0.3525,0.8249
128,35,361,359,0.3525,0.8272
129,35,364,362,0.3555,0.8341
130,35,366,362,0.3574,0.8341
131,35,367,363,0.3584,0.8364
132,35,371,363,0.3623,0.8364
133,35,372,362,0.3633,0.8341
134,35,374,362,0.3652,0.8341
135,35,377,359,0.3682,0.8272
136,35,377,358,0.3682,0.8249
137,35,378,357,0.3691,0.8226
138,35,378,352,0.3691,0.8111
139,35,377,351,0.3682,0.8088
140,35,377,350,0.3682,0.8065
141,35,374,347,0.3652,0.7995
142,35,373,347,0.3643,0.7995
143,35,372,346,0.3633,0.7972
144,35,366,346,0.3574,0.7972
145,35,365,347,0.3564,0.7995
146,35,364,347,0.3555,0.7995
147,35,354,337,0.3457,0.7765
148,35,353,337,0.3447,0.7765
149,35,339,323,0.3311,0.7442
150,35,338,323,0.3301,0.7442
151,35,337,322,0.3291,0.7419
152,35,337,321,0.3291,0.7396
153,35,336,320,0.3281,0.7373
154,35,336,309,0.3281,0.712
155,36,314,309,0.3066,0.712
156,36,314,332,0.3066,0.765
157,36,315,332,0.3076,0.765
158,36,322,339,0.3145,0.7811
159,36,323,339,0.3154,0.7811
160,36,332,348,0.3242,0.8018
161,36,333,348,0.3252,0.8018
162,36,343,358,0.335,0.8249
163,36,343,381,0.335,0.8779
164,36,341,383,0.333,0.8825
165,36,340,383,0.332,0.8825
166,36,339,384,0.3311,0.8848
167,36,339,385,0.3311,0.8871
168,36,338,386,0.3301,0.8894
169,36,338,390,0.3301,0.8986
170,36,342,394,0.334,0.9078
171,36,346,394,0.3379,0.9078
172,36,347,393,0.3389,0.9055
173,36,348,393,0.3398,0.9055
174,36,350,391,0.3418,0.9009
175,36,350,385,0.3418,0.8871
176,36,346,381,0.3379,0.8779
177,36,346,356,0.3379,0.8203
178,36,345,355,0.3369,0.818
179,36,344,355,0.3359,0.818
180,36,339,350,0.3311,0.8065
181,36,338,350,0.3301,0.8065
182,36,330,342,0.3223,0.788
183,36,329,342,0.3213,0.788
184,36,321,334,0.3135,0.7696
185,36,320,334,0.3125,0.7696
186,36,316,330,0.3086,0.7604
187,36,316,309,0.3086,0.712
188,37,292,309,0.2852,0.712
189,37,292,331,0.2852,0.7627
190,37,293,332,0.2861,0.765
191,37,294,332,0.2871,0.765
192,37,307,345,0.2998,0.7949
193,37,308,345,0.3008,0.7949
194,37,309,346,0.3018,0.7972
195,37,309,347,0.3018,0.7995
196,37,308,348,0.3008,0.8018
197,37,308,349,0.3008,0.8041
198,37,307,350,0.2998,0.8065
199,37,307,355,0.2998,0.818
200,37,312,360,0.3047,0.8295
201,37,317,360,0.3096,0.8295
202,37,318,359,0.3105,0.8272
203,37,319,359,0.3115,0.8272
204,37,320,358,0.3125,0.8249
205,37,320,357,0.3125,0.8226
206,37,321,356,0.3135,0.8203
207,37,321,350,0.3135,0.8065
208,37,320,349,0.3125,0.8041
209,37,320,348,0.3125,0.8018
210,37,318,346,0.3105,0.7972
211,37,316,346,0.3086,0.7972
212,37,315,345,0.3076,0.7949
213,37,313,345,0.3057,0.7949
214,37,312,346,0.3047,0.7972
215,37,302,336,0.2949,0.7742
216,37,301,336,0.2939,0.7742
217,37,294,329,0.2871,0.7581
218,37,294,309,0.2871,0.712
219,38,281,309,0.2744,0.712
220,38,281,376,0.2744,0.8664
221,38,282,376,0.2754,0.8664
222,38,282,309,0.2754,0.712
223,39,267,309,0.2607,0.712
224,39,267,315,0.2607,0.7258
225,39,266,316,0.2598,0.7281
226,39,266,317,0.2598,0.7304
227,39,263,320,0.2568,0.7373
228,39,262,320,0.2559,0.7373
229,39,256,326,0.25,0.7512
230,39,255,325,0.249,0.7488
231,39,254,325,0.248,0.7488
232,39,253,324,0.2471,0.7465
233,39,249,324,0.2432,0.7465
234,39,248,325,0.2422,0.7488
235,39,247,325,0.2412,0.7488
236,39,244,328,0.2383,0.7558
237,39,244,329,0.2383,0.7581
238,39,243,330,0.2373,0.7604
239,39,223,330,0.2178,0.7604
240,39,223,331,0.2178,0.7627
241,39,224,332,0.2188,0.765
242,39,242,332,0.2363,0.765
243,39,243,333,0.2373,0.7673
244,39,243,334,0.2373,0.7696
245,39,244,335,0.2383,0.7719
246,39,244,337,0.2383,0.7765
247,39,246,339,0.2402,0.7811
248,39,247,339,0.2412,0.7811
249,39,248,340,0.2422,0.7834
250,39,249,340,0.2432,0.7834
251,39,250,341,0.2441,0.7857
252,39,253,341,0.2471,0.7857
253,39,254,340,0.248,0.7834
254,39,256,340,0.25,0.7834
255,39,259,337,0.2529,0.7765
256,39,259,336,0.2529,0.7742
257,39,260,335,0.2539,0.7719
258,39,260,330,0.2539,0.7604
259,39,258,328,0.252,0.7558
260,39,266,320,0.2598,0.7373
261,39,267,320,0.2607,0.7373
262,39,269,318,0.2627,0.7327
263,39,269,309,0.2627,0.712
264,45,379,304,0.3701,0.7005
265,45,378,305,0.3691,0.7028
266,45,377,305,0.3682,0.7028
267,45,374,308,0.3652,0.7097
268,45,374,309,0.3652,0.712
269,45,373,310,0.3643,0.7143
270,45,345,310,0.3369,0.7143
271,45,345,312,0.3369,0.7189
272,45,346,313,0.3379,0.7212
273,45,348,313,0.3398,0.7212
274,45,349,312,0.3408,0.7189
275,45,372,312,0.3633,0.7189
276,45,374,314,0.3652,0.7235
277,45,374,316,0.3652,0.7281
278,45,378,320,0.3691,0.7373
279,45,385,320,0.376,0.7373
280,45,386,319,0.377,0.735
281,45,387,319,0.3779,0.735
282,45,388,318,0.3789,0.7327
283,45,388,317,0.3789,0.7304
284,45,389,316,0.3799,0.7281
285,45,389,315,0.3799,0.7258
286,45,390,314,0.3809,0.7235
287,45,390,310,0.3809,0.7143
288,45,389,309,0.3799,0.712
289,45,389,308,0.3799,0.7097
290,45,386,305,0.377,0.7028
291,45,385,305,0.376,0.7028
292,45,384,304,0.375,0.7005
293,71,225,276,0.2197,0.6359
294,71,222,279,0.2168,0.6429
295,71,221,279,0.2158,0.6429
296,71,218,282,0.2129,0.6498
297,71,217,282,0.2119,0.6498
298,71,213,286,0.208,0.659
299,71,210,286,0.2051,0.659
300,71,209,285,0.2041,0.6567
301,71,208,285,0.2031,0.6567
302,71,207,284,0.2021,0.6544
303,71,203,284,0.1982,0.6544
304,71,202,285,0.1973,0.6567
305,71,201,285,0.1963,0.6567
306,71,200,286,0.1953,0.659
307,71,199,286,0.1943,0.659
308,71,199,287,0.1943,0.6613
309,71,197,289,0.1924,0.6659
310,71,197,295,0.1924,0.6797
311,71,198,296,0.1934,0.682
312,71,198,297,0.1934,0.6843
313,71,200,299,0.1953,0.6889
314,71,201,299,0.1963,0.6889
315,71,202,300,0.1973,0.6912
316,71,204,300,0.1992,0.6912
317,71,205,301,0.2002,0.6935
318,71,206,301,0.2012,0.6935
319,71,207,300,0.2021,0.6912
320,71,209,300,0.2041,0.6912
321,71,210,299,0.2051,0.6889
322,71,211,299,0.2061,0.6889
323,71,214,302,0.209,0.6959
324,71,215,302,0.21,0.6959
325,71,218,305,0.2129,0.7028
326,71,219,305,0.2139,0.7028
327,71,222,308,0.2168,0.7097
328,71,223,308,0.2178,0.7097
329,71,226,311,0.2207,0.7166
330,71,260,311,0.2539,0.7166
331,71,260,309,0.2539,0.712
332,71,227,309,0.2217,0.712
333,71,223,305,0.2178,0.7028
334,71,222,305,0.2168,0.7028
335,71,218,301,0.2129,0.6935
336,71,217,301,0.2119,0.6935
337,71,213,297,0.208,0.6843
338,71,213,296,0.208,0.682
339,71,214,295,0.209,0.6797
340,71,214,291,0.209,0.6705
341,71,213,290,0.208,0.6682
342,71,213,289,0.208,0.6659
343,71,215,287,0.21,0.6613
344,71,216,287,0.2109,0.6613
345,71,219,284,0.2139,0.6544
346,71,220,284,0.2148,0.6544
347,71,224,280,0.2188,0.6452
348,71,225,280,0.2197,0.6452
349,71,227,278,0.2217,0.6406
350,71,227,277,0.2217,0.6382
351,71,226,276,0.2207,0.6359
352,73,157,265,0.1533,0.6106
353,73,157,290,0.1533,0.6682
354,73,158,290,0.1543,0.6682
355,73,160,292,0.1562,0.6728
356,73,161,292,0.1572,0.6728
357,73,163,294,0.1592,0.6774
358,73,164,294,0.1602,0.6774
359,73,166,296,0.1621,0.682
360,73,167,296,0.1631,0.682
361,73,168,297,0.1641,0.6843
362,73,169,297,0.165,0.6843
363,73,171,299,0.167,0.6889
364,73,172,299,0.168,0.6889
365,73,173,300,0.1689,0.6912
366,73,174,300,0.1699,0.6912
367,73,176,302,0.1719,0.6959
368,73,177,302,0.1729,0.6959
369,73,178,303,0.1738,0.6982
370,73,179,303,0.1748,0.6982
371,73,181,305,0.1768,0.7028
372,73,182,305,0.1777,0.7028
373,73,184,307,0.1797,0.7074
374,73,185,307,0.1807,0.7074
375,73,186,308,0.1816,0.7097
376,73,187,308,0.1826,0.7097
377,73,189,310,0.1846,0.7143
378,73,190,310,0.1855,0.7143
379,73,192,312,0.1875,0.7189
380,73,193,312,0.1885,0.7189
381,73,194,313,0.1895,0.7212
382,73,195,313,0.1904,0.7212
383,73,197,315,0.1924,0.7258
384,73,200,315,0.1953,0.7258
385,73,201,314,0.1963,0.7235
386,73,202,314,0.1973,0.7235
387,73,204,312,0.1992,0.7189
388,73,204,309,0.1992,0.712
389,73,203,309,0.1982,0.712
390,73,200,306,0.1953,0.7051
391,73,199,306,0.1943,0.7051
392,73,195,302,0.1904,0.6959
393,73,194,302,0.1895,0.6959
394,73,193,301,0.1885,0.6935
395,73,192,301,0.1875,0.6935
396,73,190,299,0.1855,0.6889
397,73,189,299,0.1846,0.6889
398,73,187,297,0.1826,0.6843
399,73,186,297,0.1816,0.6843
400,73,184,295,0.1797,0.6797
401,73,183,295,0.1787,0.6797
402,73,182,294,0.1777,0.6774
403,73,181,294,0.1768,0.6774
404,73,180,293,0.1758,0.6751
405,73,179,293,0.1748,0.6751
406,73,177,291,0.1729,0.6705
407,73,176,291,0.1719,0.6705
408,73,175,290,0.1709,0.6682
409,73,174,290,0.1699,0.6682
410,73,173,289,0.1689,0.6659
411,73,172,289,0.168,0.6659
412,73,171,288,0.167,0.6636
413,73,171,286,0.167,0.659
414,73,170,285,0.166,0.6567
415,73,170,275,0.166,0.6336
416,73,169,275,0.165,0.6336
417,73,169,288,0.165,0.6636
418,73,170,289,0.166,0.6659
419,73,171,289,0.167,0.6659
420,73,173,291,0.1689,0.6705
421,73,174,291,0.1699,0.6705
422,73,176,293,0.1719,0.6751
423,73,177,293,0.1729,0.6751
424,73,178,294,0.1738,0.6774
425,73,179,294,0.1748,0.6774
426,73,181,296,0.1768,0.682
427,73,182,296,0.1777,0.682
428,73,183,297,0.1787,0.6843
429,73,184,297,0.1797,0.6843
430,73,186,299,0.1816,0.6889
431,73,187,299,0.1826,0.6889
432,73,188,300,0.1836,0.6912
433,73,189,300,0.1846,0.6912
434,73,191,302,0.1865,0.6959
435,73,192,302,0.1875,0.6959
436,73,194,304,0.1895,0.7005
437,73,195,304,0.1904,0.7005
438,73,196,305,0.1914,0.7028
439,73,197,305,0.1924,0.7028
440,73,199,307,0.1943,0.7074
441,73,200,307,0.1953,0.7074
442,73,202,309,0.1973,0.712
443,73,202,310,0.1973,0.7143
444,73,201,311,0.1963,0.7166
445,73,201,312,0.1963,0.7189
446,73,199,314,0.1943,0.7235
447,73,198,313,0.1934,0.7212
448,73,197,313,0.1924,0.7212
449,73,196,312,0.1914,0.7189
450,73,195,312,0.1904,0.7189
451,73,192,309,0.1875,0.712
452,73,191,309,0.1865,0.712
453,73,189,307,0.1846,0.7074
454,73,188,307,0.1836,0.7074
455,73,187,306,0.1826,0.7051
456,73,186,306,0.1816,0.7051
457,73,184,304,0.1797,0.7005
458,73,183,304,0.1787,0.7005
459,73,182,303,0.1777,0.6982
460,73,181,303,0.1768,0.6982
461,73,179,301,0.1748,0.6935
462,73,178,301,0.1738,0.6935
463,73,176,299,0.1719,0.6889
464,73,175,299,0.1709,0.6889
465,73,173,297,0.1689,0.6843
466,73,172,297,0.168,0.6843
467,73,171,296,0.167,0.682
468,73,170,296,0.166,0.682
469,73,169,295,0.165,0.6797
470,73,168,295,0.1641,0.6797
471,73,166,293,0.1621,0.6751
472,73,165,293,0.1611,0.6751
473,73,163,291,0.1592,0.6705
474,73,162,291,0.1582,0.6705
475,73,161,290,0.1572,0.6682
476,73,160,290,0.1562,0.6682
477,73,159,289,0.1553,0.6659
478,73,159,266,0.1553,0.6129
479,73,158,265,0.1543,0.6106
480,74,435,258,0.4248,0.5945
481,74,434,259,0.4238,0.5968
482,74,434,261,0.4238,0.6014
483,74,435,262,0.4248,0.6037
484,74,435,274,0.4248,0.6313
485,74,434,275,0.4238,0.6336
486,74,434,280,0.4238,0.6452
487,74,433,281,0.4229,0.6475
488,74,432,281,0.4219,0.6475
489,74,431,280,0.4209,0.6452
490,74,431,265,0.4209,0.6106
491,74,430,266,0.4199,0.6129
492,74,430,280,0.4199,0.6452
493,74,431,280,0.4209,0.6452
494,74,432,281,0.4219,0.6475
495,74,429,284,0.4189,0.6544
496,74,429,289,0.4189,0.6659
497,74,430,290,0.4199,0.6682
498,74,428,292,0.418,0.6728
499,74,427,292,0.417,0.6728
500,74,425,294,0.415,0.6774
501,74,424,294,0.4141,0.6774
502,74,422,296,0.4121,0.682
503,74,421,296,0.4111,0.682
504,74,419,298,0.4092,0.6866
505,74,418,298,0.4082,0.6866
506,74,416,300,0.4062,0.6912
507,74,415,300,0.4053,0.6912
508,74,413,302,0.4033,0.6959
509,74,412,302,0.4023,0.6959
510,74,410,304,0.4004,0.7005
511,74,409,304,0.3994,0.7005
512,74,408,305,0.3984,0.7028
513,74,407,305,0.3975,0.7028
514,74,405,307,0.3955,0.7074
515,74,404,307,0.3945,0.7074
516,74,402,309,0.3926,0.712
517,74,401,309,0.3916,0.712
518,74,399,311,0.3896,0.7166
519,74,398,311,0.3887,0.7166
520,74,397,312,0.3877,0.7189
521,74,398,313,0.3887,0.7212
522,74,399,312,0.3896,0.7189
523,74,400,312,0.3906,0.7189
524,74,402,310,0.3926,0.7143
525,74,403,310,0.3936,0.7143
526,74,404,309,0.3945,0.712
527,74,405,309,0.3955,0.712
528,74,407,307,0.3975,0.7074
529,74,408,307,0.3984,0.7074
530,74,410,305,0.4004,0.7028
531,74,411,305,0.4014,0.7028
532,74,413,303,0.4033,0.6982
533,74,414,303,0.4043,0.6982
534,74,415,302,0.4053,0.6959
535,74,416,302,0.4062,0.6959
536,74,418,300,0.4082,0.6912
537,74,419,300,0.4092,0.6912
538,74,421,298,0.4111,0.6866
539,74,422,298,0.4121,0.6866
540,74,423,297,0.4131,0.6843
541,74,424,297,0.4141,0.6843
542,74,426,295,0.416,0.6797
543,74,427,295,0.417,0.6797
544,74,429,293,0.4189,0.6751
545,74,430,293,0.4199,0.6751
546,74,430,292,0.4199,0.6728
547,74,431,291,0.4209,0.6705
548,74,432,292,0.4219,0.6728
549,74,436,292,0.4258,0.6728
550,74,437,291,0.4268,0.6705
551,74,438,291,0.4277,0.6705
552,74,439,290,0.4287,0.6682
553,74,439,289,0.4287,0.6659
554,74,440,288,0.4297,0.6636
555,74,440,286,0.4297,0.659
556,74,439,285,0.4287,0.6567
557,74,439,284,0.4287,0.6544
558,74,436,281,0.4258,0.6475
559,74,436,258,0.4258,0.5945
560,75,398,256,0.3887,0.5899
561,75,398,275,0.3887,0.6336
562,75,399,276,0.3896,0.6359
563,75,397,278,0.3877,0.6406
564,75,396,278,0.3867,0.6406
565,75,394,280,0.3848,0.6452
566,75,394,281,0.3848,0.6475
567,75,393,282,0.3838,0.6498
568,75,393,285,0.3838,0.6567
569,75,394,286,0.3848,0.659
570,75,394,287,0.3848,0.6613
571,75,397,290,0.3877,0.6682
572,75,403,290,0.3936,0.6682
573,75,405,288,0.3955,0.6636
574,75,405,287,0.3955,0.6613
575,75,406,286,0.3965,0.659
576,75,406,281,0.3965,0.6475
577,75,403,278,0.3936,0.6406
578,75,402,278,0.3926,0.6406
579,75,400,276,0.3906,0.6359
580,75,400,257,0.3906,0.5922
581,75,399,256,0.3896,0.5899
582,76,453,251,0.4424,0.5783
583,76,453,252,0.4424,0.5806
584,76,452,253,0.4414,0.5829
585,76,452,298,0.4414,0.6866
586,76,449,301,0.4385,0.6935
587,76,448,301,0.4375,0.6935
588,76,447,302,0.4365,0.6959
589,76,446,302,0.4355,0.6959
590,76,444,304,0.4336,0.7005
591,76,443,304,0.4326,0.7005
592,76,441,306,0.4307,0.7051
593,76,440,306,0.4297,0.7051
594,76,439,307,0.4287,0.7074
595,76,438,307,0.4277,0.7074
596,76,435,310,0.4248,0.7143
597,76,434,310,0.4238,0.7143
598,76,433,311,0.4229,0.7166
599,76,432,311,0.4219,0.7166
600,76,430,313,0.4199,0.7212
601,76,429,313,0.4189,0.7212
602,76,428,314,0.418,0.7235
603,76,427,314,0.417,0.7235
604,76,425,316,0.415,0.7281
605,76,424,316,0.4141,0.7281
606,76,423,317,0.4131,0.7304
607,76,422,317,0.4121,0.7304
608,76,420,319,0.4102,0.735
609,76,419,319,0.4092,0.735
610,76,418,320,0.4082,0.7373
611,76,417,320,0.4072,0.7373
612,76,415,322,0.4053,0.7419
613,76,414,322,0.4043,0.7419
614,76,413,323,0.4033,0.7442
615,76,412,323,0.4023,0.7442
616,76,411,324,0.4014,0.7465
617,76,410,324,0.4004,0.7465
618,76,408,326,0.3984,0.7512
619,76,407,326,0.3975,0.7512
620,76,406,327,0.3965,0.7535
621,76,405,327,0.3955,0.7535
622,76,403,329,0.3936,0.7581
623,76,402,329,0.3926,0.7581
624,76,401,330,0.3916,0.7604
625,76,400,330,0.3906,0.7604
626,76,398,332,0.3887,0.765
627,76,397,332,0.3877,0.765
628,76,395,334,0.3857,0.7696
629,76,394,334,0.3848,0.7696
630,76,392,336,0.3828,0.7742
631,76,391,336,0.3818,0.7742
632,76,390,337,0.3809,0.7765
633,76,389,337,0.3799,0.7765
634,76,387,339,0.3779,0.7811
635,76,386,339,0.377,0.7811
636,76,384,341,0.375,0.7857
637,76,383,341,0.374,0.7857
638,76,382,342,0.373,0.788
639,76,381,342,0.3721,0.788
640,76,381,344,0.3721,0.7926
641,76,382,345,0.373,0.7949
642,76,384,345,0.375,0.7949
643,76,385,344,0.376,0.7926
644,76,386,344,0.377,0.7926
645,76,388,342,0.3789,0.788
646,76,389,342,0.3799,0.788
647,76,391,340,0.3818,0.7834
648,76,392,340,0.3828,0.7834
649,76,393,339,0.3838,0.7811
650,76,394,339,0.3848,0.7811
651,76,396,337,0.3867,0.7765
652,76,397,337,0.3877,0.7765
653,76,398,336,0.3887,0.7742
654,76,399,336,0.3896,0.7742
655,76,401,334,0.3916,0.7696
656,76,402,334,0.3926,0.7696
657,76,403,333,0.3936,0.7673
658,76,404,333,0.3945,0.7673
659,76,406,331,0.3965,0.7627
660,76,407,331,0.3975,0.7627
661,76,408,330,0.3984,0.7604
662,76,409,330,0.3994,0.7604
663,76,410,329,0.4004,0.7581
664,76,411,329,0.4014,0.7581
665,76,413,327,0.4033,0.7535
666,76,414,327,0.4043,0.7535
667,76,415,326,0.4053,0.7512
668,76,416,326,0.4062,0.7512
669,76,418,324,0.4082,0.7465
670,76,419,324,0.4092,0.7465
671,76,421,322,0.4111,0.7419
672,76,422,322,0.4121,0.7419
673,76,423,321,0.4131,0.7396
674,76,424,321,0.4141,0.7396
675,76,426,319,0.416,0.735
676,76,427,319,0.417,0.735
677,76,429,317,0.4189,0.7304
678,76,430,317,0.4199,0.7304
679,76,431,316,0.4209,0.7281
680,76,432,316,0.4219,0.7281
681,76,434,314,0.4238,0.7235
682,76,435,314,0.4248,0.7235
683,76,436,313,0.4258,0.7212
684,76,437,313,0.4268,0.7212
685,76,439,311,0.4287,0.7166
686,76,440,311,0.4297,0.7166
687,76,441,310,0.4307,0.7143
688,76,442,310,0.4316,0.7143
689,76,444,308,0.4336,0.7097
690,76,445,308,0.4346,0.7097
691,76,446,307,0.4355,0.7074
692,76,447,307,0.4365,0.7074
693,76,449,305,0.4385,0.7028
694,76,450,305,0.4395,0.7028
695,76,452,303,0.4414,0.6982
696,76,453,303,0.4424,0.6982
697,76,454,302,0.4434,0.6959
698,76,455,302,0.4443,0.6959
699,76,456,301,0.4453,0.6935
700,76,456,251,0.4453,0.5783
701,77,137,244,0.1338,0.5622
702,77,136,245,0.1328,0.5645
703,77,136,301,0.1328,0.6935
704,77,137,302,0.1338,0.6959
705,77,138,302,0.1348,0.6959
706,77,140,304,0.1367,0.7005
707,77,141,304,0.1377,0.7005
708,77,142,305,0.1387,0.7028
709,77,143,305,0.1396,0.7028
710,77,145,307,0.1416,0.7074
711,77,146,307,0.1426,0.7074
712,77,148,309,0.1445,0.712
713,77,149,309,0.1455,0.712
714,77,150,310,0.1465,0.7143
715,77,151,310,0.1475,0.7143
716,77,153,312,0.1494,0.7189
717,77,154,312,0.1504,0.7189
718,77,156,314,0.1523,0.7235
719,77,157,314,0.1533,0.7235
720,77,158,315,0.1543,0.7258
721,77,159,315,0.1553,0.7258
722,77,161,317,0.1572,0.7304
723,77,162,317,0.1582,0.7304
724,77,163,318,0.1592,0.7327
725,77,164,318,0.1602,0.7327
726,77,166,320,0.1621,0.7373
727,77,167,320,0.1631,0.7373
728,77,169,322,0.165,0.7419
729,77,170,322,0.166,0.7419
730,77,171,323,0.167,0.7442
731,77,172,323,0.168,0.7442
732,77,174,325,0.1699,0.7488
733,77,175,325,0.1709,0.7488
734,77,176,326,0.1719,0.7512
735,77,177,326,0.1729,0.7512
736,77,179,328,0.1748,0.7558
737,77,180,328,0.1758,0.7558
738,77,182,330,0.1777,0.7604
739,77,183,330,0.1787,0.7604
740,77,184,331,0.1797,0.7627
741,77,185,331,0.1807,0.7627
742,77,186,332,0.1816,0.765
743,77,187,332,0.1826,0.765
744,77,189,334,0.1846,0.7696
745,77,190,334,0.1855,0.7696
746,77,192,336,0.1875,0.7742
747,77,193,336,0.1885,0.7742
748,77,194,337,0.1895,0.7765
749,77,195,337,0.1904,0.7765
750,77,196,338,0.1914,0.7788
751,77,197,338,0.1924,0.7788
752,77,199,340,0.1943,0.7834
753,77,200,340,0.1953,0.7834
754,77,202,342,0.1973,0.788
755,77,203,342,0.1982,0.788
756,77,204,343,0.1992,0.7903
757,77,205,343,0.2002,0.7903
758,77,207,345,0.2021,0.7949
759,77,208,345,0.2031,0.7949
760,77,210,347,0.2051,0.7995
761,77,211,347,0.2061,0.7995
762,77,213,349,0.208,0.8041
763,77,214,349,0.209,0.8041
764,77,215,350,0.21,0.8065
765,77,216,350,0.2109,0.8065
766,77,218,352,0.2129,0.8111
767,77,219,352,0.2139,0.8111
768,77,220,353,0.2148,0.8134
769,77,221,353,0.2158,0.8134
770,77,223,355,0.2178,0.818
771,77,224,355,0.2188,0.818
772,77,226,357,0.2207,0.8226
773,77,227,357,0.2217,0.8226
774,77,228,358,0.2227,0.8249
775,77,229,358,0.2236,0.8249
776,77,231,360,0.2256,0.8295
777,77,232,360,0.2266,0.8295
778,77,233,361,0.2275,0.8318
779,77,234,361,0.2285,0.8318
780,77,235,362,0.2295,0.8341
781,77,236,362,0.2305,0.8341
782,77,238,364,0.2324,0.8387
783,77,239,364,0.2334,0.8387
784,77,240,365,0.2344,0.841
785,77,241,365,0.2354,0.841
786,77,243,367,0.2373,0.8456
787,77,244,367,0.2383,0.8456
788,77,245,368,0.2393,0.8479
789,77,246,368,0.2402,0.8479
790,77,248,370,0.2422,0.8525
791,77,249,370,0.2432,0.8525
792,77,251,372,0.2451,0.8571
793,77,252,372,0.2461,0.8571
794,77,253,373,0.2471,0.8594
795,77,254,373,0.248,0.8594
796,77,256,375,0.25,0.8641
797,77,257,375,0.251,0.8641
798,77,259,377,0.2529,0.8687
799,77,260,377,0.2539,0.8687
800,77,261,378,0.2549,0.871
801,77,262,378,0.2559,0.871
802,77,264,380,0.2578,0.8756
803,77,265,380,0.2588,0.8756
804,77,266,381,0.2598,0.8779
805,77,267,381,0.2607,0.8779
806,77,269,383,0.2627,0.8825
807,77,270,383,0.2637,0.8825
808,77,272,385,0.2656,0.8871
809,77,273,385,0.2666,0.8871
810,77,275,387,0.2686,0.8917
811,77,276,387,0.2695,0.8917
812,77,277,388,0.2705,0.894
813,77,278,388,0.2715,0.894
814,77,280,390,0.2734,0.8986
815,77,281,390,0.2744,0.8986
816,77,282,391,0.2754,0.9009
817,77,283,391,0.2764,0.9009
818,77,284,392,0.2773,0.9032
819,77,285,392,0.2783,0.9032
820,77,287,394,0.2803,0.9078
821,77,288,394,0.2812,0.9078
822,77,289,395,0.2822,0.9101
823,77,290,395,0.2832,0.9101
824,77,292,397,0.2852,0.9147
825,77,293,397,0.2861,0.9147
826,77,295,399,0.2881,0.9194
827,77,296,399,0.2891,0.9194
828,77,297,398,0.29,0.9171
829,77,298,398,0.291,0.9171
830,77,300,396,0.293,0.9124
831,77,301,396,0.2939,0.9124
832,77,303,394,0.2959,0.9078
833,77,304,394,0.2969,0.9078
834,77,305,393,0.2979,0.9055
835,77,306,393,0.2988,0.9055
836,77,308,391,0.3008,0.9009
837,77,309,391,0.3018,0.9009
838,77,310,390,0.3027,0.8986
839,77,311,390,0.3037,0.8986
840,77,312,389,0.3047,0.8963
841,77,313,389,0.3057,0.8963
842,77,315,387,0.3076,0.8917
843,77,316,387,0.3086,0.8917
844,77,317,386,0.3096,0.8894
845,77,318,386,0.3105,0.8894
846,77,320,384,0.3125,0.8848
847,77,321,384,0.3135,0.8848
848,77,323,382,0.3154,0.8802
849,77,324,382,0.3164,0.8802
850,77,325,381,0.3174,0.8779
851,77,326,381,0.3184,0.8779
852,77,328,379,0.3203,0.8733
853,77,329,379,0.3213,0.8733
854,77,330,378,0.3223,0.871
855,77,331,378,0.3232,0.871
856,77,333,376,0.3252,0.8664
857,77,334,376,0.3262,0.8664
858,77,334,373,0.3262,0.8594
859,77,333,372,0.3252,0.8571
860,77,332,373,0.3242,0.8594
861,77,331,373,0.3232,0.8594
862,77,329,375,0.3213,0.8641
863,77,328,375,0.3203,0.8641
864,77,327,376,0.3193,0.8664
865,77,326,376,0.3184,0.8664
866,77,325,377,0.3174,0.8687
867,77,324,377,0.3164,0.8687
868,77,322,379,0.3145,0.8733
869,77,321,379,0.3135,0.8733
870,77,320,380,0.3125,0.8756
871,77,319,380,0.3115,0.8756
872,77,318,381,0.3105,0.8779
873,77,317,381,0.3096,0.8779
874,77,315,383,0.3076,0.8825
875,77,314,383,0.3066,0.8825
876,77,312,385,0.3047,0.8871
877,77,311,385,0.3037,0.8871
878,77,309,387,0.3018,0.8917
879,77,308,387,0.3008,0.8917
880,77,307,388,0.2998,0.894
881,77,306,388,0.2988,0.894
882,77,304,390,0.2969,0.8986
883,77,303,390,0.2959,0.8986
884,77,302,391,0.2949,0.9009
885,77,301,391,0.2939,0.9009
886,77,299,393,0.292,0.9055
887,77,298,393,0.291,0.9055
888,77,296,395,0.2891,0.9101
889,77,295,394,0.2881,0.9078
890,77,294,394,0.2871,0.9078
891,77,292,392,0.2852,0.9032
892,77,291,392,0.2842,0.9032
893,77,289,390,0.2822,0.8986
894,77,288,390,0.2812,0.8986
895,77,287,389,0.2803,0.8963
896,77,286,389,0.2793,0.8963
897,77,284,387,0.2773,0.8917
898,77,283,387,0.2764,0.8917
899,77,282,386,0.2754,0.8894
900,77,281,386,0.2744,0.8894
901,77,279,384,0.2725,0.8848
902,77,278,384,0.2715,0.8848
903,77,277,383,0.2705,0.8825
904,77,276,383,0.2695,0.8825
905,77,274,381,0.2676,0.8779
906,77,273,381,0.2666,0.8779
907,77,272,380,0.2656,0.8756
908,77,271,380,0.2646,0.8756
909,77,269,378,0.2627,0.871
910,77,268,378,0.2617,0.871
911,77,267,377,0.2607,0.8687
912,77,266,377,0.2598,0.8687
913,77,264,375,0.2578,0.8641
914,77,263,375,0.2568,0.8641
915,77,261,373,0.2549,0.8594
916,77,260,373,0.2539,0.8594
917,77,259,372,0.2529,0.8571
918,77,258,372,0.252,0.8571
919,77,256,370,0.25,0.8525
920,77,255,370,0.249,0.8525
921,77,254,369,0.248,0.8502
922,77,253,369,0.2471,0.8502
923,77,251,367,0.2451,0.8456
924,77,250,367,0.2441,0.8456
925,77,248,365,0.2422,0.841
926,77,247,365,0.2412,0.841
927,77,246,364,0.2402,0.8387
928,77,245,364,0.2393,0.8387
929,77,243,362,0.2373,0.8341
930,77,242,362,0.2363,0.8341
931,77,240,360,0.2344,0.8295
932,77,239,360,0.2334,0.8295
933,77,238,359,0.2324,0.8272
934,77,237,359,0.2314,0.8272
935,77,235,357,0.2295,0.8226
936,77,234,357,0.2285,0.8226
937,77,233,356,0.2275,0.8203
938,77,232,356,0.2266,0.8203
939,77,230,354,0.2246,0.8157
940,77,229,354,0.2236,0.8157
941,77,228,353,0.2227,0.8134
942,77,227,353,0.2217,0.8134
943,77,226,352,0.2207,0.8111
944,77,225,352,0.2197,0.8111
945,77,223,350,0.2178,0.8065
946,77,222,350,0.2168,0.8065
947,77,221,349,0.2158,0.8041
948,77,220,349,0.2148,0.8041
949,77,218,347,0.2129,0.7995
950,77,217,347,0.2119,0.7995
951,77,215,345,0.21,0.7949
952,77,214,345,0.209,0.7949
953,77,212,343,0.207,0.7903
954,77,211,343,0.2061,0.7903
955,77,210,342,0.2051,0.788
956,77,209,342,0.2041,0.788
957,77,208,341,0.2031,0.7857
958,77,207,341,0.2021,0.7857
959,77,205,339,0.2002,0.7811
960,77,204,339,0.1992,0.7811
961,77,202,337,0.1973,0.7765
962,77,201,337,0.1963,0.7765
963,77,199,335,0.1943,0.7719
964,77,198,335,0.1934,0.7719
965,77,197,334,0.1924,0.7696
966,77,196,334,0.1914,0.7696
967,77,195,333,0.1904,0.7673
968,77,194,333,0.1895,0.7673
969,77,192,331,0.1875,0.7627
970,77,191,331,0.1865,0.7627
971,77,189,329,0.1846,0.7581
972,77,188,329,0.1836,0.7581
973,77,186,327,0.1816,0.7535
974,77,185,327,0.1807,0.7535
975,77,184,326,0.1797,0.7512
976,77,183,326,0.1787,0.7512
977,77,181,324,0.1768,0.7465
978,77,180,324,0.1758,0.7465
979,77,179,323,0.1748,0.7442
980,77,178,323,0.1738,0.7442
981,77,176,321,0.1719,0.7396
982,77,175,321,0.1709,0.7396
983,77,174,320,0.1699,0.7373
984,77,173,320,0.1689,0.7373
985,77,171,318,0.167,0.7327
986,77,170,318,0.166,0.7327
987,77,169,317,0.165,0.7304
988,77,168,317,0.1641,0.7304
989,77,166,315,0.1621,0.7258
990,77,165,315,0.1611,0.7258
991,77,164,314,0.1602,0.7235
992,77,163,314,0.1592,0.7235
993,77,161,312,0.1572,0.7189
994,77,160,312,0.1562,0.7189
995,77,158,310,0.1543,0.7143
996,77,157,310,0.1533,0.7143
997,77,156,309,0.1523,0.712
998,77,155,309,0.1514,0.712
999,77,153,307,0.1494,0.7074
1000,77,152,307,0.1484,0.7074
1001,77,150,305,0.1465,0.7028
1002,77,149,305,0.1455,0.7028
1003,77,148,304,0.1445,0.7005
1004,77,147,304,0.1436,0.7005
1005,77,145,302,0.1416,0.6959
1006,77,144,302,0.1406,0.6959
1007,77,143,301,0.1396,0.6935
1008,77,142,301,0.1387,0.6935
1009,77,140,299,0.1367,0.6889
1010,77,140,246,0.1367,0.5668
1011,77,138,244,0.1348,0.5622
1012,78,408,222,0.3984,0.5115
1013,78,407,223,0.3975,0.5138
1014,78,406,223,0.3965,0.5138
1015,78,406,224,0.3965,0.5161
1016,78,405,225,0.3955,0.5184
1017,78,405,229,0.3955,0.5276
1018,78,404,230,0.3945,0.53
1019,78,404,232,0.3945,0.5346
1020,78,405,233,0.3955,0.5369
1021,78,405,234,0.3955,0.5392
1022,78,408,237,0.3984,0.5461
1023,78,418,237,0.4082,0.5461
1024,78,422,233,0.4121,0.5369
1025,78,422,227,0.4121,0.523
1026,78,423,226,0.4131,0.5207
1027,78,424,226,0.4141,0.5207
1028,78,425,225,0.415,0.5184
1029,78,428,225,0.418,0.5184
1030,78,428,224,0.418,0.5161
1031,78,429,223,0.4189,0.5138
1032,78,428,224,0.418,0.5161
1033,78,427,224,0.417,0.5161
1034,78,426,225,0.416,0.5184
1035,78,425,225,0.415,0.5184
1036,78,424,226,0.4141,0.5207
1037,78,422,226,0.4121,0.5207
1038,78,418,222,0.4082,0.5115
1039,79,209,214,0.2041,0.4931
1040,79,208,215,0.2031,0.4954
1041,79,206,215,0.2012,0.4954
1042,79,204,217,0.1992,0.5
1043,79,204,218,0.1992,0.5023
1044,79,203,219,0.1982,0.5046
1045,79,203,221,0.1982,0.5092
1046,79,204,222,0.1992,0.5115
1047,79,204,225,0.1992,0.5184
1048,79,202,227,0.1973,0.523
1049,79,201,227,0.1963,0.523
1050,79,197,231,0.1924,0.5323
1051,79,196,231,0.1914,0.5323
1052,79,188,239,0.1836,0.5507
1053,79,188,240,0.1836,0.553
1054,79,189,240,0.1846,0.553
1055,79,190,239,0.1855,0.5507
1056,79,191,239,0.1865,0.5507
1057,79,198,232,0.1934,0.5346
1058,79,199,232,0.1943,0.5346
1059,79,204,227,0.1992,0.523
1060,79,208,227,0.2031,0.523
1061,79,209,228,0.2041,0.5253
1062,79,211,228,0.2061,0.5253
1063,79,212,227,0.207,0.523
1064,79,213,227,0.208,0.523
1065,79,216,224,0.2109,0.5161
1066,79,220,224,0.2148,0.5161
1067,79,221,225,0.2158,0.5184
1068,79,226,225,0.2207,0.5184
1069,79,226,223,0.2207,0.5138
1070,79,218,223,0.2129,0.5138
1071,79,217,222,0.2119,0.5115
1072,79,217,220,0.2119,0.5069
1073,79,216,219,0.2109,0.5046
1074,79,216,217,0.2109,0.5
1075,79,214,215,0.209,0.4954
1076,79,212,215,0.207,0.4954
1077,79,211,214,0.2061,0.4931
1078,80,656,212,0.6406,0.4885
1079,80,656,213,0.6406,0.4908
1080,80,658,215,0.6426,0.4954
1081,80,658,216,0.6426,0.4977
1082,80,661,219,0.6455,0.5046
1083,80,661,220,0.6455,0.5069
1084,80,663,222,0.6475,0.5115
1085,80,663,223,0.6475,0.5138
1086,80,664,224,0.6484,0.5161
1087,80,664,225,0.6484,0.5184
1088,80,667,228,0.6514,0.5253
1089,80,667,229,0.6514,0.5276
1090,80,670,232,0.6543,0.5346
1091,80,670,233,0.6543,0.5369
1092,80,673,236,0.6572,0.5438
1093,80,673,237,0.6572,0.5461
1094,80,676,240,0.6602,0.553
1095,80,676,241,0.6602,0.5553
1096,80,679,244,0.6631,0.5622
1097,80,679,245,0.6631,0.5645
1098,80,681,247,0.665,0.5691
1099,80,681,249,0.665,0.5737
1100,80,685,253,0.6689,0.5829
1101,80,685,254,0.6689,0.5853
1102,80,686,255,0.6699,0.5876
1103,80,684,257,0.668,0.5922
1104,80,684,258,0.668,0.5945
1105,80,682,260,0.666,0.5991
1106,80,682,261,0.666,0.6014
1107,80,679,264,0.6631,0.6083
1108,80,679,265,0.6631,0.6106
1109,80,676,268,0.6602,0.6175
1110,80,676,269,0.6602,0.6198
1111,80,673,272,0.6572,0.6267
1112,80,673,274,0.6572,0.6313
1113,80,671,276,0.6553,0.6359
1114,80,671,277,0.6553,0.6382
1115,80,668,280,0.6523,0.6452
1116,80,668,281,0.6523,0.6475
1117,80,665,284,0.6494,0.6544
1118,80,665,285,0.6494,0.6567
1119,80,662,288,0.6465,0.6636
1120,80,662,289,0.6465,0.6659
1121,80,659,292,0.6436,0.6728
1122,80,659,293,0.6436,0.6751
1123,80,657,295,0.6416,0.6797
1124,80,657,296,0.6416,0.682
1125,80,680,296,0.6641,0.682
1126,80,683,293,0.667,0.6751
1127,80,683,292,0.667,0.6728
1128,80,685,290,0.6689,0.6682
1129,80,685,289,0.6689,0.6659
1130,80,688,286,0.6719,0.659
1131,80,688,285,0.6719,0.6567
1132,80,690,283,0.6738,0.6521
1133,80,690,282,0.6738,0.6498
1134,80,692,280,0.6758,0.6452
1135,80,692,279,0.6758,0.6429
1136,80,695,276,0.6787,0.6359
1137,80,695,275,0.6787,0.6336
1138,80,697,273,0.6807,0.629
1139,80,702,278,0.6855,0.6406
1140,80,702,279,0.6855,0.6429
1141,80,704,281,0.6875,0.6475
1142,80,704,282,0.6875,0.6498
1143,80,706,284,0.6895,0.6544
1144,80,706,285,0.6895,0.6567
1145,80,709,288,0.6924,0.6636
1146,80,709,289,0.6924,0.6659
1147,80,711,291,0.6943,0.6705
1148,80,711,292,0.6943,0.6728
1149,80,714,295,0.6973,0.6797
1150,80,714,296,0.6973,0.682
1151,80,739,296,0.7217,0.682
1152,80,739,295,0.7217,0.6797
1153,80,737,293,0.7197,0.6751
1154,80,737,292,0.7197,0.6728
1155,80,734,289,0.7168,0.6659
1156,80,734,288,0.7168,0.6636
1157,80,731,285,0.7139,0.6567
1158,80,731,284,0.7139,0.6544
1159,80,728,281,0.7109,0.6475
1160,80,728,280,0.7109,0.6452
1161,80,724,276,0.707,0.6359
1162,80,724,275,0.707,0.6336
1163,80,722,273,0.7051,0.629
1164,80,722,272,0.7051,0.6267
1165,80,721,271,0.7041,0.6244
1166,80,721,270,0.7041,0.6221
1167,80,718,267,0.7012,0.6152
1168,80,718,266,0.7012,0.6129
1169,80,715,263,0.6982,0.606
1170,80,715,262,0.6982,0.6037
1171,80,712,259,0.6953,0.5968
1172,80,712,258,0.6953,0.5945
1173,80,709,255,0.6924,0.5876
1174,80,711,253,0.6943,0.5829
1175,80,711,252,0.6943,0.5806
1176,80,713,250,0.6963,0.576
1177,80,713,249,0.6963,0.5737
1178,80,714,248,0.6973,0.5714
1179,80,714,247,0.6973,0.5691
1180,80,717,244,0.7002,0.5622
1181,80,717,243,0.7002,0.5599
1182,80,720,240,0.7031,0.553
1183,80,720,239,0.7031,0.5507
1184,80,723,236,0.7061,0.5438
1185,80,723,235,0.7061,0.5415
1186,80,727,231,0.71,0.5323
1187,80,727,230,0.71,0.53
1188,80,731,226,0.7139,0.5207
1189,80,731,225,0.7139,0.5184
1190,80,733,223,0.7158,0.5138
1191,80,733,222,0.7158,0.5115
1192,80,734,221,0.7168,0.5092
1193,80,734,220,0.7168,0.5069
1194,80,736,218,0.7188,0.5023
1195,80,736,217,0.7188,0.5
1196,80,740,213,0.7227,0.4908
1197,80,740,212,0.7227,0.4885
1198,80,716,212,0.6992,0.4885
1199,80,715,213,0.6982,0.4908
1200,80,715,214,0.6982,0.4931
1201,80,712,217,0.6953,0.5
1202,80,712,218,0.6953,0.5023
1203,80,709,221,0.6924,0.5092
1204,80,709,223,0.6924,0.5138
1205,80,705,227,0.6885,0.523
1206,80,705,228,0.6885,0.5253
1207,80,702,231,0.6855,0.5323
1208,80,702,232,0.6855,0.5346
1209,80,700,234,0.6836,0.5392
1210,80,700,235,0.6836,0.5415
1211,80,698,237,0.6816,0.5461
1212,80,695,234,0.6787,0.5392
1213,80,695,233,0.6787,0.5369
1214,80,692,230,0.6758,0.53
1215,80,692,229,0.6758,0.5276
1216,80,689,226,0.6729,0.5207
1217,80,689,225,0.6729,0.5184
1218,80,687,223,0.6709,0.5138
1219,80,687,222,0.6709,0.5115
1220,80,686,221,0.6699,0.5092
1221,80,686,220,0.6699,0.5069
1222,80,683,217,0.667,0.5
1223,80,683,216,0.667,0.4977
1224,80,681,214,0.665,0.4931
1225,80,681,213,0.665,0.4908
1226,80,680,212,0.6641,0.4885
1227,81,613,212,0.5986,0.4885
1228,81,612,213,0.5977,0.4908
1229,81,604,213,0.5898,0.4908
1230,81,603,214,0.5889,0.4931
1231,81,600,214,0.5859,0.4931
1232,81,599,215,0.585,0.4954
1233,81,598,215,0.584,0.4954
1234,81,597,216,0.583,0.4977
1235,81,595,216,0.5811,0.4977
1236,81,593,218,0.5791,0.5023
1237,81,592,218,0.5781,0.5023
1238,81,591,219,0.5771,0.5046
1239,81,590,219,0.5762,0.5046
1240,81,587,222,0.5732,0.5115
1241,81,587,223,0.5732,0.5138
1242,81,583,227,0.5693,0.523
1243,81,583,228,0.5693,0.5253
1244,81,581,230,0.5674,0.53
1245,81,581,232,0.5674,0.5346
1246,81,580,233,0.5664,0.5369
1247,81,580,234,0.5664,0.5392
1248,81,579,235,0.5654,0.5415
1249,81,579,237,0.5654,0.5461
1250,81,578,238,0.5645,0.5484
1251,81,578,242,0.5645,0.5576
1252,81,577,243,0.5635,0.5599
1253,81,577,262,0.5635,0.6037
1254,81,578,263,0.5645,0.606
1255,81,578,268,0.5645,0.6175
1256,81,579,269,0.5654,0.6198
1257,81,579,271,0.5654,0.6244
1258,81,580,272,0.5664,0.6267
1259,81,580,274,0.5664,0.6313
1260,81,581,275,0.5674,0.6336
1261,81,581,276,0.5674,0.6359
1262,81,582,277,0.5684,0.6382
1263,81,582,278,0.5684,0.6406
1264,81,584,280,0.5703,0.6452
1265,81,584,281,0.5703,0.6475
1266,81,591,288,0.5771,0.6636
1267,81,592,288,0.5781,0.6636
1268,81,594,290,0.5801,0.6682
1269,81,595,290,0.5811,0.6682
1270,81,596,291,0.582,0.6705
1271,81,597,291,0.583,0.6705
1272,81,598,292,0.584,0.6728
1273,81,600,292,0.5859,0.6728
1274,81,601,293,0.5869,0.6751
1275,81,603,293,0.5889,0.6751
1276,81,604,294,0.5898,0.6774
1277,81,607,294,0.5928,0.6774
1278,81,608,295,0.5938,0.6797
1279,81,613,295,0.5986,0.6797
1280,81,614,296,0.5996,0.682
1281,81,635,296,0.6201,0.682
1282,81,636,295,0.6211,0.6797
1283,81,646,295,0.6309,0.6797
1284,81,647,294,0.6318,0.6774
1285,81,647,280,0.6318,0.6452
1286,81,648,279,0.6328,0.6429
1287,81,648,278,0.6328,0.6406
1288,81,647,277,0.6318,0.6382
1289,81,643,277,0.6279,0.6382
1290,81,642,278,0.627,0.6406
1291,81,626,278,0.6113,0.6406
1292,81,625,279,0.6104,0.6429
1293,81,616,279,0.6016,0.6429
1294,81,615,278,0.6006,0.6406
1295,81,610,278,0.5957,0.6406
1296,81,609,277,0.5947,0.6382
1297,81,607,277,0.5928,0.6382
1298,81,606,276,0.5918,0.6359
1299,81,605,276,0.5908,0.6359
1300,81,604,275,0.5898,0.6336
1301,81,603,275,0.5889,0.6336
1302,81,601,273,0.5869,0.629
1303,81,601,272,0.5869,0.6267
1304,81,600,271,0.5859,0.6244
1305,81,600,270,0.5859,0.6221
1306,81,599,269,0.585,0.6198
1307,81,599,268,0.585,0.6175
1308,81,598,267,0.584,0.6152
1309,81,598,265,0.584,0.6106
1310,81,597,264,0.583,0.6083
1311,81,597,263,0.583,0.606
1312,81,598,262,0.584,0.6037
1313,81,651,262,0.6357,0.6037
1314,81,651,253,0.6357,0.5829
1315,81,652,252,0.6367,0.5806
1316,81,652,246,0.6367,0.5668
1317,81,651,245,0.6357,0.5645
1318,81,651,238,0.6357,0.5484
1319,81,650,237,0.6348,0.5461
1320,81,650,234,0.6348,0.5392
1321,81,649,233,0.6338,0.5369
1322,81,649,232,0.6338,0.5346
1323,81,648,231,0.6328,0.5323
1324,81,648,229,0.6328,0.5276
1325,81,646,227,0.6309,0.523
1326,81,646,226,0.6309,0.5207
1327,81,643,223,0.6279,0.5138
1328,81,643,222,0.6279,0.5115
1329,81,640,219,0.625,0.5046
1330,81,639,219,0.624,0.5046
1331,81,637,217,0.6221,0.5
1332,81,636,217,0.6211,0.5
1333,81,635,216,0.6201,0.4977
1334,81,634,216,0.6191,0.4977
1335,81,633,215,0.6182,0.4954
1336,81,631,215,0.6162,0.4954
1337,81,630,214,0.6152,0.4931
1338,81,628,214,0.6133,0.4931
1339,81,627,213,0.6123,0.4908
1340,81,619,213,0.6045,0.4908
1341,81,618,212,0.6035,0.4885
1342,82,180,205,0.1758,0.4724
1343,82,181,206,0.1768,0.4747
1344,82,182,206,0.1777,0.4747
1345,82,184,208,0.1797,0.4793
1346,82,185,208,0.1807,0.4793
1347,82,188,211,0.1836,0.4862
1348,82,189,211,0.1846,0.4862
1349,82,192,214,0.1875,0.4931
1350,82,193,214,0.1885,0.4931
1351,82,195,216,0.1904,0.4977
1352,82,196,216,0.1914,0.4977
1353,82,198,218,0.1934,0.5023
1354,82,199,218,0.1943,0.5023
1355,82,200,219,0.1953,0.5046
1356,82,201,219,0.1963,0.5046
1357,82,201,218,0.1963,0.5023
1358,82,199,216,0.1943,0.4977
1359,82,198,216,0.1934,0.4977
1360,82,196,214,0.1914,0.4931
1361,82,195,214,0.1904,0.4931
1362,82,193,212,0.1885,0.4885
1363,82,192,212,0.1875,0.4885
1364,82,189,209,0.1846,0.4816
1365,82,188,209,0.1836,0.4816
1366,82,186,207,0.1816,0.477
1367,82,185,207,0.1807,0.477
1368,82,183,205,0.1787,0.4724
1369,83,434,204,0.4238,0.47
1370,83,434,205,0.4238,0.4724
1371,83,433,206,0.4229,0.4747
1372,83,434,207,0.4238,0.477
1373,83,434,223,0.4238,0.5138
1374,83,435,224,0.4248,0.5161
1375,83,436,224,0.4258,0.5161
1376,83,436,207,0.4258,0.477
1377,83,435,206,0.4248,0.4747
1378,83,435,205,0.4248,0.4724
1379,86,165,194,0.1611,0.447
1380,86,164,195,0.1602,0.4493
1381,86,163,195,0.1592,0.4493
1382,86,160,198,0.1562,0.4562
1383,86,160,199,0.1562,0.4585
1384,86,159,200,0.1553,0.4608
1385,86,159,204,0.1553,0.47
1386,86,160,205,0.1562,0.4724
1387,86,160,206,0.1562,0.4747
1388,86,159,207,0.1553,0.477
1389,86,158,207,0.1543,0.477
1390,86,155,210,0.1514,0.4839
1391,86,154,210,0.1504,0.4839
1392,86,151,213,0.1475,0.4908
1393,86,150,213,0.1465,0.4908
1394,86,147,216,0.1436,0.4977
1395,86,146,216,0.1426,0.4977
1396,86,145,217,0.1416,0.5
1397,86,144,216,0.1406,0.4977
1398,86,143,216,0.1396,0.4977
1399,86,142,215,0.1387,0.4954
1400,86,141,215,0.1377,0.4954
1401,86,140,214,0.1367,0.4931
1402,86,134,214,0.1309,0.4931
1403,86,133,215,0.1299,0.4954
1404,86,132,215,0.1289,0.4954
1405,86,131,216,0.1279,0.4977
1406,86,130,216,0.127,0.4977
1407,86,127,219,0.124,0.5046
1408,86,127,220,0.124,0.5069
1409,86,126,221,0.123,0.5092
1410,86,126,227,0.123,0.523
1411,86,127,228,0.124,0.5253
1412,86,127,229,0.124,0.5276
1413,86,128,230,0.125,0.53
1414,86,128,231,0.125,0.5323
1415,86,130,233,0.127,0.5369
1416,86,131,233,0.1279,0.5369
1417,86,133,235,0.1299,0.5415
1418,86,141,235,0.1377,0.5415
1419,86,142,234,0.1387,0.5392
1420,86,144,234,0.1406,0.5392
1421,86,149,239,0.1455,0.5507
1422,86,150,239,0.1465,0.5507
1423,86,157,246,0.1533,0.5668
1424,86,158,246,0.1543,0.5668
1425,86,163,251,0.1592,0.5783
1426,86,163,252,0.1592,0.5806
1427,86,162,253,0.1582,0.5829
1428,86,162,255,0.1582,0.5876
1429,86,161,256,0.1572,0.5899
1430,86,161,257,0.1572,0.5922
1431,86,162,258,0.1582,0.5945
1432,86,162,261,0.1582,0.6014
1433,86,166,265,0.1621,0.6106
1434,86,167,265,0.1631,0.6106
1435,86,168,266,0.1641,0.6129
1436,86,173,266,0.1689,0.6129
1437,86,174,265,0.1699,0.6106
1438,86,175,265,0.1709,0.6106
1439,86,179,261,0.1748,0.6014
1440,86,179,259,0.1748,0.5968
1441,86,180,258,0.1758,0.5945
1442,86,226,258,0.2207,0.5945
1443,86,226,256,0.2207,0.5899
1444,86,189,256,0.1846,0.5899
1445,86,188,255,0.1836,0.5876
1446,86,187,255,0.1826,0.5876
1447,86,186,256,0.1816,0.5899
1448,86,180,256,0.1758,0.5899
1449,86,179,255,0.1748,0.5876
1450,86,179,254,0.1748,0.5853
1451,86,178,253,0.1738,0.5829
1452,86,178,252,0.1738,0.5806
1453,86,176,250,0.1719,0.576
1454,86,175,250,0.1709,0.576
1455,86,174,249,0.1699,0.5737
1456,86,172,249,0.168,0.5737
1457,86,171,248,0.167,0.5714
1458,86,168,248,0.1641,0.5714
1459,86,167,249,0.1631,0.5737
1460,86,165,249,0.1611,0.5737
1461,86,161,245,0.1572,0.5645
1462,86,160,245,0.1562,0.5645
1463,86,152,237,0.1484,0.5461
1464,86,151,237,0.1475,0.5461
1465,86,146,232,0.1426,0.5346
1466,86,146,230,0.1426,0.53
1467,86,147,229,0.1436,0.5276
1468,86,147,228,0.1436,0.5253
1469,86,148,227,0.1445,0.523
1470,86,148,226,0.1445,0.5207
1471,86,149,225,0.1455,0.5184
1472,86,197,225,0.1924,0.5184
1473,86,197,223,0.1924,0.5138
1474,86,149,223,0.1455,0.5138
1475,86,147,221,0.1436,0.5092
1476,86,147,219,0.1436,0.5046
1477,86,148,218,0.1445,0.5023
1478,86,149,218,0.1455,0.5023
1479,86,152,215,0.1484,0.4954
1480,86,153,215,0.1494,0.4954
1481,86,157,211,0.1533,0.4862
1482,86,158,211,0.1543,0.4862
1483,86,160,209,0.1562,0.4816
1484,86,163,209,0.1592,0.4816
1485,86,164,210,0.1602,0.4839
1486,86,165,210,0.1611,0.4839
1487,86,166,211,0.1621,0.4862
1488,86,170,211,0.166,0.4862
1489,86,171,210,0.167,0.4839
1490,86,172,210,0.168,0.4839
1491,86,175,207,0.1709,0.477
1492,86,175,206,0.1709,0.4747
1493,86,176,205,0.1719,0.4724
1494,86,176,199,0.1719,0.4585
1495,86,175,198,0.1709,0.4562
1496,86,175,197,0.1709,0.4539
1497,86,174,196,0.1699,0.4516
1498,86,173,196,0.1689,0.4516
1499,86,171,194,0.167,0.447
1500,88,392,189,0.3828,0.4355
1501,88,391,190,0.3818,0.4378
1502,88,390,190,0.3809,0.4378
1503,88,389,191,0.3799,0.4401
1504,88,388,191,0.3789,0.4401
1505,88,386,193,0.377,0.4447
1506,88,386,194,0.377,0.447
1507,88,385,195,0.376,0.4493
1508,88,385,201,0.376,0.4631
1509,88,387,203,0.3779,0.4677
1510,88,387,204,0.3779,0.47
1511,88,388,205,0.3789,0.4724
1512,88,389,205,0.3799,0.4724
1513,88,390,206,0.3809,0.4747
1514,88,391,206,0.3818,0.4747
1515,88,392,207,0.3828,0.477
1516,88,397,207,0.3877,0.477
1517,88,398,206,0.3887,0.4747
1518,88,399,206,0.3896,0.4747
1519,88,400,205,0.3906,0.4724
1520,88,401,205,0.3916,0.4724
1521,88,401,204,0.3916,0.47
1522,88,403,202,0.3936,0.4654
1523,88,403,199,0.3936,0.4585
1524,88,404,198,0.3945,0.4562
1525,88,404,197,0.3945,0.4539
1526,88,403,196,0.3936,0.4516
1527,88,403,194,0.3936,0.447
1528,88,399,190,0.3896,0.4378
1529,88,398,190,0.3887,0.4378
1530,88,397,189,0.3877,0.4355
1531,89,833,182,0.8135,0.4194
1532,89,833,184,0.8135,0.424
1533,89,832,185,0.8125,0.4263
1534,89,832,186,0.8125,0.4286
1535,89,831,187,0.8115,0.4309
1536,89,831,188,0.8115,0.4332
1537,89,830,189,0.8105,0.4355
1538,89,830,191,0.8105,0.4401
1539,89,829,192,0.8096,0.4424
1540,89,829,193,0.8096,0.4447
1541,89,828,194,0.8086,0.447
1542,89,828,196,0.8086,0.4516
1543,89,827,197,0.8076,0.4539
1544,89,827,199,0.8076,0.4585
1545,89,826,200,0.8066,0.4608
1546,89,826,201,0.8066,0.4631
1547,89,825,202,0.8057,0.4654
1548,89,825,204,0.8057,0.47
1549,89,824,205,0.8047,0.4724
1550,89,824,206,0.8047,0.4747
1551,89,823,207,0.8037,0.477
1552,89,823,209,0.8037,0.4816
1553,89,822,210,0.8027,0.4839
1554,89,822,211,0.8027,0.4862
1555,89,821,212,0.8018,0.4885
1556,89,821,213,0.8018,0.4908
1557,89,820,214,0.8008,0.4931
1558,89,820,216,0.8008,0.4977
1559,89,819,217,0.7998,0.5
1560,89,819,218,0.7998,0.5023
1561,89,818,219,0.7988,0.5046
1562,89,818,220,0.7988,0.5069
1563,89,817,221,0.7979,0.5092
1564,89,817,224,0.7979,0.5161
1565,89,816,225,0.7969,0.5184
1566,89,816,226,0.7969,0.5207
1567,89,815,227,0.7959,0.523
1568,89,815,228,0.7959,0.5253
1569,89,814,229,0.7949,0.5276
1570,89,814,231,0.7949,0.5323
1571,89,813,232,0.7939,0.5346
1572,89,813,233,0.7939,0.5369
1573,89,812,234,0.793,0.5392
1574,89,812,235,0.793,0.5415
1575,89,811,236,0.792,0.5438
1576,89,811,238,0.792,0.5484
1577,89,810,239,0.791,0.5507
1578,89,810,240,0.791,0.553
1579,89,809,241,0.79,0.5553
1580,89,809,242,0.79,0.5576
1581,89,808,243,0.7891,0.5599
1582,89,808,245,0.7891,0.5645
1583,89,807,246,0.7881,0.5668
1584,89,807,248,0.7881,0.5714
1585,89,806,249,0.7871,0.5737
1586,89,806,250,0.7871,0.576
1587,89,805,251,0.7861,0.5783
1588,89,805,253,0.7861,0.5829
1589,89,804,254,0.7852,0.5853
1590,89,804,256,0.7852,0.5899
1591,89,803,257,0.7842,0.5922
1592,89,803,258,0.7842,0.5945
1593,89,802,259,0.7832,0.5968
1594,89,802,260,0.7832,0.5991
1595,89,801,261,0.7822,0.6014
1596,89,801,263,0.7822,0.606
1597,89,800,264,0.7812,0.6083
1598,89,800,265,0.7812,0.6106
1599,89,799,266,0.7803,0.6129
1600,89,799,268,0.7803,0.6175
1601,89,798,269,0.7793,0.6198
1602,89,798,270,0.7793,0.6221
1603,89,797,271,0.7783,0.6244
1604,89,797,273,0.7783,0.629
1605,89,796,274,0.7773,0.6313
1606,89,796,276,0.7773,0.6359
1607,89,795,277,0.7764,0.6382
1608,89,795,278,0.7764,0.6406
1609,89,794,279,0.7754,0.6429
1610,89,794,280,0.7754,0.6452
1611,89,793,281,0.7744,0.6475
1612,89,793,282,0.7744,0.6498
1613,89,792,283,0.7734,0.6521
1614,89,792,285,0.7734,0.6567
1615,89,791,286,0.7725,0.659
1616,89,791,287,0.7725,0.6613
1617,89,790,288,0.7715,0.6636
1618,89,790,289,0.7715,0.6659
1619,89,789,290,0.7705,0.6682
1620,89,789,292,0.7705,0.6728
1621,89,788,293,0.7695,0.6751
1622,89,788,294,0.7695,0.6774
1623,89,787,295,0.7686,0.6797
1624,89,788,296,0.7695,0.682
1625,89,807,296,0.7881,0.682
1626,89,808,295,0.7891,0.6797
1627,89,808,294,0.7891,0.6774
1628,89,809,293,0.79,0.6751
1629,89,809,292,0.79,0.6728
1630,89,810,291,0.791,0.6705
1631,89,810,289,0.791,0.6659
1632,89,811,288,0.792,0.6636
1633,89,811,287,0.792,0.6613
1634,89,812,286,0.793,0.659
1635,89,812,285,0.793,0.6567
1636,89,813,284,0.7939,0.6544
1637,89,813,282,0.7939,0.6498
1638,89,814,281,0.7949,0.6475
1639,89,814,280,0.7949,0.6452
1640,89,815,279,0.7959,0.6429
1641,89,815,277,0.7959,0.6382
1642,89,816,276,0.7969,0.6359
1643,89,816,275,0.7969,0.6336
1644,89,817,274,0.7979,0.6313
1645,89,817,272,0.7979,0.6267
1646,89,818,271,0.7988,0.6244
1647,89,818,269,0.7988,0.6198
1648,89,819,268,0.7998,0.6175
1649,89,819,267,0.7998,0.6152
1650,89,820,266,0.8008,0.6129
1651,89,820,264,0.8008,0.6083
1652,89,821,263,0.8018,0.606
1653,89,821,262,0.8018,0.6037
1654,89,822,261,0.8027,0.6014
1655,89,822,259,0.8027,0.5968
1656,89,823,258,0.8037,0.5945
1657,89,823,257,0.8037,0.5922
1658,89,824,256,0.8047,0.5899
1659,89,824,254,0.8047,0.5853
1660,89,825,253,0.8057,0.5829
1661,89,825,252,0.8057,0.5806
1662,89,826,251,0.8066,0.5783
1663,89,826,249,0.8066,0.5737
1664,89,827,248,0.8076,0.5714
1665,89,827,246,0.8076,0.5668
1666,89,828,245,0.8086,0.5645
1667,89,828,243,0.8086,0.5599
1668,89,829,242,0.8096,0.5576
1669,89,829,241,0.8096,0.5553
1670,89,830,240,0.8105,0.553
1671,89,830,238,0.8105,0.5484
1672,89,831,237,0.8115,0.5461
1673,89,831,236,0.8115,0.5438
1674,89,832,235,0.8125,0.5415
1675,89,832,234,0.8125,0.5392
1676,89,833,233,0.8135,0.5369
1677,89,833,231,0.8135,0.5323
1678,89,834,230,0.8145,0.53
1679,89,834,229,0.8145,0.5276
1680,89,835,228,0.8154,0.5253
1681,89,835,227,0.8154,0.523
1682,89,836,226,0.8164,0.5207
1683,89,836,224,0.8164,0.5161
1684,89,837,223,0.8174,0.5138
1685,89,837,221,0.8174,0.5092
1686,89,838,220,0.8184,0.5069
1687,89,838,218,0.8184,0.5023
1688,89,839,217,0.8193,0.5
1689,89,839,216,0.8193,0.4977
1690,89,840,215,0.8203,0.4954
1691,89,840,213,0.8203,0.4908
1692,89,841,212,0.8213,0.4885
1693,89,841,211,0.8213,0.4862
1694,89,842,210,0.8223,0.4839
1695,89,842,208,0.8223,0.4793
1696,89,843,207,0.8232,0.477
1697,89,845,209,0.8252,0.4816
1698,89,845,211,0.8252,0.4862
1699,89,846,212,0.8262,0.4885
1700,89,846,213,0.8262,0.4908
1701,89,847,214,0.8271,0.4931
1702,89,847,216,0.8271,0.4977
1703,89,848,217,0.8281,0.5
1704,89,848,218,0.8281,0.5023
1705,89,849,219,0.8291,0.5046
1706,89,849,220,0.8291,0.5069
1707,89,850,221,0.8301,0.5092
1708,89,850,224,0.8301,0.5161
1709,89,851,225,0.8311,0.5184
1710,89,851,226,0.8311,0.5207
1711,89,852,227,0.832,0.523
1712,89,852,228,0.832,0.5253
1713,89,853,229,0.833,0.5276
1714,89,853,231,0.833,0.5323
1715,89,854,232,0.834,0.5346
1716,89,854,233,0.834,0.5369
1717,89,855,234,0.835,0.5392
1718,89,855,235,0.835,0.5415
1719,89,856,236,0.8359,0.5438
1720,89,856,238,0.8359,0.5484
1721,89,857,239,0.8369,0.5507
1722,89,857,240,0.8369,0.553
1723,89,858,241,0.8379,0.5553
1724,89,858,242,0.8379,0.5576
1725,89,859,243,0.8389,0.5599
1726,89,859,245,0.8389,0.5645
1727,89,860,246,0.8398,0.5668
1728,89,859,247,0.8389,0.5691
1729,89,838,247,0.8184,0.5691
1730,89,839,248,0.8193,0.5714
1731,89,838,249,0.8184,0.5737
1732,89,838,250,0.8184,0.576
1733,89,837,251,0.8174,0.5783
1734,89,837,252,0.8174,0.5806
1735,89,836,253,0.8164,0.5829
1736,89,836,254,0.8164,0.5853
1737,89,835,255,0.8154,0.5876
1738,89,835,256,0.8154,0.5899
1739,89,834,257,0.8145,0.5922
1740,89,834,258,0.8145,0.5945
1741,89,833,259,0.8135,0.5968
1742,89,833,261,0.8135,0.6014
1743,89,832,262,0.8125,0.6037
1744,89,832,263,0.8125,0.606
1745,89,831,264,0.8115,0.6083
1746,89,831,267,0.8115,0.6152
1747,89,832,267,0.8125,0.6152
1748,89,833,266,0.8135,0.6129
1749,89,837,266,0.8174,0.6129
1750,89,838,267,0.8184,0.6152
1751,89,839,266,0.8193,0.6129
1752,89,842,266,0.8223,0.6129
1753,89,843,267,0.8232,0.6152
1754,89,850,267,0.8301,0.6152
1755,89,851,266,0.8311,0.6129
1756,89,867,266,0.8467,0.6129
1757,89,869,268,0.8486,0.6175
1758,89,869,270,0.8486,0.6221
1759,89,870,271,0.8496,0.6244
1760,89,870,273,0.8496,0.629
1761,89,871,274,0.8506,0.6313
1762,89,871,276,0.8506,0.6359
1763,89,872,277,0.8516,0.6382
1764,89,872,279,0.8516,0.6429
1765,89,873,280,0.8525,0.6452
1766,89,873,281,0.8525,0.6475
1767,89,874,282,0.8535,0.6498
1768,89,874,283,0.8535,0.6521
1769,89,875,284,0.8545,0.6544
1770,89,875,286,0.8545,0.659
1771,89,876,287,0.8555,0.6613
1772,89,876,288,0.8555,0.6636
1773,89,877,289,0.8564,0.6659
1774,89,877,291,0.8564,0.6705
1775,89,878,292,0.8574,0.6728
1776,89,878,293,0.8574,0.6751
1777,89,879,294,0.8584,0.6774
1778,89,879,296,0.8584,0.682
1779,89,901,296,0.8799,0.682
1780,89,902,295,0.8809,0.6797
1781,89,901,294,0.8799,0.6774
1782,89,901,293,0.8799,0.6751
1783,89,900,292,0.8789,0.6728
1784,89,900,290,0.8789,0.6682
1785,89,899,289,0.8779,0.6659
1786,89,899,288,0.8779,0.6636
1787,89,898,287,0.877,0.6613
1788,89,898,286,0.877,0.659
1789,89,897,285,0.876,0.6567
1790,89,897,283,0.876,0.6521
1791,89,896,282,0.875,0.6498
1792,89,896,281,0.875,0.6475
1793,89,895,280,0.874,0.6452
1794,89,895,279,0.874,0.6429
1795,89,894,278,0.873,0.6406
1796,89,894,277,0.873,0.6382
1797,89,893,276,0.8721,0.6359
1798,89,893,274,0.8721,0.6313
1799,89,892,273,0.8711,0.629
1800,89,892,271,0.8711,0.6244
1801,89,891,270,0.8701,0.6221
1802,89,891,268,0.8701,0.6175
1803,89,890,267,0.8691,0.6152
1804,89,890,266,0.8691,0.6129
1805,89,889,265,0.8682,0.6106
1806,89,889,264,0.8682,0.6083
1807,89,888,263,0.8672,0.606
1808,89,888,261,0.8672,0.6014
1809,89,887,260,0.8662,0.5991
1810,89,887,259,0.8662,0.5968
1811,89,886,258,0.8652,0.5945
1812,89,886,257,0.8652,0.5922
1813,89,885,256,0.8643,0.5899
1814,89,885,254,0.8643,0.5853
1815,89,884,253,0.8633,0.5829
1816,89,884,252,0.8633,0.5806
1817,89,883,251,0.8623,0.5783
1818,89,883,249,0.8623,0.5737
1819,89,882,248,0.8613,0.5714
1820,89,882,246,0.8613,0.5668
1821,89,881,245,0.8604,0.5645
1822,89,881,244,0.8604,0.5622
1823,89,880,243,0.8594,0.5599
1824,89,880,241,0.8594,0.5553
1825,89,879,240,0.8584,0.553
1826,89,879,239,0.8584,0.5507
1827,89,878,238,0.8574,0.5484
1828,89,878,236,0.8574,0.5438
1829,89,877,235,0.8564,0.5415
1830,89,877,234,0.8564,0.5392
1831,89,876,233,0.8555,0.5369
1832,89,876,232,0.8555,0.5346
1833,89,875,231,0.8545,0.5323
1834,89,875,229,0.8545,0.5276
1835,89,874,228,0.8535,0.5253
1836,89,874,227,0.8535,0.523
1837,89,873,226,0.8525,0.5207
1838,89,873,224,0.8525,0.5161
1839,89,872,223,0.8516,0.5138
1840,89,872,221,0.8516,0.5092
1841,89,871,220,0.8506,0.5069
1842,89,871,219,0.8506,0.5046
1843,89,870,218,0.8496,0.5023
1844,89,870,216,0.8496,0.4977
1845,89,869,215,0.8486,0.4954
1846,89,869,214,0.8486,0.4931
1847,89,868,213,0.8477,0.4908
1848,89,868,212,0.8477,0.4885
1849,89,867,211,0.8467,0.4862
1850,89,867,210,0.8467,0.4839
1851,89,866,209,0.8457,0.4816
1852,89,866,208,0.8457,0.4793
1853,89,865,207,0.8447,0.477
1854,89,865,205,0.8447,0.4724
1855,89,864,204,0.8438,0.47
1856,89,864,203,0.8438,0.4677
1857,89,863,202,0.8428,0.4654
1858,89,863,201,0.8428,0.4631
1859,89,862,200,0.8418,0.4608
1860,89,862,199,0.8418,0.4585
1861,89,861,198,0.8408,0.4562
1862,89,861,196,0.8408,0.4516
1863,89,860,195,0.8398,0.4493
1864,89,860,193,0.8398,0.4447
1865,89,859,192,0.8389,0.4424
1866,89,859,191,0.8389,0.4401
1867,89,858,190,0.8379,0.4378
1868,89,858,189,0.8379,0.4355
1869,89,857,188,0.8369,0.4332
1870,89,857,187,0.8369,0.4309
1871,89,856,186,0.8359,0.4286
1872,89,856,185,0.8359,0.4263
1873,89,855,184,0.835,0.424
1874,89,855,182,0.835,0.4194
1875,90,754,182,0.7363,0.4194
1876,90,754,296,0.7363,0.682
1877,90,774,296,0.7559,0.682
1878,90,775,295,0.7568,0.6797
1879,90,775,182,0.7568,0.4194
1880,91,488,182,0.4766,0.4194
1881,91,488,295,0.4766,0.6797
1882,91,489,296,0.4775,0.682
1883,91,509,296,0.4971,0.682
1884,91,509,239,0.4971,0.5507
1885,91,512,236,0.5,0.5438
1886,91,513,236,0.501,0.5438
1887,91,515,234,0.5029,0.5392
1888,91,516,234,0.5039,0.5392
1889,91,517,233,0.5049,0.5369
1890,91,518,233,0.5059,0.5369
1891,91,519,232,0.5068,0.5346
1892,91,521,232,0.5088,0.5346
1893,91,522,231,0.5098,0.5323
1894,91,532,231,0.5195,0.5323
1895,91,533,232,0.5205,0.5346
1896,91,535,232,0.5225,0.5346
1897,91,537,234,0.5244,0.5392
1898,91,538,234,0.5254,0.5392
1899,91,539,235,0.5264,0.5415
1900,91,539,236,0.5264,0.5438
1901,91,540,237,0.5273,0.5461
1902,91,540,241,0.5273,0.5553
1903,91,541,242,0.5283,0.5576
1904,91,541,296,0.5283,0.682
1905,91,561,296,0.5479,0.682
1906,91,562,295,0.5488,0.6797
1907,91,562,238,0.5488,0.5484
1908,91,561,237,0.5479,0.5461
1909,91,561,233,0.5479,0.5369
1910,91,560,232,0.5469,0.5346
1911,91,560,230,0.5469,0.53
1912,91,559,229,0.5459,0.5276
1913,91,559,228,0.5459,0.5253
1914,91,558,227,0.5449,0.523
1915,91,558,226,0.5449,0.5207
1916,91,557,225,0.5439,0.5184
1917,91,557,224,0.5439,0.5161
1918,91,556,223,0.543,0.5138
1919,91,556,222,0.543,0.5115
1920,91,551,217,0.5381,0.5
1921,91,550,217,0.5371,0.5
1922,91,548,215,0.5352,0.4954
1923,91,546,215,0.5332,0.4954
1924,91,545,214,0.5322,0.4931
1925,91,544,214,0.5312,0.4931
1926,91,543,213,0.5303,0.4908
1927,91,537,213,0.5244,0.4908
1928,91,536,212,0.5234,0.4885
1929,91,531,212,0.5186,0.4885
1930,91,530,213,0.5176,0.4908
1931,91,524,213,0.5117,0.4908
1932,91,523,214,0.5107,0.4931
1933,91,521,214,0.5088,0.4931
1934,91,520,215,0.5078,0.4954
1935,91,518,215,0.5059,0.4954
1936,91,517,216,0.5049,0.4977
1937,91,516,216,0.5039,0.4977
1938,91,515,217,0.5029,0.5
1939,91,514,217,0.502,0.5
1940,91,513,218,0.501,0.5023
1941,91,512,218,0.5,0.5023
1942,91,511,219,0.499,0.5046
1943,91,510,219,0.498,0.5046
1944,91,509,218,0.4971,0.5023
1945,91,509,182,0.4971,0.4194
1946,92,328,172,0.3203,0.3963
1947,92,327,173,0.3193,0.3986
1948,92,327,177,0.3193,0.4078
1949,92,328,178,0.3203,0.4101
1950,92,330,178,0.3223,0.4101
1951,92,332,176,0.3242,0.4055
1952,92,332,173,0.3242,0.3986
1953,92,331,173,0.3232,0.3986
1954,92,330,172,0.3223,0.3963
1955,93,177,169,0.1729,0.3894
1956,93,174,172,0.1699,0.3963
1957,93,174,173,0.1699,0.3986
1958,93,173,174,0.1689,0.4009
1959,93,173,179,0.1689,0.4124
1960,93,174,180,0.1699,0.4147
1961,93,174,181,0.1699,0.4171
1962,93,176,183,0.1719,0.4217
1963,93,177,183,0.1729,0.4217
1964,93,178,184,0.1738,0.424
1965,93,183,184,0.1787,0.424
1966,93,184,183,0.1797,0.4217
1967,93,185,183,0.1807,0.4217
1968,93,186,182,0.1816,0.4194
1969,93,187,182,0.1826,0.4194
1970,93,189,184,0.1846,0.424
1971,93,190,184,0.1855,0.424
1972,93,193,187,0.1885,0.4309
1973,93,194,187,0.1895,0.4309
1974,93,197,190,0.1924,0.4378
1975,93,198,190,0.1934,0.4378
1976,93,199,191,0.1943,0.4401
1977,93,201,191,0.1963,0.4401
1978,93,202,190,0.1973,0.4378
1979,93,213,190,0.208,0.4378
1980,93,214,191,0.209,0.4401
1981,93,226,191,0.2207,0.4401
1982,93,226,189,0.2207,0.4355
1983,93,218,189,0.2129,0.4355
1984,93,217,188,0.2119,0.4332
1985,93,198,188,0.1934,0.4332
1986,93,194,184,0.1895,0.424
1987,93,193,184,0.1885,0.424
1988,93,190,181,0.1855,0.4171
1989,93,189,181,0.1846,0.4171
1990,93,188,180,0.1836,0.4147
1991,93,189,179,0.1846,0.4124
1992,93,189,173,0.1846,0.3986
1993,93,186,170,0.1816,0.3917
1994,93,185,170,0.1807,0.3917
1995,93,184,169,0.1797,0.3894
1996,95,297,154,0.29,0.3548
1997,95,296,155,0.2891,0.3571
1998,95,294,155,0.2871,0.3571
1999,95,295,156,0.2881,0.3594
2000,95,295,158,0.2881,0.3641
2001,95,294,159,0.2871,0.3664
2002,95,294,163,0.2871,0.3756
2003,95,295,164,0.2881,0.3779
2004,95,295,224,0.2881,0.5161
2005,95,294,225,0.2871,0.5184
2006,95,294,234,0.2871,0.5392
2007,95,295,235,0.2881,0.5415
2008,95,295,238,0.2881,0.5484
2009,95,300,238,0.293,0.5484
2010,95,300,173,0.293,0.3986
2011,95,301,172,0.2939,0.3963
2012,95,301,154,0.2939,0.3548
2013,96,282,153,0.2754,0.3525
2014,96,282,252,0.2754,0.5806
2015,96,347,252,0.3389,0.5806
2016,96,348,251,0.3398,0.5783
2017,96,347,250,0.3389,0.576
2018,96,347,249,0.3389,0.5737
2019,96,338,249,0.3301,0.5737
2020,96,337,248,0.3291,0.5714
2021,96,328,248,0.3203,0.5714
2022,96,327,247,0.3193,0.5691
2023,96,327,246,0.3193,0.5668
2024,96,328,245,0.3203,0.5645
2025,96,349,245,0.3408,0.5645
2026,96,350,246,0.3418,0.5668
2027,96,350,248,0.3418,0.5714
2028,96,351,249,0.3428,0.5737
2029,96,351,251,0.3428,0.5783
2030,96,355,255,0.3467,0.5876
2031,96,356,255,0.3477,0.5876
2032,96,357,256,0.3486,0.5899
2033,96,364,256,0.3555,0.5899
2034,96,365,255,0.3564,0.5876
2035,96,366,255,0.3574,0.5876
2036,96,369,252,0.3604,0.5806
2037,96,369,251,0.3604,0.5783
2038,96,370,250,0.3613,0.576
2039,96,370,249,0.3613,0.5737
2040,96,371,248,0.3623,0.5714
2041,96,371,242,0.3623,0.5576
2042,96,370,241,0.3613,0.5553
2043,96,370,240,0.3613,0.553
2044,96,367,237,0.3584,0.5461
2045,96,366,237,0.3574,0.5461
2046,96,365,236,0.3564,0.5438
2047,96,364,236,0.3555,0.5438
2048,96,363,235,0.3545,0.5415
2049,96,356,235,0.3477,0.5415
2050,96,355,236,0.3467,0.5438
2051,96,354,236,0.3457,0.5438
2052,96,350,240,0.3418,0.553
2053,96,350,241,0.3418,0.5553
2054,96,349,242,0.3408,0.5576
2055,96,293,242,0.2861,0.5576
2056,96,291,240,0.2842,0.553
2057,96,291,177,0.2842,0.4078
2058,96,292,176,0.2852,0.4055
2059,96,292,158,0.2852,0.3641
2060,96,291,157,0.2842,0.3618
2061,96,292,156,0.2852,0.3594
2062,96,292,155,0.2852,0.3571
2063,96,289,155,0.2822,0.3571
2064,96,288,154,0.2812,0.3548
2065,96,285,154,0.2783,0.3548
2066,96,284,153,0.2773,0.3525
2067,97,384,142,0.375,0.3272
2068,97,383,143,0.374,0.3295
2069,97,382,143,0.373,0.3295
2070,97,380,145,0.3711,0.3341
2071,97,380,146,0.3711,0.3364
2072,97,379,147,0.3701,0.3387
2073,97,379,152,0.3701,0.3502
2074,97,380,153,0.3711,0.3525
2075,97,379,154,0.3701,0.3548
2076,97,378,154,0.3691,0.3548
2077,97,376,156,0.3672,0.3594
2078,97,375,156,0.3662,0.3594
2079,97,373,158,0.3643,0.3641
2080,97,372,158,0.3633,0.3641
2081,97,370,160,0.3613,0.3687
2082,97,369,160,0.3604,0.3687
2083,97,367,162,0.3584,0.3733
2084,97,366,162,0.3574,0.3733
2085,97,364,164,0.3555,0.3779
2086,97,363,164,0.3545,0.3779
2087,97,361,166,0.3525,0.3825
2088,97,360,166,0.3516,0.3825
2089,97,359,167,0.3506,0.3848
2090,97,358,167,0.3496,0.3848
2091,97,356,169,0.3477,0.3894
2092,97,355,169,0.3467,0.3894
2093,97,353,171,0.3447,0.394
2094,97,352,171,0.3438,0.394
2095,97,350,173,0.3418,0.3986
2096,97,349,173,0.3408,0.3986
2097,97,348,174,0.3398,0.4009
2098,97,347,174,0.3389,0.4009
2099,97,345,176,0.3369,0.4055
2100,97,344,176,0.3359,0.4055
2101,97,342,178,0.334,0.4101
2102,97,341,178,0.333,0.4101
2103,97,340,179,0.332,0.4124
2104,97,339,179,0.3311,0.4124
2105,97,337,181,0.3291,0.4171
2106,97,336,181,0.3281,0.4171
2107,97,334,183,0.3262,0.4217
2108,97,333,183,0.3252,0.4217
2109,97,332,184,0.3242,0.424
2110,97,331,184,0.3232,0.424
2111,97,329,186,0.3213,0.4286
2112,97,328,186,0.3203,0.4286
2113,97,326,188,0.3184,0.4332
2114,97,325,188,0.3174,0.4332
2115,97,324,189,0.3164,0.4355
2116,97,323,189,0.3154,0.4355
2117,97,321,191,0.3135,0.4401
2118,97,320,191,0.3125,0.4401
2119,97,320,232,0.3125,0.5346
2120,97,321,233,0.3135,0.5369
2121,97,322,233,0.3145,0.5369
2122,97,322,199,0.3145,0.4585
2123,97,323,198,0.3154,0.4562
2124,97,322,197,0.3145,0.4539
2125,97,323,196,0.3154,0.4516
2126,97,322,195,0.3145,0.4493
2127,97,323,194,0.3154,0.447
2128,97,323,193,0.3154,0.4447
2129,97,324,192,0.3164,0.4424
2130,97,325,192,0.3174,0.4424
2131,97,328,189,0.3203,0.4355
2132,97,329,189,0.3213,0.4355
2133,97,332,186,0.3242,0.4286
2134,97,333,186,0.3252,0.4286
2135,97,334,185,0.3262,0.4263
2136,97,335,185,0.3271,0.4263
2137,97,336,184,0.3281,0.424
2138,97,337,184,0.3291,0.424
2139,97,339,182,0.3311,0.4194
2140,97,340,182,0.332,0.4194
2141,97,341,181,0.333,0.4171
2142,97,342,181,0.334,0.4171
2143,97,344,179,0.3359,0.4124
2144,97,345,179,0.3369,0.4124
2145,97,346,178,0.3379,0.4101
2146,97,347,178,0.3389,0.4101
2147,97,349,176,0.3408,0.4055
2148,97,350,176,0.3418,0.4055
2149,97,352,174,0.3438,0.4009
2150,97,353,174,0.3447,0.4009
2151,97,354,173,0.3457,0.3986
2152,97,355,173,0.3467,0.3986
2153,97,356,172,0.3477,0.3963
2154,97,357,172,0.3486,0.3963
2155,97,359,170,0.3506,0.3917
2156,97,360,170,0.3516,0.3917
2157,97,362,168,0.3535,0.3871
2158,97,363,168,0.3545,0.3871
2159,97,365,166,0.3564,0.3825
2160,97,366,166,0.3574,0.3825
2161,97,368,164,0.3594,0.3779
2162,97,369,164,0.3604,0.3779
2163,97,371,162,0.3623,0.3733
2164,97,372,162,0.3633,0.3733
2165,97,374,160,0.3652,0.3687
2166,97,375,160,0.3662,0.3687
2167,97,377,158,0.3682,0.3641
2168,97,378,158,0.3691,0.3641
2169,97,380,156,0.3711,0.3594
2170,97,383,156,0.374,0.3594
2171,97,384,157,0.375,0.3618
2172,97,390,157,0.3809,0.3618
2173,97,391,156,0.3818,0.3594
2174,97,392,156,0.3828,0.3594
2175,97,393,155,0.3838,0.3571
2176,97,393,154,0.3838,0.3548
2177,97,394,153,0.3848,0.3525
2178,97,394,152,0.3848,0.3502
2179,97,395,151,0.3857,0.3479
2180,97,395,148,0.3857,0.341
2181,97,394,147,0.3848,0.3387
2182,97,394,146,0.3848,0.3364
2183,97,390,142,0.3809,0.3272
2184,98,196,142,0.1914,0.3272
2185,98,195,143,0.1904,0.3295
2186,98,194,143,0.1895,0.3295
2187,98,191,146,0.1865,0.3364
2188,98,191,147,0.1865,0.3387
2189,98,190,148,0.1855,0.341
2190,98,190,152,0.1855,0.3502
2191,98,191,153,0.1865,0.3525
2192,98,191,154,0.1865,0.3548
2193,98,195,158,0.1904,0.3641
2194,98,201,158,0.1963,0.3641
2195,98,202,157,0.1973,0.3618
2196,98,203,157,0.1982,0.3618
2197,98,204,156,0.1992,0.3594
2198,98,205,156,0.2002,0.3594
2199,98,207,158,0.2021,0.3641
2200,98,208,158,0.2031,0.3641
2201,98,211,161,0.2061,0.371
2202,98,212,161,0.207,0.371
2203,98,215,164,0.21,0.3779
2204,98,216,164,0.2109,0.3779
2205,98,218,166,0.2129,0.3825
2206,98,219,166,0.2139,0.3825
2207,98,222,169,0.2168,0.3894
2208,98,223,169,0.2178,0.3894
2209,98,225,171,0.2197,0.394
2210,98,226,171,0.2207,0.394
2211,98,226,168,0.2207,0.3871
2212,98,225,167,0.2197,0.3848
2213,98,224,167,0.2188,0.3848
2214,98,221,164,0.2158,0.3779
2215,98,220,164,0.2148,0.3779
2216,98,218,162,0.2129,0.3733
2217,98,217,162,0.2119,0.3733
2218,98,214,159,0.209,0.3664
2219,98,213,159,0.208,0.3664
2220,98,211,157,0.2061,0.3618
2221,98,210,157,0.2051,0.3618
2222,98,208,155,0.2031,0.3571
2223,98,207,155,0.2021,0.3571
2224,98,206,154,0.2012,0.3548
2225,98,206,153,0.2012,0.3525
2226,98,207,152,0.2021,0.3502
2227,98,207,148,0.2021,0.341
2228,98,206,147,0.2012,0.3387
2229,98,206,146,0.2012,0.3364
2230,98,203,143,0.1982,0.3295
2231,98,202,143,0.1973,0.3295
2232,98,201,142,0.1963,0.3272
2233,99,357,137,0.3486,0.3157
2234,99,356,138,0.3477,0.318
2235,99,355,138,0.3467,0.318
2236,99,352,141,0.3438,0.3249
2237,99,352,149,0.3438,0.3433
2238,99,350,151,0.3418,0.3479
2239,99,349,151,0.3408,0.3479
2240,99,346,154,0.3379,0.3548
2241,99,345,154,0.3369,0.3548
2242,99,343,156,0.335,0.3594
2243,99,342,156,0.334,0.3594
2244,99,340,158,0.332,0.3641
2245,99,339,158,0.3311,0.3641
2246,99,337,160,0.3291,0.3687
2247,99,336,160,0.3281,0.3687
2248,99,334,162,0.3262,0.3733
2249,99,333,162,0.3252,0.3733
2250,99,332,163,0.3242,0.3756
2251,99,331,163,0.3232,0.3756
2252,99,329,165,0.3213,0.3802
2253,99,328,165,0.3203,0.3802
2254,99,326,167,0.3184,0.3848
2255,99,325,167,0.3174,0.3848
2256,99,323,169,0.3154,0.3894
2257,99,322,169,0.3145,0.3894
2258,99,320,171,0.3125,0.394
2259,99,319,171,0.3115,0.394
2260,99,318,172,0.3105,0.3963
2261,99,317,172,0.3096,0.3963
2262,99,315,174,0.3076,0.4009
2263,99,314,174,0.3066,0.4009
2264,99,312,176,0.3047,0.4055
2265,99,311,176,0.3037,0.4055
2266,99,310,177,0.3027,0.4078
2267,99,309,177,0.3018,0.4078
2268,99,307,179,0.2998,0.4124
2269,99,308,180,0.3008,0.4147
2270,99,310,180,0.3027,0.4147
2271,99,311,179,0.3037,0.4124
2272,99,312,179,0.3047,0.4124
2273,99,314,177,0.3066,0.4078
2274,99,315,177,0.3076,0.4078
2275,99,316,176,0.3086,0.4055
2276,99,317,176,0.3096,0.4055
2277,99,319,174,0.3115,0.4009
2278,99,320,174,0.3125,0.4009
2279,99,321,173,0.3135,0.3986
2280,99,322,173,0.3145,0.3986
2281,99,324,171,0.3164,0.394
2282,99,325,171,0.3174,0.394
2283,99,327,169,0.3193,0.3894
2284,99,328,169,0.3203,0.3894
2285,99,329,168,0.3213,0.3871
2286,99,330,168,0.3223,0.3871
2287,99,332,166,0.3242,0.3825
2288,99,333,166,0.3252,0.3825
2289,99,335,164,0.3271,0.3779
2290,99,336,164,0.3281,0.3779
2291,99,338,162,0.3301,0.3733
2292,99,339,162,0.3311,0.3733
2293,99,341,160,0.333,0.3687
2294,99,342,160,0.334,0.3687
2295,99,344,158,0.3359,0.3641
2296,99,345,158,0.3369,0.3641
2297,99,348,155,0.3398,0.3571
2298,99,349,155,0.3408,0.3571
2299,99,351,153,0.3428,0.3525
2300,99,352,153,0.3438,0.3525
2301,99,354,151,0.3457,0.3479
2302,99,355,151,0.3467,0.3479
2303,99,356,152,0.3477,0.3502
2304,99,359,152,0.3506,0.3502
2305,99,360,153,0.3516,0.3525
2306,99,361,153,0.3525,0.3525
2307,99,362,152,0.3535,0.3502
2308,99,363,152,0.3545,0.3502
2309,99,364,151,0.3555,0.3479
2310,99,365,151,0.3564,0.3479
2311,99,367,149,0.3584,0.3433
2312,99,367,148,0.3584,0.341
2313,99,368,147,0.3594,0.3387
2314,99,368,143,0.3594,0.3295
2315,99,367,142,0.3584,0.3272
2316,99,367,141,0.3584,0.3249
2317,99,364,138,0.3555,0.318
2318,99,363,138,0.3545,0.318
2319,99,362,137,0.3535,0.3157
2320,103,289,128,0.2822,0.2949
2321,103,288,129,0.2812,0.2972
2322,103,287,129,0.2803,0.2972
2323,103,286,130,0.2793,0.2995
2324,103,285,130,0.2783,0.2995
2325,103,282,133,0.2754,0.3065
2326,103,282,134,0.2754,0.3088
2327,103,281,135,0.2744,0.3111
2328,103,281,138,0.2744,0.318
2329,103,280,139,0.2734,0.3203
2330,103,280,141,0.2734,0.3249
2331,103,281,142,0.2744,0.3272
2332,103,281,144,0.2744,0.3318
2333,103,282,145,0.2754,0.3341
2334,103,282,146,0.2754,0.3364
2335,103,285,149,0.2783,0.3433
2336,103,286,149,0.2793,0.3433
2337,103,287,150,0.2803,0.3456
2338,103,288,150,0.2812,0.3456
2339,103,289,151,0.2822,0.3479
2340,103,295,151,0.2881,0.3479
2341,103,296,150,0.2891,0.3456
2342,103,298,150,0.291,0.3456
2343,103,300,148,0.293,0.341
2344,103,301,148,0.2939,0.341
2345,103,302,147,0.2949,0.3387
2346,103,302,146,0.2949,0.3364
2347,103,303,145,0.2959,0.3341
2348,103,303,144,0.2959,0.3318
2349,103,304,143,0.2969,0.3295
2350,103,304,136,0.2969,0.3134
2351,103,303,135,0.2959,0.3111
2352,103,303,134,0.2959,0.3088
2353,103,301,132,0.2939,0.3041
2354,103,301,131,0.2939,0.3018
2355,103,300,131,0.293,0.3018
2356,103,298,129,0.291,0.2972
2357,103,297,129,0.29,0.2972
2358,103,296,128,0.2891,0.2949
2359,105,247,121,0.2412,0.2788
2360,105,246,122,0.2402,0.2811
2361,105,245,122,0.2393,0.2811
2362,105,244,123,0.2383,0.2834
2363,105,243,123,0.2373,0.2834
2364,105,241,125,0.2354,0.288
2365,105,240,125,0.2344,0.288
2366,105,239,126,0.2334,0.2903
2367,105,239,127,0.2334,0.2926
2368,105,237,129,0.2314,0.2972
2369,105,237,131,0.2314,0.3018
2370,105,236,132,0.2305,0.3041
2371,105,236,292,0.2305,0.6728
2372,105,237,293,0.2314,0.6751
2373,105,237,294,0.2314,0.6774
2374,105,241,298,0.2354,0.6866
2375,105,367,298,0.3584,0.6866
2376,105,368,297,0.3594,0.6843
2377,105,370,297,0.3613,0.6843
2378,105,371,296,0.3623,0.682
2379,105,372,296,0.3633,0.682
2380,105,374,294,0.3652,0.6774
2381,105,374,293,0.3652,0.6751
2382,105,375,292,0.3662,0.6728
2383,105,375,291,0.3662,0.6705
2384,105,376,290,0.3672,0.6682
2385,105,376,272,0.3672,0.6267
2386,105,375,271,0.3662,0.6244
2387,105,375,270,0.3662,0.6221
2388,105,372,267,0.3633,0.6152
2389,105,371,267,0.3623,0.6152
2390,105,370,266,0.3613,0.6129
2391,105,369,266,0.3604,0.6129
2392,105,368,265,0.3594,0.6106
2393,105,270,265,0.2637,0.6106
2394,105,269,264,0.2627,0.6083
2395,105,269,131,0.2627,0.3018
2396,105,267,129,0.2607,0.2972
2397,105,267,128,0.2607,0.2949
2398,105,262,123,0.2559,0.2834
2399,105,261,123,0.2549,0.2834
2400,105,260,122,0.2539,0.2811
2401,105,259,122,0.2529,0.2811
2402,105,258,121,0.252,0.2788
2403,115,225,96,0.2197,0.2212
2404,115,224,97,0.2188,0.2235
2405,115,223,97,0.2178,0.2235
2406,115,220,100,0.2148,0.2304
2407,115,220,101,0.2148,0.2327
2408,115,219,102,0.2139,0.235
2409,115,219,104,0.2139,0.2396
2410,115,218,105,0.2129,0.2419
2411,115,216,105,0.2109,0.2419
2412,115,214,107,0.209,0.2465
2413,115,213,107,0.208,0.2465
2414,115,212,108,0.207,0.2488
2415,115,211,108,0.2061,0.2488
2416,115,210,109,0.2051,0.2512
2417,115,209,109,0.2041,0.2512
2418,115,207,111,0.2021,0.2558
2419,115,206,111,0.2012,0.2558
2420,115,205,112,0.2002,0.2581
2421,115,204,112,0.1992,0.2581
2422,115,203,113,0.1982,0.2604
2423,115,202,113,0.1973,0.2604
2424,115,200,115,0.1953,0.265
2425,115,199,115,0.1943,0.265
2426,115,198,116,0.1934,0.2673
2427,115,197,116,0.1924,0.2673
2428,115,196,117,0.1914,0.2696
2429,115,195,117,0.1904,0.2696
2430,115,193,119,0.1885,0.2742
2431,115,192,119,0.1875,0.2742
2432,115,190,121,0.1855,0.2788
2433,115,189,121,0.1846,0.2788
2434,115,187,123,0.1826,0.2834
2435,115,186,123,0.1816,0.2834
2436,115,184,125,0.1797,0.288
2437,115,183,125,0.1787,0.288
2438,115,181,127,0.1768,0.2926
2439,115,180,127,0.1758,0.2926
2440,115,177,130,0.1729,0.2995
2441,115,176,130,0.1719,0.2995
2442,115,175,131,0.1709,0.3018
2443,115,174,131,0.1699,0.3018
2444,115,173,132,0.1689,0.3041
2445,115,172,132,0.168,0.3041
2446,115,170,134,0.166,0.3088
2447,115,169,134,0.165,0.3088
2448,115,167,136,0.1631,0.3134
2449,115,166,136,0.1621,0.3134
2450,115,165,137,0.1611,0.3157
2451,115,164,137,0.1602,0.3157
2452,115,163,138,0.1592,0.318
2453,115,162,138,0.1582,0.318
2454,115,159,141,0.1553,0.3249
2455,115,158,141,0.1543,0.3249
2456,115,157,142,0.1533,0.3272
2457,115,156,142,0.1523,0.3272
2458,115,155,143,0.1514,0.3295
2459,115,155,144,0.1514,0.3318
2460,115,154,145,0.1504,0.3341
2461,115,153,144,0.1494,0.3318
2462,115,152,145,0.1484,0.3341
2463,115,151,145,0.1475,0.3341
2464,115,149,147,0.1455,0.3387
2465,115,149,155,0.1455,0.3571
2466,115,150,156,0.1465,0.3594
2467,115,149,157,0.1455,0.3618
2468,115,149,199,0.1455,0.4585
2469,115,150,200,0.1465,0.4608
2470,115,149,199,0.1455,0.4585
2471,115,149,198,0.1455,0.4562
2472,115,150,197,0.1465,0.4539
2473,115,150,196,0.1465,0.4516
2474,115,149,195,0.1455,0.4493
2475,115,149,194,0.1455,0.447
2476,115,152,191,0.1484,0.4401
2477,115,153,192,0.1494,0.4424
2478,115,153,198,0.1494,0.4562
2479,115,153,191,0.1494,0.4401
2480,115,152,191,0.1484,0.4401
2481,115,151,190,0.1475,0.4378
2482,115,153,188,0.1494,0.4332
2483,115,153,187,0.1494,0.4309
2484,115,153,188,0.1494,0.4332
2485,115,152,189,0.1484,0.4355
2486,115,151,188,0.1475,0.4332
2487,115,151,186,0.1475,0.4286
2488,115,152,185,0.1484,0.4263
2489,115,151,184,0.1475,0.424
2490,115,152,183,0.1484,0.4217
2491,115,154,183,0.1504,0.4217
2492,115,154,169,0.1504,0.3894
2493,115,154,173,0.1504,0.3986
2494,115,153,174,0.1494,0.4009
2495,115,152,173,0.1484,0.3986
2496,115,152,172,0.1484,0.3963
2497,115,152,173,0.1484,0.3986
2498,115,151,174,0.1475,0.4009
2499,115,150,174,0.1465,0.4009
2500,115,149,173,0.1455,0.3986
2501,115,149,157,0.1455,0.3618
2502,115,150,156,0.1465,0.3594
2503,115,151,156,0.1475,0.3594
2504,115,150,155,0.1465,0.3571
2505,115,150,152,0.1465,0.3502
2506,115,151,151,0.1475,0.3479
2507,115,152,152,0.1484,0.3502
2508,115,152,154,0.1484,0.3548
2509,115,153,155,0.1494,0.3571
2510,115,153,156,0.1494,0.3594
2511,115,154,157,0.1504,0.3618
2512,115,152,159,0.1484,0.3664
2513,115,151,159,0.1475,0.3664
2514,115,152,159,0.1484,0.3664
2515,115,153,160,0.1494,0.3687
2516,115,152,161,0.1484,0.371
2517,115,153,160,0.1494,0.3687
2518,115,154,161,0.1504,0.371
2519,115,154,162,0.1504,0.3733
2520,115,153,163,0.1494,0.3756
2521,115,153,164,0.1494,0.3779
2522,115,154,165,0.1504,0.3802
2523,115,154,166,0.1504,0.3825
2524,115,154,165,0.1504,0.3802
2525,115,153,164,0.1494,0.3779
2526,115,153,163,0.1494,0.3756
2527,115,154,162,0.1504,0.3733
2528,115,154,161,0.1504,0.371
2529,115,152,159,0.1484,0.3664
2530,115,154,157,0.1504,0.3618
2531,115,155,158,0.1514,0.3641
2532,115,156,158,0.1523,0.3641
2533,115,157,159,0.1533,0.3664
2534,115,157,189,0.1533,0.4355
2535,115,158,190,0.1543,0.4378
2536,115,159,190,0.1553,0.4378
2537,115,159,160,0.1553,0.3687
2538,115,161,158,0.1572,0.3641
2539,115,162,158,0.1582,0.3641
2540,115,163,157,0.1592,0.3618
2541,115,163,156,0.1592,0.3594
2542,115,164,155,0.1602,0.3571
2543,115,164,154,0.1602,0.3548
2544,115,165,153,0.1611,0.3525
2545,115,166,153,0.1621,0.3525
2546,115,167,152,0.1631,0.3502
2547,115,168,152,0.1641,0.3502
2548,115,169,151,0.165,0.3479
2549,115,170,151,0.166,0.3479
2550,115,173,148,0.1689,0.341
2551,115,174,148,0.1699,0.341
2552,115,175,147,0.1709,0.3387
2553,115,176,147,0.1719,0.3387
2554,115,177,146,0.1729,0.3364
2555,115,178,146,0.1738,0.3364
2556,115,180,144,0.1758,0.3318
2557,115,181,144,0.1768,0.3318
2558,115,182,143,0.1777,0.3295
2559,115,183,143,0.1787,0.3295
2560,115,185,141,0.1807,0.3249
2561,115,186,141,0.1816,0.3249
2562,115,188,139,0.1836,0.3203
2563,115,189,139,0.1846,0.3203
2564,115,190,138,0.1855,0.318
2565,115,191,138,0.1865,0.318
2566,115,193,136,0.1885,0.3134
2567,115,194,136,0.1895,0.3134
2568,115,196,134,0.1914,0.3088
2569,115,197,134,0.1924,0.3088
2570,115,198,133,0.1934,0.3065
2571,115,199,133,0.1943,0.3065
2572,115,201,131,0.1963,0.3018
2573,115,202,131,0.1973,0.3018
2574,115,203,130,0.1982,0.2995
2575,115,204,130,0.1992,0.2995
2576,115,205,129,0.2002,0.2972
2577,115,206,129,0.2012,0.2972
2578,115,207,128,0.2021,0.2949
2579,115,208,128,0.2031,0.2949
2580,115,208,126,0.2031,0.2903
2581,115,206,126,0.2012,0.2903
2582,115,205,127,0.2002,0.2926
2583,115,204,127,0.1992,0.2926
2584,115,203,128,0.1982,0.2949
2585,115,202,128,0.1973,0.2949
2586,115,200,130,0.1953,0.2995
2587,115,199,130,0.1943,0.2995
2588,115,198,131,0.1934,0.3018
2589,115,197,131,0.1924,0.3018
2590,115,196,132,0.1914,0.3041
2591,115,195,132,0.1904,0.3041
2592,115,194,133,0.1895,0.3065
2593,115,193,133,0.1885,0.3065
2594,115,192,134,0.1875,0.3088
2595,115,191,134,0.1865,0.3088
2596,115,190,133,0.1855,0.3065
2597,115,193,130,0.1885,0.2995
2598,115,194,130,0.1895,0.2995
2599,115,196,128,0.1914,0.2949
2600,115,197,128,0.1924,0.2949
2601,115,199,126,0.1943,0.2903
2602,115,200,126,0.1953,0.2903
2603,115,201,125,0.1963,0.288
2604,115,202,125,0.1973,0.288
2605,115,204,123,0.1992,0.2834
2606,115,205,123,0.2002,0.2834
2607,115,207,121,0.2021,0.2788
2608,115,208,121,0.2031,0.2788
2609,115,211,118,0.2061,0.2719
2610,115,212,118,0.207,0.2719
2611,115,214,116,0.209,0.2673
2612,115,215,116,0.21,0.2673
2613,115,218,113,0.2129,0.2604
2614,115,219,113,0.2139,0.2604
2615,115,222,110,0.2168,0.2535
2616,115,224,110,0.2188,0.2535
2617,115,225,111,0.2197,0.2558
2618,115,230,111,0.2246,0.2558
2619,115,231,110,0.2256,0.2535
2620,115,232,110,0.2266,0.2535
2621,115,235,107,0.2295,0.2465
2622,115,235,105,0.2295,0.2419
2623,115,236,104,0.2305,0.2396
2624,115,236,103,0.2305,0.2373
2625,115,235,102,0.2295,0.235
2626,115,235,100,0.2295,0.2304
2627,115,232,97,0.2266,0.2235
2628,115,231,97,0.2256,0.2235
2629,115,230,96,0.2246,0.2212
2630,119,294,31,0.2871,0.0714
2631,119,295,32,0.2881,0.0737
2632,119,294,33,0.2871,0.076
2633,119,292,33,0.2852,0.076
2634,119,287,38,0.2803,0.0876
2635,119,287,39,0.2803,0.0899
2636,119,285,41,0.2783,0.0945
2637,119,284,41,0.2773,0.0945
2638,119,284,42,0.2773,0.0968
2639,119,278,48,0.2715,0.1106
2640,119,278,49,0.2715,0.1129
2641,119,277,50,0.2705,0.1152
2642,119,277,51,0.2705,0.1175
2643,119,278,52,0.2715,0.1198
2644,119,277,53,0.2705,0.1221
2645,119,276,53,0.2695,0.1221
2646,119,274,55,0.2676,0.1267
2647,119,273,55,0.2666,0.1267
2648,119,271,57,0.2646,0.1313
2649,119,270,57,0.2637,0.1313
2650,119,268,59,0.2617,0.1359
2651,119,267,59,0.2607,0.1359
2652,119,265,61,0.2588,0.1406
2653,119,264,61,0.2578,0.1406
2654,119,262,63,0.2559,0.1452
2655,119,261,63,0.2549,0.1452
2656,119,260,64,0.2539,0.1475
2657,119,259,64,0.2529,0.1475
2658,119,258,65,0.252,0.1498
2659,119,257,65,0.251,0.1498
2660,119,255,67,0.249,0.1544
2661,119,254,67,0.248,0.1544
2662,119,253,68,0.2471,0.1567
2663,119,252,68,0.2461,0.1567
2664,119,250,70,0.2441,0.1613
2665,119,249,70,0.2432,0.1613
2666,119,248,71,0.2422,0.1636
2667,119,247,71,0.2412,0.1636
2668,119,245,73,0.2393,0.1682
2669,119,244,73,0.2383,0.1682
2670,119,243,74,0.2373,0.1705
2671,119,242,74,0.2363,0.1705
2672,119,240,76,0.2344,0.1751
2673,119,239,76,0.2334,0.1751
2674,119,237,78,0.2314,0.1797
2675,119,236,78,0.2305,0.1797
2676,119,235,79,0.2295,0.182
2677,119,234,79,0.2285,0.182
2678,119,232,81,0.2266,0.1866
2679,119,231,81,0.2256,0.1866
2680,119,230,82,0.2246,0.1889
2681,119,229,82,0.2236,0.1889
2682,119,227,84,0.2217,0.1935
2683,119,226,84,0.2207,0.1935
2684,119,224,86,0.2188,0.1982
2685,119,223,86,0.2178,0.1982
2686,119,222,87,0.2168,0.2005
2687,119,221,87,0.2158,0.2005
2688,119,219,89,0.2139,0.2051
2689,119,218,89,0.2129,0.2051
2690,119,216,91,0.2109,0.2097
2691,119,215,91,0.21,0.2097
2692,119,214,92,0.209,0.212
2693,119,213,92,0.208,0.212
2694,119,211,94,0.2061,0.2166
2695,119,210,94,0.2051,0.2166
2696,119,208,96,0.2031,0.2212
2697,119,207,96,0.2021,0.2212
2698,119,206,97,0.2012,0.2235
2699,119,205,97,0.2002,0.2235
2700,119,204,98,0.1992,0.2258
2701,119,203,98,0.1982,0.2258
2702,119,201,100,0.1963,0.2304
2703,119,200,100,0.1953,0.2304
2704,119,199,101,0.1943,0.2327
2705,119,198,101,0.1934,0.2327
2706,119,196,103,0.1914,0.2373
2707,119,195,103,0.1904,0.2373
2708,119,194,104,0.1895,0.2396
2709,119,193,104,0.1885,0.2396
2710,119,191,106,0.1865,0.2442
2711,119,190,106,0.1855,0.2442
2712,119,188,108,0.1836,0.2488
2713,119,187,108,0.1826,0.2488
2714,119,186,109,0.1816,0.2512
2715,119,185,109,0.1807,0.2512
2716,119,183,111,0.1787,0.2558
2717,119,182,111,0.1777,0.2558
2718,119,181,112,0.1768,0.2581
2719,119,180,112,0.1758,0.2581
2720,119,178,114,0.1738,0.2627
2721,119,177,114,0.1729,0.2627
2722,119,175,116,0.1709,0.2673
2723,119,174,116,0.1699,0.2673
2724,119,173,117,0.1689,0.2696
2725,119,172,117,0.168,0.2696
2726,119,170,119,0.166,0.2742
2727,119,169,119,0.165,0.2742
2728,119,167,121,0.1631,0.2788
2729,119,166,121,0.1621,0.2788
2730,119,164,123,0.1602,0.2834
2731,119,163,123,0.1592,0.2834
2732,119,162,124,0.1582,0.2857
2733,119,161,124,0.1572,0.2857
2734,119,159,126,0.1553,0.2903
2735,119,158,126,0.1543,0.2903
2736,119,157,127,0.1533,0.2926
2737,119,156,127,0.1523,0.2926
2738,119,154,129,0.1504,0.2972
2739,119,153,129,0.1494,0.2972
2740,119,152,130,0.1484,0.2995
2741,119,151,130,0.1475,0.2995
2742,119,149,132,0.1455,0.3041
2743,119,148,132,0.1445,0.3041
2744,119,147,133,0.1436,0.3065
2745,119,146,133,0.1426,0.3065
2746,119,144,135,0.1406,0.3111
2747,119,143,135,0.1396,0.3111
2748,119,142,136,0.1387,0.3134
2749,119,141,136,0.1377,0.3134
2750,119,139,138,0.1357,0.318
2751,119,138,138,0.1348,0.318
2752,119,136,140,0.1328,0.3226
2753,119,136,205,0.1328,0.4724
2754,119,140,205,0.1367,0.4724
2755,119,140,142,0.1367,0.3272
2756,119,141,141,0.1377,0.3249
2757,119,142,141,0.1387,0.3249
2758,119,144,139,0.1406,0.3203
2759,119,145,139,0.1416,0.3203
2760,119,146,138,0.1426,0.318
2761,119,147,138,0.1436,0.318
2762,119,149,136,0.1455,0.3134
2763,119,150,136,0.1465,0.3134
2764,119,151,135,0.1475,0.3111
2765,119,152,135,0.1484,0.3111
2766,119,154,133,0.1504,0.3065
2767,119,155,133,0.1514,0.3065
2768,119,157,131,0.1533,0.3018
2769,119,158,131,0.1543,0.3018
2770,119,159,130,0.1553,0.2995
2771,119,160,130,0.1562,0.2995
2772,119,162,128,0.1582,0.2949
2773,119,163,128,0.1592,0.2949
2774,119,165,126,0.1611,0.2903
2775,119,166,126,0.1621,0.2903
2776,119,167,125,0.1631,0.288
2777,119,168,125,0.1641,0.288
2778,119,170,123,0.166,0.2834
2779,119,171,123,0.167,0.2834
2780,119,172,122,0.168,0.2811
2781,119,173,122,0.1689,0.2811
2782,119,175,120,0.1709,0.2765
2783,119,176,120,0.1719,0.2765
2784,119,177,119,0.1729,0.2742
2785,119,178,119,0.1738,0.2742
2786,119,180,117,0.1758,0.2696
2787,119,181,117,0.1768,0.2696
2788,119,182,116,0.1777,0.2673
2789,119,183,116,0.1787,0.2673
2790,119,185,114,0.1807,0.2627
2791,119,186,114,0.1816,0.2627
2792,119,187,113,0.1826,0.2604
2793,119,188,113,0.1836,0.2604
2794,119,190,111,0.1855,0.2558
2795,119,191,111,0.1865,0.2558
2796,119,192,110,0.1875,0.2535
2797,119,193,110,0.1885,0.2535
2798,119,195,108,0.1904,0.2488
2799,119,196,108,0.1914,0.2488
2800,119,198,106,0.1934,0.2442
2801,119,199,106,0.1943,0.2442
2802,119,201,104,0.1963,0.2396
2803,119,202,104,0.1973,0.2396
2804,119,204,102,0.1992,0.235
2805,119,205,102,0.2002,0.235
2806,119,206,101,0.2012,0.2327
2807,119,207,101,0.2021,0.2327
2808,119,209,99,0.2041,0.2281
2809,119,210,99,0.2051,0.2281
2810,119,211,98,0.2061,0.2258
2811,119,212,98,0.207,0.2258
2812,119,214,96,0.209,0.2212
2813,119,215,96,0.21,0.2212
2814,119,216,95,0.2109,0.2189
2815,119,217,95,0.2119,0.2189
2816,119,219,93,0.2139,0.2143
2817,119,220,93,0.2148,0.2143
2818,119,222,91,0.2168,0.2097
2819,119,223,91,0.2178,0.2097
2820,119,225,89,0.2197,0.2051
2821,119,226,89,0.2207,0.2051
2822,119,227,88,0.2217,0.2028
2823,119,228,88,0.2227,0.2028
2824,119,229,87,0.2236,0.2005
2825,119,230,87,0.2246,0.2005
2826,119,231,86,0.2256,0.1982
2827,119,232,86,0.2266,0.1982
2828,119,234,84,0.2285,0.1935
2829,119,235,84,0.2295,0.1935
2830,119,236,83,0.2305,0.1912
2831,119,237,83,0.2314,0.1912
2832,119,239,81,0.2334,0.1866
2833,119,240,81,0.2344,0.1866
2834,119,242,79,0.2363,0.182
2835,119,243,79,0.2373,0.182
2836,119,244,78,0.2383,0.1797
2837,119,245,78,0.2393,0.1797
2838,119,247,76,0.2412,0.1751
2839,119,248,76,0.2422,0.1751
2840,119,249,75,0.2432,0.1728
2841,119,250,75,0.2441,0.1728
2842,119,252,73,0.2461,0.1682
2843,119,253,73,0.2471,0.1682
2844,119,255,71,0.249,0.1636
2845,119,256,71,0.25,0.1636
2846,119,258,69,0.252,0.159
2847,119,259,69,0.2529,0.159
2848,119,260,68,0.2539,0.1567
2849,119,261,68,0.2549,0.1567
2850,119,263,66,0.2568,0.1521
2851,119,264,66,0.2578,0.1521
2852,119,265,65,0.2588,0.1498
2853,119,266,65,0.2598,0.1498
2854,119,268,63,0.2617,0.1452
2855,119,269,63,0.2627,0.1452
2856,119,271,61,0.2646,0.1406
2857,119,272,61,0.2656,0.1406
2858,119,273,60,0.2666,0.1382
2859,119,274,60,0.2676,0.1382
2860,119,275,59,0.2686,0.1359
2861,119,276,59,0.2695,0.1359
2862,119,277,58,0.2705,0.1336
2863,119,278,59,0.2715,0.1359
2864,119,277,58,0.2705,0.1336
2865,119,278,57,0.2715,0.1313
2866,119,279,57,0.2725,0.1313
2867,119,281,59,0.2744,0.1359
2868,119,282,59,0.2754,0.1359
2869,119,283,60,0.2764,0.1382
2870,119,285,60,0.2783,0.1382
2871,119,286,61,0.2793,0.1406
2872,119,285,62,0.2783,0.1429
2873,119,284,62,0.2773,0.1429
2874,119,283,63,0.2764,0.1452
2875,119,282,62,0.2754,0.1429
2876,119,283,63,0.2764,0.1452
2877,119,282,64,0.2754,0.1475
2878,119,281,64,0.2744,0.1475
2879,119,279,66,0.2725,0.1521
2880,119,278,66,0.2715,0.1521
2881,119,276,68,0.2695,0.1567
2882,119,275,68,0.2686,0.1567
2883,119,274,69,0.2676,0.159
2884,119,273,69,0.2666,0.159
2885,119,271,71,0.2646,0.1636
2886,119,270,71,0.2637,0.1636
2887,119,268,73,0.2617,0.1682
2888,119,267,73,0.2607,0.1682
2889,119,265,75,0.2588,0.1728
2890,119,264,75,0.2578,0.1728
2891,119,262,77,0.2559,0.1774
2892,119,261,77,0.2549,0.1774
2893,119,259,79,0.2529,0.182
2894,119,258,79,0.252,0.182
2895,119,256,81,0.25,0.1866
2896,119,255,81,0.249,0.1866
2897,119,253,83,0.2471,0.1912
2898,119,252,83,0.2461,0.1912
2899,119,251,84,0.2451,0.1935
2900,119,250,84,0.2441,0.1935
2901,119,248,86,0.2422,0.1982
2902,119,247,86,0.2412,0.1982
2903,119,245,88,0.2393,0.2028
2904,119,244,88,0.2383,0.2028
2905,119,242,90,0.2363,0.2074
2906,119,241,90,0.2354,0.2074
2907,119,239,92,0.2334,0.212
2908,119,238,92,0.2324,0.212
2909,119,237,93,0.2314,0.2143
2910,119,236,93,0.2305,0.2143
2911,119,234,95,0.2285,0.2189
2912,119,234,96,0.2285,0.2212
2913,119,238,100,0.2324,0.2304
2914,119,237,101,0.2314,0.2327
2915,119,238,101,0.2324,0.2327
2916,119,238,100,0.2324,0.2304
2917,119,239,99,0.2334,0.2281
2918,119,240,100,0.2344,0.2304
2919,119,242,100,0.2363,0.2304
2920,119,243,101,0.2373,0.2327
2921,119,243,100,0.2373,0.2304
2922,119,244,99,0.2383,0.2281
2923,119,245,100,0.2393,0.2304
2924,119,245,101,0.2393,0.2327
2925,119,246,102,0.2402,0.235
2926,119,246,99,0.2402,0.2281
2927,119,247,98,0.2412,0.2258
2928,119,248,99,0.2422,0.2281
2929,119,248,103,0.2422,0.2373
2930,119,250,105,0.2441,0.2419
2931,119,250,106,0.2441,0.2442
2932,119,251,107,0.2451,0.2465
2933,119,252,107,0.2461,0.2465
2934,119,253,108,0.2471,0.2488
2935,119,254,108,0.248,0.2488
2936,119,255,109,0.249,0.2512
2937,119,259,109,0.2529,0.2512
2938,119,260,108,0.2539,0.2488
2939,119,261,108,0.2549,0.2488
2940,119,262,107,0.2559,0.2465
2941,119,263,107,0.2568,0.2465
2942,119,267,111,0.2607,0.2558
2943,119,268,111,0.2617,0.2558
2944,119,272,115,0.2656,0.265
2945,119,273,115,0.2666,0.265
2946,119,277,119,0.2705,0.2742
2947,119,278,119,0.2715,0.2742
2948,119,280,121,0.2734,0.2788
2949,119,282,121,0.2754,0.2788
2950,119,282,119,0.2754,0.2742
2951,119,281,118,0.2744,0.2719
2952,119,280,118,0.2734,0.2719
2953,119,274,112,0.2676,0.2581
2954,119,273,112,0.2666,0.2581
2955,119,268,107,0.2617,0.2465
2956,119,267,107,0.2607,0.2465
2957,119,264,104,0.2578,0.2396
2958,119,264,103,0.2578,0.2373
2959,119,265,102,0.2588,0.235
2960,119,265,98,0.2588,0.2258
2961,119,264,97,0.2578,0.2235
2962,119,264,96,0.2578,0.2212
2963,119,263,95,0.2568,0.2189
2964,119,264,94,0.2578,0.2166
2965,119,265,94,0.2588,0.2166
2966,119,265,93,0.2588,0.2143
2967,119,266,92,0.2598,0.212
2968,119,265,91,0.2588,0.2097
2969,119,266,90,0.2598,0.2074
2970,119,267,90,0.2607,0.2074
2971,119,268,91,0.2617,0.2097
2972,119,270,89,0.2637,0.2051
2973,119,271,90,0.2646,0.2074
2974,119,271,91,0.2646,0.2097
2975,119,273,89,0.2666,0.2051
2976,119,274,89,0.2676,0.2051
2977,119,275,90,0.2686,0.2074
2978,119,280,90,0.2734,0.2074
2979,119,281,89,0.2744,0.2051
2980,119,282,90,0.2754,0.2074
2981,119,282,92,0.2754,0.212
2982,119,282,91,0.2754,0.2097
2983,119,283,90,0.2764,0.2074
2984,119,284,91,0.2773,0.2097
2985,119,284,92,0.2773,0.212
2986,119,285,93,0.2783,0.2143
2987,119,285,95,0.2783,0.2189
2988,119,287,97,0.2803,0.2235
2989,119,287,98,0.2803,0.2258
2990,119,288,99,0.2812,0.2281
2991,119,289,99,0.2822,0.2281
2992,119,290,100,0.2832,0.2304
2993,119,291,100,0.2842,0.2304
2994,119,292,101,0.2852,0.2327
2995,119,292,102,0.2852,0.235
2996,119,293,103,0.2861,0.2373
2997,119,292,104,0.2852,0.2396
2998,119,292,107,0.2852,0.2465
2999,119,293,108,0.2861,0.2488
3000,119,293,121,0.2861,0.2788
3001,119,295,121,0.2881,0.2788
3002,119,295,101,0.2881,0.2327
3003,119,296,100,0.2891,0.2304
3004,119,297,100,0.29,0.2304
3005,119,298,99,0.291,0.2281
3006,119,299,99,0.292,0.2281
3007,119,300,98,0.293,0.2258
3008,119,301,99,0.2939,0.2281
3009,119,302,98,0.2949,0.2258
3010,119,301,97,0.2939,0.2235
3011,119,301,96,0.2939,0.2212
3012,119,302,95,0.2949,0.2189
3013,119,302,94,0.2949,0.2166
3014,119,303,93,0.2959,0.2143
3015,119,303,89,0.2959,0.2051
3016,119,304,88,0.2969,0.2028
3017,119,305,89,0.2979,0.2051
3018,119,305,94,0.2979,0.2166
3019,119,304,95,0.2969,0.2189
3020,119,305,94,0.2979,0.2166
3021,119,306,94,0.2988,0.2166
3022,119,307,95,0.2998,0.2189
3023,119,308,95,0.3008,0.2189
3024,119,309,94,0.3018,0.2166
3025,119,310,94,0.3027,0.2166
3026,119,311,93,0.3037,0.2143
3027,119,312,94,0.3047,0.2166
3028,119,313,93,0.3057,0.2143
3029,119,315,93,0.3076,0.2143
3030,119,316,94,0.3086,0.2166
3031,119,319,94,0.3115,0.2166
3032,119,320,95,0.3125,0.2189
3033,119,319,96,0.3115,0.2212
3034,119,321,94,0.3135,0.2166
3035,119,322,95,0.3145,0.2189
3036,119,323,95,0.3154,0.2189
3037,119,324,96,0.3164,0.2212
3038,119,323,97,0.3154,0.2235
3039,119,322,97,0.3145,0.2235
3040,119,317,102,0.3096,0.235
3041,119,317,108,0.3096,0.2488
3042,119,318,109,0.3105,0.2512
3043,119,318,110,0.3105,0.2535
3044,119,319,111,0.3115,0.2558
3045,119,317,113,0.3096,0.2604
3046,119,316,113,0.3086,0.2604
3047,119,306,123,0.2988,0.2834
3048,119,305,123,0.2979,0.2834
3049,119,305,124,0.2979,0.2857
3050,119,306,125,0.2988,0.288
3051,119,308,125,0.3008,0.288
3052,119,314,119,0.3066,0.2742
3053,119,315,119,0.3076,0.2742
3054,119,321,113,0.3135,0.2604
3055,119,322,114,0.3145,0.2627
3056,119,323,114,0.3154,0.2627
3057,119,324,115,0.3164,0.265
3058,119,329,115,0.3213,0.265
3059,119,330,114,0.3223,0.2627
3060,119,332,114,0.3242,0.2627
3061,119,335,111,0.3271,0.2558
3062,119,335,110,0.3271,0.2535
3063,119,336,109,0.3281,0.2512
3064,119,336,108,0.3281,0.2488
3065,119,337,107,0.3291,0.2465
3066,119,338,108,0.3301,0.2488
3067,119,338,110,0.3301,0.2535
3068,119,337,111,0.3291,0.2558
3069,119,338,112,0.3301,0.2581
3070,119,338,113,0.3301,0.2604
3071,119,338,112,0.3301,0.2581
3072,119,337,111,0.3291,0.2558
3073,119,338,110,0.3301,0.2535
3074,119,338,109,0.3301,0.2512
3075,119,339,108,0.3311,0.2488
3076,119,339,107,0.3311,0.2465
3077,119,340,106,0.332,0.2442
3078,119,341,107,0.333,0.2465
3079,119,341,117,0.333,0.2696
3080,119,342,118,0.334,0.2719
3081,119,340,120,0.332,0.2765
3082,119,339,120,0.3311,0.2765
3083,119,338,121,0.3301,0.2788
3084,119,337,121,0.3291,0.2788
3085,119,336,122,0.3281,0.2811
3086,119,336,123,0.3281,0.2834
3087,119,335,124,0.3271,0.2857
3088,119,335,127,0.3271,0.2926
3089,119,336,128,0.3281,0.2949
3090,119,336,130,0.3281,0.2995
3091,119,332,134,0.3242,0.3088
3092,119,331,134,0.3232,0.3088
3093,119,327,138,0.3193,0.318
3094,119,326,138,0.3184,0.318
3095,119,323,141,0.3154,0.3249
3096,119,322,141,0.3145,0.3249
3097,119,320,143,0.3125,0.3295
3098,119,320,160,0.3125,0.3687
3099,119,322,160,0.3145,0.3687
3100,119,322,146,0.3145,0.3364
3101,119,328,140,0.3203,0.3226
3102,119,329,140,0.3213,0.3226
3103,119,332,137,0.3242,0.3157
3104,119,333,137,0.3252,0.3157
3105,119,336,134,0.3281,0.3088
3106,119,337,134,0.3291,0.3088
3107,119,338,133,0.3301,0.3065
3108,119,339,133,0.3311,0.3065
3109,119,340,134,0.332,0.3088
3110,119,346,134,0.3379,0.3088
3111,119,347,133,0.3389,0.3065
3112,119,348,133,0.3398,0.3065
3113,119,351,130,0.3428,0.2995
3114,119,351,124,0.3428,0.2857
3115,119,350,123,0.3418,0.2834
3116,119,350,122,0.3418,0.2811
3117,119,349,121,0.3408,0.2788
3118,119,348,121,0.3398,0.2788
3119,119,347,120,0.3389,0.2765
3120,119,346,120,0.3379,0.2765
3121,119,344,118,0.3359,0.2719
3122,119,344,108,0.3359,0.2488
3123,119,345,107,0.3369,0.2465
3124,119,346,108,0.3379,0.2488
3125,119,346,112,0.3379,0.2581
3126,119,347,113,0.3389,0.2604
3127,119,347,115,0.3389,0.265
3128,119,347,114,0.3389,0.2627
3129,119,348,113,0.3398,0.2604
3130,119,350,115,0.3418,0.265
3131,119,349,116,0.3408,0.2673
3132,119,350,116,0.3418,0.2673
3133,119,351,117,0.3428,0.2696
3134,119,357,117,0.3486,0.2696
3135,119,359,119,0.3506,0.2742
3136,119,358,120,0.3496,0.2765
3137,119,359,119,0.3506,0.2742
3138,119,360,119,0.3516,0.2742
3139,119,363,122,0.3545,0.2811
3140,119,364,122,0.3555,0.2811
3141,119,365,123,0.3564,0.2834
3142,119,364,124,0.3555,0.2857
3143,119,363,124,0.3545,0.2857
3144,119,361,126,0.3525,0.2903
3145,119,360,126,0.3516,0.2903
3146,119,357,129,0.3486,0.2972
3147,119,358,130,0.3496,0.2995
3148,119,360,130,0.3516,0.2995
3149,119,361,129,0.3525,0.2972
3150,119,362,129,0.3535,0.2972
3151,119,365,126,0.3564,0.2903
3152,119,366,126,0.3574,0.2903
3153,119,367,125,0.3584,0.288
3154,119,368,125,0.3594,0.288
3155,119,369,126,0.3604,0.2903
3156,119,371,126,0.3623,0.2903
3157,119,373,124,0.3643,0.2857
3158,119,374,124,0.3652,0.2857
3159,119,375,125,0.3662,0.288
3160,119,372,128,0.3633,0.2949
3161,119,371,128,0.3623,0.2949
3162,119,370,129,0.3613,0.2972
3163,119,368,129,0.3594,0.2972
3164,119,367,130,0.3584,0.2995
3165,119,366,130,0.3574,0.2995
3166,119,368,132,0.3594,0.3041
3167,119,372,132,0.3633,0.3041
3168,119,373,131,0.3643,0.3018
3169,119,374,131,0.3652,0.3018
3170,119,376,129,0.3672,0.2972
3171,119,377,129,0.3682,0.2972
3172,119,378,128,0.3691,0.2949
3173,119,379,128,0.3701,0.2949
3174,119,380,127,0.3711,0.2926
3175,119,382,129,0.373,0.2972
3176,119,383,129,0.374,0.2972
3177,119,384,128,0.375,0.2949
3178,119,385,129,0.376,0.2972
3179,119,386,129,0.377,0.2972
3180,119,387,130,0.3779,0.2995
3181,119,388,130,0.3789,0.2995
3182,119,389,131,0.3799,0.3018
3183,119,390,131,0.3809,0.3018
3184,119,392,133,0.3828,0.3065
3185,119,393,133,0.3838,0.3065
3186,119,395,135,0.3857,0.3111
3187,119,396,135,0.3867,0.3111
3188,119,398,137,0.3887,0.3157
3189,119,399,137,0.3896,0.3157
3190,119,400,138,0.3906,0.318
3191,119,401,138,0.3916,0.318
3192,119,403,140,0.3936,0.3226
3193,119,404,140,0.3945,0.3226
3194,119,406,142,0.3965,0.3272
3195,119,407,142,0.3975,0.3272
3196,119,409,144,0.3994,0.3318
3197,119,410,144,0.4004,0.3318
3198,119,411,145,0.4014,0.3341
3199,119,412,145,0.4023,0.3341
3200,119,415,148,0.4053,0.341
3201,119,415,169,0.4053,0.3894
3202,119,414,170,0.4043,0.3917
3203,119,413,170,0.4033,0.3917
3204,119,409,174,0.3994,0.4009
3205,119,409,176,0.3994,0.4055
3206,119,408,177,0.3984,0.4078
3207,119,408,180,0.3984,0.4147
3208,119,409,181,0.3994,0.4171
3209,119,409,183,0.3994,0.4217
3210,119,412,186,0.4023,0.4286
3211,119,413,186,0.4033,0.4286
3212,119,415,188,0.4053,0.4332
3213,119,415,208,0.4053,0.4793
3214,119,409,214,0.3994,0.4931
3215,119,384,214,0.375,0.4931
3216,119,383,215,0.374,0.4954
3217,119,382,214,0.373,0.4931
3218,119,357,214,0.3486,0.4931
3219,119,357,215,0.3486,0.4954
3220,119,356,216,0.3477,0.4977
3221,119,355,216,0.3467,0.4977
3222,119,344,227,0.3359,0.523
3223,119,343,226,0.335,0.5207
3224,119,343,209,0.335,0.4816
3225,119,344,208,0.3359,0.4793
3226,119,345,208,0.3369,0.4793
3227,119,347,206,0.3389,0.4747
3228,119,348,206,0.3398,0.4747
3229,119,350,204,0.3418,0.47
3230,119,351,204,0.3428,0.47
3231,119,353,202,0.3447,0.4654
3232,119,354,202,0.3457,0.4654
3233,119,356,200,0.3477,0.4608
3234,119,357,200,0.3486,0.4608
3235,119,359,198,0.3506,0.4562
3236,119,360,198,0.3516,0.4562
3237,119,363,195,0.3545,0.4493
3238,119,364,195,0.3555,0.4493
3239,119,365,194,0.3564,0.447
3240,119,366,194,0.3574,0.447
3241,119,368,192,0.3594,0.4424
3242,119,369,192,0.3604,0.4424
3243,119,371,190,0.3623,0.4378
3244,119,372,190,0.3633,0.4378
3245,119,374,188,0.3652,0.4332
3246,119,375,188,0.3662,0.4332
3247,119,377,186,0.3682,0.4286
3248,119,378,186,0.3691,0.4286
3249,119,379,185,0.3701,0.4263
3250,119,379,178,0.3701,0.4101
3251,119,380,177,0.3711,0.4078
3252,119,395,177,0.3857,0.4078
3253,119,396,176,0.3867,0.4055
3254,119,395,175,0.3857,0.4032
3255,119,395,174,0.3857,0.4009
3256,119,379,174,0.3701,0.4009
3257,119,378,175,0.3691,0.4032
3258,119,377,175,0.3682,0.4032
3259,119,376,176,0.3672,0.4055
3260,119,376,184,0.3672,0.424
3261,119,375,185,0.3662,0.4263
3262,119,374,185,0.3652,0.4263
3263,119,373,186,0.3643,0.4286
3264,119,371,186,0.3623,0.4286
3265,119,370,185,0.3613,0.4263
3266,119,354,185,0.3457,0.4263
3267,119,353,184,0.3447,0.424
3268,119,352,184,0.3438,0.424
3269,119,351,183,0.3428,0.4217
3270,119,348,183,0.3398,0.4217
3271,119,347,184,0.3389,0.424
3272,119,347,185,0.3389,0.4263
3273,119,350,185,0.3418,0.4263
3274,119,351,184,0.3428,0.424
3275,119,352,184,0.3438,0.424
3276,119,353,185,0.3447,0.4263
3277,119,353,187,0.3447,0.4309
3278,119,352,188,0.3438,0.4332
3279,119,351,188,0.3428,0.4332
3280,119,350,189,0.3418,0.4355
3281,119,345,189,0.3369,0.4355
3282,119,344,188,0.3359,0.4332
3283,119,343,188,0.335,0.4332
3284,119,342,189,0.334,0.4355
3285,119,353,189,0.3447,0.4355
3286,119,353,188,0.3447,0.4332
3287,119,355,186,0.3467,0.4286
3288,119,370,186,0.3613,0.4286
3289,119,371,187,0.3623,0.4309
3290,119,369,189,0.3604,0.4355
3291,119,368,189,0.3594,0.4355
3292,119,366,191,0.3574,0.4401
3293,119,365,191,0.3564,0.4401
3294,119,364,192,0.3555,0.4424
3295,119,363,192,0.3545,0.4424
3296,119,361,194,0.3525,0.447
3297,119,360,194,0.3516,0.447
3298,119,357,197,0.3486,0.4539
3299,119,356,197,0.3477,0.4539
3300,119,355,198,0.3467,0.4562
3301,119,354,198,0.3457,0.4562
3302,119,352,200,0.3438,0.4608
3303,119,351,200,0.3428,0.4608
3304,119,349,202,0.3408,0.4654
3305,119,348,202,0.3398,0.4654
3306,119,346,204,0.3379,0.47
3307,119,345,204,0.3369,0.47
3308,119,343,206,0.335,0.4747
3309,119,342,206,0.334,0.4747
3310,119,340,208,0.332,0.4793
3311,119,340,232,0.332,0.5346
3312,119,341,233,0.333,0.5369
3313,119,349,225,0.3408,0.5184
3314,119,350,225,0.3418,0.5184
3315,119,359,216,0.3506,0.4977
3316,119,410,216,0.4004,0.4977
3317,119,415,211,0.4053,0.4862
3318,119,416,211,0.4062,0.4862
3319,119,417,210,0.4072,0.4839
3320,119,417,189,0.4072,0.4355
3321,119,416,188,0.4062,0.4332
3322,119,417,187,0.4072,0.4309
3323,119,420,187,0.4102,0.4309
3324,119,421,186,0.4111,0.4286
3325,119,426,191,0.416,0.4401
3326,119,426,192,0.416,0.4424
3327,119,432,198,0.4219,0.4562
3328,119,432,199,0.4219,0.4585
3329,119,438,205,0.4277,0.4724
3330,119,438,206,0.4277,0.4747
3331,119,443,211,0.4326,0.4862
3332,119,444,210,0.4336,0.4839
3333,119,444,207,0.4336,0.477
3334,119,442,205,0.4316,0.4724
3335,119,443,204,0.4326,0.47
3336,119,443,176,0.4326,0.4055
3337,119,444,175,0.4336,0.4032
3338,119,443,174,0.4326,0.4009
3339,119,443,173,0.4326,0.3986
3340,119,444,172,0.4336,0.3963
3341,119,444,168,0.4336,0.3871
3342,119,443,167,0.4326,0.3848
3343,119,443,161,0.4326,0.371
3344,119,444,160,0.4336,0.3687
3345,119,443,159,0.4326,0.3664
3346,119,444,158,0.4336,0.3641
3347,119,444,147,0.4336,0.3387
3348,119,443,146,0.4326,0.3364
3349,119,442,146,0.4316,0.3364
3350,119,440,144,0.4297,0.3318
3351,119,439,144,0.4287,0.3318
3352,119,437,142,0.4268,0.3272
3353,119,436,142,0.4258,0.3272
3354,119,434,140,0.4238,0.3226
3355,119,433,140,0.4229,0.3226
3356,119,432,139,0.4219,0.3203
3357,119,431,139,0.4209,0.3203
3358,119,430,138,0.4199,0.318
3359,119,429,138,0.4189,0.318
3360,119,426,135,0.416,0.3111
3361,119,425,135,0.415,0.3111
3362,119,424,134,0.4141,0.3088
3363,119,423,134,0.4131,0.3088
3364,119,422,133,0.4121,0.3065
3365,119,421,133,0.4111,0.3065
3366,119,420,132,0.4102,0.3041
3367,119,419,132,0.4092,0.3041
3368,119,417,130,0.4072,0.2995
3369,119,416,130,0.4062,0.2995
3370,119,415,129,0.4053,0.2972
3371,119,414,129,0.4043,0.2972
3372,119,412,127,0.4023,0.2926
3373,119,411,127,0.4014,0.2926
3374,119,409,125,0.3994,0.288
3375,119,408,125,0.3984,0.288
3376,119,407,124,0.3975,0.2857
3377,119,406,124,0.3965,0.2857
3378,119,405,123,0.3955,0.2834
3379,119,404,123,0.3945,0.2834
3380,119,402,121,0.3926,0.2788
3381,119,401,121,0.3916,0.2788
3382,119,399,119,0.3896,0.2742
3383,119,398,119,0.3887,0.2742
3384,119,396,117,0.3867,0.2696
3385,119,395,117,0.3857,0.2696
3386,119,394,116,0.3848,0.2673
3387,119,393,116,0.3838,0.2673
3388,119,391,114,0.3818,0.2627
3389,119,390,114,0.3809,0.2627
3390,119,389,113,0.3799,0.2604
3391,119,388,113,0.3789,0.2604
3392,119,386,111,0.377,0.2558
3393,119,385,111,0.376,0.2558
3394,119,384,110,0.375,0.2535
3395,119,383,110,0.374,0.2535
3396,119,381,108,0.3721,0.2488
3397,119,380,108,0.3711,0.2488
3398,119,378,106,0.3691,0.2442
3399,119,377,106,0.3682,0.2442
3400,119,376,105,0.3672,0.2419
3401,119,375,105,0.3662,0.2419
3402,119,374,104,0.3652,0.2396
3403,119,373,104,0.3643,0.2396
3404,119,372,103,0.3633,0.2373
3405,119,371,103,0.3623,0.2373
3406,119,369,101,0.3604,0.2327
3407,119,368,101,0.3594,0.2327
3408,119,366,99,0.3574,0.2281
3409,119,365,99,0.3564,0.2281
3410,119,363,97,0.3545,0.2235
3411,119,362,97,0.3535,0.2235
3412,119,360,95,0.3516,0.2189
3413,119,359,95,0.3506,0.2189
3414,119,358,94,0.3496,0.2166
3415,119,357,94,0.3486,0.2166
3416,119,355,92,0.3467,0.212
3417,119,354,92,0.3457,0.212
3418,119,352,90,0.3438,0.2074
3419,119,351,90,0.3428,0.2074
3420,119,349,88,0.3408,0.2028
3421,119,348,88,0.3398,0.2028
3422,119,346,86,0.3379,0.1982
3423,119,345,86,0.3369,0.1982
3424,119,344,85,0.3359,0.1959
3425,119,343,85,0.335,0.1959
3426,119,341,83,0.333,0.1912
3427,119,340,83,0.332,0.1912
3428,119,339,82,0.3311,0.1889
3429,119,338,82,0.3301,0.1889
3430,119,336,80,0.3281,0.1843
3431,119,335,80,0.3271,0.1843
3432,119,333,78,0.3252,0.1797
3433,119,332,78,0.3242,0.1797
3434,119,331,77,0.3232,0.1774
3435,119,330,77,0.3223,0.1774
3436,119,329,76,0.3213,0.1751
3437,119,328,76,0.3203,0.1751
3438,119,325,73,0.3174,0.1682
3439,119,324,73,0.3164,0.1682
3440,119,322,71,0.3145,0.1636
3441,119,321,71,0.3135,0.1636
3442,119,320,70,0.3125,0.1613
3443,119,319,70,0.3115,0.1613
3444,119,317,68,0.3096,0.1567
3445,119,316,68,0.3086,0.1567
3446,119,315,67,0.3076,0.1544
3447,119,314,67,0.3066,0.1544
3448,119,312,65,0.3047,0.1498
3449,119,311,65,0.3037,0.1498
3450,119,310,64,0.3027,0.1475
3451,119,309,64,0.3018,0.1475
3452,119,307,62,0.2998,0.1429
3453,119,306,62,0.2988,0.1429
3454,119,305,61,0.2979,0.1406
3455,119,304,61,0.2969,0.1406
3456,119,302,59,0.2949,0.1359
3457,119,303,58,0.2959,0.1336
3458,119,304,58,0.2969,0.1336
3459,119,305,59,0.2979,0.1359
3460,119,306,59,0.2988,0.1359
3461,119,307,60,0.2998,0.1382
3462,119,309,58,0.3018,0.1336
3463,119,311,58,0.3037,0.1336
3464,119,314,61,0.3066,0.1406
3465,119,313,60,0.3057,0.1382
3466,119,313,59,0.3057,0.1359
3467,119,314,58,0.3066,0.1336
3468,119,315,59,0.3076,0.1359
3469,119,316,59,0.3086,0.1359
3470,119,317,60,0.3096,0.1382
3471,119,318,60,0.3105,0.1382
3472,119,319,61,0.3115,0.1406
3473,119,318,62,0.3105,0.1429
3474,119,319,63,0.3115,0.1452
3475,119,320,63,0.3125,0.1452
3476,119,321,62,0.3135,0.1429
3477,119,322,63,0.3145,0.1452
3478,119,323,63,0.3154,0.1452
3479,119,324,64,0.3164,0.1475
3480,119,323,65,0.3154,0.1498
3481,119,324,64,0.3164,0.1475
3482,119,325,65,0.3174,0.1498
3483,119,326,65,0.3184,0.1498
3484,119,327,66,0.3193,0.1521
3485,119,328,66,0.3203,0.1521
3486,119,330,68,0.3223,0.1567
3487,119,331,68,0.3232,0.1567
3488,119,333,70,0.3252,0.1613
3489,119,334,70,0.3262,0.1613
3490,119,335,71,0.3271,0.1636
3491,119,336,71,0.3281,0.1636
3492,119,338,73,0.3301,0.1682
3493,119,339,73,0.3311,0.1682
3494,119,341,75,0.333,0.1728
3495,119,342,75,0.334,0.1728
3496,119,343,76,0.335,0.1751
3497,119,344,76,0.3359,0.1751
3498,119,346,78,0.3379,0.1797
3499,119,347,78,0.3389,0.1797
3500,119,349,80,0.3408,0.1843
3501,119,350,80,0.3418,0.1843
3502,119,351,81,0.3428,0.1866
3503,119,352,81,0.3438,0.1866
3504,119,354,83,0.3457,0.1912
3505,119,355,83,0.3467,0.1912
3506,119,356,84,0.3477,0.1935
3507,119,357,84,0.3486,0.1935
3508,119,358,85,0.3496,0.1959
3509,119,359,85,0.3506,0.1959
3510,119,361,87,0.3525,0.2005
3511,119,362,87,0.3535,0.2005
3512,119,363,88,0.3545,0.2028
3513,119,364,88,0.3555,0.2028
3514,119,366,90,0.3574,0.2074
3515,119,367,90,0.3584,0.2074
3516,119,368,91,0.3594,0.2097
3517,119,369,91,0.3604,0.2097
3518,119,371,93,0.3623,0.2143
3519,119,372,93,0.3633,0.2143
3520,119,374,95,0.3652,0.2189
3521,119,375,95,0.3662,0.2189
3522,119,376,96,0.3672,0.2212
3523,119,377,96,0.3682,0.2212
3524,119,379,98,0.3701,0.2258
3525,119,380,98,0.3711,0.2258
3526,119,382,100,0.373,0.2304
3527,119,383,100,0.374,0.2304
3528,119,384,101,0.375,0.2327
3529,119,385,101,0.376,0.2327
3530,119,387,103,0.3779,0.2373
3531,119,388,103,0.3789,0.2373
3532,119,390,105,0.3809,0.2419
3533,119,391,105,0.3818,0.2419
3534,119,392,106,0.3828,0.2442
3535,119,393,106,0.3838,0.2442
3536,119,394,107,0.3848,0.2465
3537,119,395,107,0.3857,0.2465
3538,119,397,109,0.3877,0.2512
3539,119,398,109,0.3887,0.2512
3540,119,400,111,0.3906,0.2558
3541,119,401,111,0.3916,0.2558
3542,119,402,112,0.3926,0.2581
3543,119,403,112,0.3936,0.2581
3544,119,405,114,0.3955,0.2627
3545,119,406,114,0.3965,0.2627
3546,119,407,115,0.3975,0.265
3547,119,408,115,0.3984,0.265
3548,119,410,117,0.4004,0.2696
3549,119,411,117,0.4014,0.2696
3550,119,412,118,0.4023,0.2719
3551,119,413,118,0.4033,0.2719
3552,119,415,120,0.4053,0.2765
3553,119,416,120,0.4062,0.2765
3554,119,417,121,0.4072,0.2788
3555,119,418,121,0.4082,0.2788
3556,119,420,123,0.4102,0.2834
3557,119,421,123,0.4111,0.2834
3558,119,422,124,0.4121,0.2857
3559,119,423,124,0.4131,0.2857
3560,119,425,126,0.415,0.2903
3561,119,426,126,0.416,0.2903
3562,119,427,127,0.417,0.2926
3563,119,428,127,0.418,0.2926
3564,119,430,129,0.4199,0.2972
3565,119,431,129,0.4209,0.2972
3566,119,433,131,0.4229,0.3018
3567,119,434,131,0.4238,0.3018
3568,119,436,133,0.4258,0.3065
3569,119,437,133,0.4268,0.3065
3570,119,438,134,0.4277,0.3088
3571,119,439,134,0.4287,0.3088
3572,119,441,136,0.4307,0.3134
3573,119,442,136,0.4316,0.3134
3574,119,444,138,0.4336,0.318
3575,119,445,138,0.4346,0.318
3576,119,446,139,0.4355,0.3203
3577,119,447,139,0.4365,0.3203
3578,119,449,141,0.4385,0.3249
3579,119,450,141,0.4395,0.3249
3580,119,452,143,0.4414,0.3295
3581,119,452,221,0.4414,0.5092
3582,119,451,222,0.4404,0.5115
3583,119,450,222,0.4395,0.5115
3584,119,449,223,0.4385,0.5138
3585,119,447,223,0.4365,0.5138
3586,119,443,227,0.4326,0.523
3587,119,443,228,0.4326,0.5253
3588,119,442,229,0.4316,0.5276
3589,119,442,236,0.4316,0.5438
3590,119,443,237,0.4326,0.5461
3591,119,443,239,0.4326,0.5507
3592,119,442,240,0.4316,0.553
3593,119,441,240,0.4307,0.553
3594,119,438,243,0.4277,0.5599
3595,119,437,243,0.4268,0.5599
3596,119,434,246,0.4238,0.5668
3597,119,433,246,0.4229,0.5668
3598,119,430,249,0.4199,0.5737
3599,119,429,249,0.4189,0.5737
3600,119,426,252,0.416,0.5806
3601,119,425,252,0.415,0.5806
3602,119,423,254,0.4131,0.5853
3603,119,421,254,0.4111,0.5853
3604,119,419,252,0.4092,0.5806
3605,119,418,252,0.4082,0.5806
3606,119,417,251,0.4072,0.5783
3607,119,414,251,0.4043,0.5783
3608,119,413,252,0.4033,0.5806
3609,119,411,252,0.4014,0.5806
3610,119,410,253,0.4004,0.5829
3611,119,409,252,0.3994,0.5806
3612,119,408,252,0.3984,0.5806
3613,119,406,250,0.3965,0.576
3614,119,405,250,0.3955,0.576
3615,119,402,247,0.3926,0.5691
3616,119,401,247,0.3916,0.5691
3617,119,398,244,0.3887,0.5622
3618,119,397,244,0.3877,0.5622
3619,119,394,241,0.3848,0.5553
3620,119,393,241,0.3838,0.5553
3621,119,390,238,0.3809,0.5484
3622,119,389,238,0.3799,0.5484
3623,119,386,235,0.377,0.5415
3624,119,385,235,0.376,0.5415
3625,119,383,233,0.374,0.5369
3626,119,382,233,0.373,0.5369
3627,119,381,232,0.3721,0.5346
3628,119,380,232,0.3711,0.5346
3629,119,379,233,0.3701,0.5369
3630,119,378,233,0.3691,0.5369
3631,119,378,234,0.3691,0.5392
3632,119,379,235,0.3701,0.5415
3633,119,381,235,0.3721,0.5415
3634,119,383,237,0.374,0.5461
3635,119,384,237,0.375,0.5461
3636,119,386,239,0.377,0.5507
3637,119,387,239,0.3779,0.5507
3638,119,389,241,0.3799,0.5553
3639,119,390,241,0.3809,0.5553
3640,119,393,244,0.3838,0.5622
3641,119,394,244,0.3848,0.5622
3642,119,397,247,0.3877,0.5691
3643,119,398,247,0.3887,0.5691
3644,119,401,250,0.3916,0.576
3645,119,402,250,0.3926,0.576
3646,119,405,253,0.3955,0.5829
3647,119,406,253,0.3965,0.5829
3648,119,408,255,0.3984,0.5876
3649,119,408,256,0.3984,0.5899
3650,119,407,257,0.3975,0.5922
3651,119,407,262,0.3975,0.6037
3652,119,408,263,0.3984,0.606
3653,119,408,264,0.3984,0.6083
3654,119,411,267,0.4014,0.6152
3655,119,413,267,0.4033,0.6152
3656,119,414,268,0.4043,0.6175
3657,119,418,268,0.4082,0.6175
3658,119,419,267,0.4092,0.6152
3659,119,420,267,0.4102,0.6152
3660,119,423,264,0.4131,0.6083
3661,119,423,263,0.4131,0.606
3662,119,424,262,0.4141,0.6037
3663,119,424,258,0.4141,0.5945
3664,119,423,257,0.4131,0.5922
3665,119,424,256,0.4141,0.5899
3666,119,425,256,0.415,0.5899
3667,119,427,254,0.417,0.5853
3668,119,428,254,0.418,0.5853
3669,119,431,251,0.4209,0.5783
3670,119,432,251,0.4219,0.5783
3671,119,435,248,0.4248,0.5714
3672,119,436,248,0.4258,0.5714
3673,119,440,244,0.4297,0.5622
3674,119,441,244,0.4307,0.5622
3675,119,443,242,0.4326,0.5576
3676,119,444,242,0.4336,0.5576
3677,119,445,241,0.4346,0.5553
3678,119,447,241,0.4365,0.5553
3679,119,448,242,0.4375,0.5576
3680,119,449,242,0.4385,0.5576
3681,119,450,243,0.4395,0.5599
3682,119,456,243,0.4453,0.5599
3683,119,457,242,0.4463,0.5576
3684,119,458,242,0.4473,0.5576
3685,119,459,241,0.4482,0.5553
3686,119,460,241,0.4492,0.5553
3687,119,461,240,0.4502,0.553
3688,119,461,239,0.4502,0.5507
3689,119,463,237,0.4521,0.5461
3690,119,463,235,0.4521,0.5415
3691,119,464,234,0.4531,0.5392
3692,119,464,230,0.4531,0.53
3693,119,463,229,0.4521,0.5276
3694,119,463,228,0.4521,0.5253
3695,119,462,227,0.4512,0.523
3696,119,462,226,0.4512,0.5207
3697,119,460,224,0.4492,0.5161
3698,119,459,224,0.4482,0.5161
3699,119,458,223,0.4473,0.5138
3700,119,457,223,0.4463,0.5138
3701,119,456,222,0.4453,0.5115
3702,119,456,140,0.4453,0.3226
3703,119,455,139,0.4443,0.3203
3704,119,454,139,0.4434,0.3203
3705,119,452,137,0.4414,0.3157
3706,119,451,137,0.4404,0.3157
3707,119,450,136,0.4395,0.3134
3708,119,449,136,0.4385,0.3134
3709,119,447,134,0.4365,0.3088
3710,119,446,134,0.4355,0.3088
3711,119,445,133,0.4346,0.3065
3712,119,444,133,0.4336,0.3065
3713,119,442,131,0.4316,0.3018
3714,119,441,131,0.4307,0.3018
3715,119,440,130,0.4297,0.2995
3716,119,439,130,0.4287,0.2995
3717,119,437,128,0.4268,0.2949
3718,119,436,128,0.4258,0.2949
3719,119,435,127,0.4248,0.2926
3720,119,434,127,0.4238,0.2926
3721,119,432,125,0.4219,0.288
3722,119,431,125,0.4209,0.288
3723,119,430,124,0.4199,0.2857
3724,119,429,124,0.4189,0.2857
3725,119,427,122,0.417,0.2811
3726,119,426,122,0.416,0.2811
3727,119,425,121,0.415,0.2788
3728,119,424,121,0.4141,0.2788
3729,119,422,119,0.4121,0.2742
3730,119,421,119,0.4111,0.2742
3731,119,419,117,0.4092,0.2696
3732,119,418,117,0.4082,0.2696
3733,119,416,115,0.4062,0.265
3734,119,415,115,0.4053,0.265
3735,119,414,114,0.4043,0.2627
3736,119,413,114,0.4033,0.2627
3737,119,411,112,0.4014,0.2581
3738,119,410,112,0.4004,0.2581
3739,119,408,110,0.3984,0.2535
3740,119,407,110,0.3975,0.2535
3741,119,406,109,0.3965,0.2512
3742,119,405,109,0.3955,0.2512
3743,119,403,107,0.3936,0.2465
3744,119,402,107,0.3926,0.2465
3745,119,401,106,0.3916,0.2442
3746,119,400,106,0.3906,0.2442
3747,119,399,105,0.3896,0.2419
3748,119,398,105,0.3887,0.2419
3749,119,396,103,0.3867,0.2373
3750,119,395,103,0.3857,0.2373
3751,119,393,101,0.3838,0.2327
3752,119,392,101,0.3828,0.2327
3753,119,391,100,0.3818,0.2304
3754,119,390,100,0.3809,0.2304
3755,119,388,98,0.3789,0.2258
3756,119,387,98,0.3779,0.2258
3757,119,385,96,0.376,0.2212
3758,119,384,96,0.375,0.2212
3759,119,383,95,0.374,0.2189
3760,119,382,95,0.373,0.2189
3761,119,380,93,0.3711,0.2143
3762,119,379,93,0.3701,0.2143
3763,119,378,92,0.3691,0.212
3764,119,377,92,0.3682,0.212
3765,119,375,90,0.3662,0.2074
3766,119,374,90,0.3652,0.2074
3767,119,373,89,0.3643,0.2051
3768,119,372,89,0.3633,0.2051
3769,119,370,87,0.3613,0.2005
3770,119,369,87,0.3604,0.2005
3771,119,368,86,0.3594,0.1982
3772,119,367,86,0.3584,0.1982
3773,119,365,84,0.3564,0.1935
3774,119,364,84,0.3555,0.1935
3775,119,363,83,0.3545,0.1912
3776,119,362,83,0.3535,0.1912
3777,119,360,81,0.3516,0.1866
3778,119,359,81,0.3506,0.1866
3779,119,357,79,0.3486,0.182
3780,119,356,79,0.3477,0.182
3781,119,354,77,0.3457,0.1774
3782,119,353,77,0.3447,0.1774
3783,119,352,76,0.3438,0.1751
3784,119,351,76,0.3428,0.1751
3785,119,349,74,0.3408,0.1705
3786,119,348,74,0.3398,0.1705
3787,119,347,73,0.3389,0.1682
3788,119,346,73,0.3379,0.1682
3789,119,344,71,0.3359,0.1636
3790,119,343,71,0.335,0.1636
3791,119,342,70,0.334,0.1613
3792,119,341,70,0.333,0.1613
3793,119,339,68,0.3311,0.1567
3794,119,338,68,0.3301,0.1567
3795,119,337,67,0.3291,0.1544
3796,119,336,67,0.3281,0.1544
3797,119,334,65,0.3262,0.1498
3798,119,333,65,0.3252,0.1498
3799,119,332,64,0.3242,0.1475
3800,119,331,64,0.3232,0.1475
3801,119,329,62,0.3213,0.1429
3802,119,328,62,0.3203,0.1429
3803,119,326,60,0.3184,0.1382
3804,119,325,60,0.3174,0.1382
3805,119,324,59,0.3164,0.1359
3806,119,325,58,0.3174,0.1336
3807,119,324,59,0.3164,0.1359
3808,119,323,59,0.3154,0.1359
3809,119,321,57,0.3135,0.1313
3810,119,322,56,0.3145,0.129
3811,119,317,51,0.3096,0.1175
3812,119,317,50,0.3096,0.1152
3813,119,315,50,0.3076,0.1152
3814,119,313,48,0.3057,0.1106
3815,119,313,46,0.3057,0.106
3816,119,312,46,0.3047,0.106
3817,119,311,45,0.3037,0.1037
3818,119,311,44,0.3037,0.1014
3819,119,308,41,0.3008,0.0945
3820,119,307,41,0.2998,0.0945
3821,119,306,40,0.2988,0.0922
3822,119,306,39,0.2988,0.0899
3823,119,305,39,0.2979,0.0899
3824,119,304,38,0.2969,0.0876
3825,119,304,37,0.2969,0.0853
3826,119,303,37,0.2959,0.0853
3827,119,302,36,0.2949,0.0829
3828,119,301,36,0.2939,0.0829
3829,119,299,34,0.292,0.0783
3830,119,299,32,0.292,0.0737
3831,119,298,33,0.291,0.076
3832,119,297,33,0.29,0.076
3833,119,296,32,0.2891,0.0737
3834,119,295,32,0.2881,0.0737
